# https://github.com/mikedh/trimesh

o geometry_0
v 0.05167045 0.00960043 -0.00070905 0.54509804 0.71372549 0.60000000
v 0.06359052 0.00910801 -0.00530187 0.54509804 0.71372549 0.60000000
v 0.05167045 0.00960043 -0.00577342 0.54509804 0.71372549 0.60000000
v 0.05167045 -0.00960043 -0.00070905 0.54509804 0.71372549 0.60000000
v 0.05170766 0.00959855 0.00572384 0.54509804 0.71372549 0.60000000
v 0.06358804 0.00910801 0.00525341 0.54509804 0.71372549 0.60000000
v 0.07555525 0.00861370 0.00477961 0.54509804 0.71372549 0.60000000
v 0.07555525 0.00861370 -0.00482807 0.54509804 0.71372549 0.60000000
v 0.06359052 -0.00910801 -0.00530187 0.54509804 0.71372549 0.60000000
v 0.05167045 -0.00960043 -0.00577342 0.54509804 0.71372549 0.60000000
v 0.05170766 -0.00959855 0.00572384 0.54509804 0.71372549 0.60000000
v 0.06136280 -0.00920010 -0.00070792 0.54509804 0.71372549 0.60000000
v 0.06358804 -0.00910801 0.00525341 0.54509804 0.71372549 0.60000000
v 0.07568425 0.00860242 0.00476948 0.54509804 0.71372549 0.60000000
v 0.07562968 0.00860806 -0.00070905 0.54509804 0.71372549 0.60000000
v 0.07555525 -0.00861370 0.00477961 0.54509804 0.71372549 0.60000000
v 0.07555525 -0.00861370 -0.00482807 0.54509804 0.71372549 0.60000000
v 0.07568425 0.00860242 -0.00481795 0.54509804 0.71372549 0.60000000
v 0.07575868 0.00859115 -0.00070792 0.54509804 0.71372549 0.60000000
v 0.07568425 -0.00860242 0.00476948 0.54509804 0.71372549 0.60000000
v 0.07581325 0.00858175 0.00474922 0.54509804 0.71372549 0.60000000
v 0.07562968 -0.00860806 -0.00070905 0.54509804 0.71372549 0.60000000
v 0.07568425 -0.00860242 -0.00481795 0.54509804 0.71372549 0.60000000
v 0.07581077 0.00858175 -0.00479769 0.54509804 0.71372549 0.60000000
v 0.07574875 0.00000940 -0.00480782 0.54509804 0.71372549 0.60000000
v 0.07581325 0.00858175 -0.00070792 0.54509804 0.71372549 0.60000000
v 0.07575868 -0.00859115 -0.00070792 0.54509804 0.71372549 0.60000000
v 0.07581325 -0.00858175 0.00474922 0.54509804 0.71372549 0.60000000
v 0.07593729 0.00855168 0.00471996 0.54509804 0.71372549 0.60000000
v 0.07581077 -0.00858175 -0.00479769 0.54509804 0.71372549 0.60000000
v 0.07593729 0.00855168 -0.00476843 0.54509804 0.71372549 0.60000000
v 0.07581325 -0.00858175 -0.00070792 0.54509804 0.71372549 0.60000000
v 0.07593729 -0.00855168 0.00471996 0.54509804 0.71372549 0.60000000
v 0.07598939 0.00853476 -0.00070905 0.54509804 0.71372549 0.60000000
v 0.07599931 -0.00001692 0.00470083 0.54509804 0.71372549 0.60000000
v 0.07605885 0.00851033 0.00468057 0.54509804 0.71372549 0.60000000
v 0.07593729 -0.00855168 -0.00476843 0.54509804 0.71372549 0.60000000
v 0.07605885 0.00851033 -0.00472904 0.54509804 0.71372549 0.60000000
v 0.07598939 -0.00853476 -0.00070905 0.54509804 0.71372549 0.60000000
v 0.07605885 -0.00851033 0.00468057 0.54509804 0.71372549 0.60000000
v 0.07617792 0.00845958 0.00463218 0.54509804 0.71372549 0.60000000
v 0.07610846 0.00848965 -0.00070905 0.54509804 0.71372549 0.60000000
v 0.07605885 -0.00851033 -0.00472904 0.54509804 0.71372549 0.60000000
v 0.07617792 0.00845958 -0.00070792 0.54509804 0.71372549 0.60000000
v 0.07617544 0.00845958 -0.00468064 0.54509804 0.71372549 0.60000000
v 0.07611839 0.00002443 -0.00470540 0.54509804 0.71372549 0.60000000
v 0.07610846 -0.00848965 -0.00070905 0.54509804 0.71372549 0.60000000
v 0.07617792 -0.00845958 0.00463218 0.54509804 0.71372549 0.60000000
v 0.07623498 0.00002631 0.00460405 0.54509804 0.71372549 0.60000000
v 0.07628956 0.00839944 0.00457478 0.54509804 0.71372549 0.60000000
v 0.07628956 0.00840132 -0.00070905 0.54509804 0.71372549 0.60000000
v 0.07622506 0.00843515 -0.00070905 0.54509804 0.71372549 0.60000000
v 0.07617544 -0.00845958 -0.00468064 0.54509804 0.71372549 0.60000000
v 0.07617792 -0.00845958 -0.00070792 0.54509804 0.71372549 0.60000000
v 0.07628956 0.00840132 -0.00462437 0.54509804 0.71372549 0.60000000
v 0.07622506 -0.00843515 -0.00070905 0.54509804 0.71372549 0.60000000
v 0.07628956 -0.00840132 -0.00070905 0.54509804 0.71372549 0.60000000
v 0.07628956 -0.00839944 0.00457478 0.54509804 0.71372549 0.60000000
v 0.07639872 0.00833178 0.00450951 0.54509804 0.71372549 0.60000000
v 0.07635158 0.00836185 -0.00070905 0.54509804 0.71372549 0.60000000
v 0.07628956 -0.00840132 -0.00462437 0.54509804 0.71372549 0.60000000
v 0.07639872 0.00833178 -0.00070792 0.54509804 0.71372549 0.60000000
v 0.07639623 0.00833178 -0.00455797 0.54509804 0.71372549 0.60000000
v 0.07635158 -0.00836185 -0.00070905 0.54509804 0.71372549 0.60000000
v 0.07639872 -0.00833178 0.00450951 0.54509804 0.71372549 0.60000000
v 0.07644833 -0.00003571 0.00447350 0.54509804 0.71372549 0.60000000
v 0.07649795 0.00825472 0.00443636 0.54509804 0.71372549 0.60000000
v 0.07639623 -0.00833178 -0.00455797 0.54509804 0.71372549 0.60000000
v 0.07639872 -0.00833178 -0.00070792 0.54509804 0.71372549 0.60000000
v 0.07649795 0.00825472 -0.00070792 0.54509804 0.71372549 0.60000000
v 0.07649546 0.00825472 -0.00448482 0.54509804 0.71372549 0.60000000
v 0.07649795 -0.00825472 0.00443636 0.54509804 0.71372549 0.60000000
v 0.07667656 0.00807805 0.00426755 0.54509804 0.71372549 0.60000000
v 0.07657485 0.00817954 -0.00070792 0.54509804 0.71372549 0.60000000
v 0.07649546 -0.00825472 -0.00448482 0.54509804 0.71372549 0.60000000
v 0.07649795 -0.00825472 -0.00070792 0.54509804 0.71372549 0.60000000
v 0.07667408 0.00807805 -0.00431601 0.54509804 0.71372549 0.60000000
v 0.07667656 -0.00807805 0.00426755 0.54509804 0.71372549 0.60000000
v 0.07667656 0.00807805 -0.00070792 0.54509804 0.71372549 0.60000000
v 0.07682293 0.00787506 0.00407285 0.54509804 0.71372549 0.60000000
v 0.07667408 -0.00807805 -0.00431601 0.54509804 0.71372549 0.60000000
v 0.07667656 -0.00807805 -0.00070792 0.54509804 0.71372549 0.60000000
v 0.07682044 0.00787694 -0.00412131 0.54509804 0.71372549 0.60000000
v 0.07676339 -0.00795776 -0.00070792 0.54509804 0.71372549 0.60000000
v 0.07682293 -0.00787506 0.00407285 0.54509804 0.71372549 0.60000000
v 0.07682293 0.00787506 -0.00070792 0.54509804 0.71372549 0.60000000
v 0.07687502 0.00010901 0.00396706 0.54509804 0.71372549 0.60000000
v 0.07692712 0.00765328 0.00386014 0.54509804 0.71372549 0.60000000
v 0.07686758 0.00778109 -0.00070792 0.54509804 0.71372549 0.60000000
v 0.07682044 -0.00787694 -0.00412131 0.54509804 0.71372549 0.60000000
v 0.07692712 0.00765328 -0.00070792 0.54509804 0.71372549 0.60000000
v 0.07692464 0.00765328 -0.00390861 0.54509804 0.71372549 0.60000000
v 0.07682293 -0.00787506 -0.00070792 0.54509804 0.71372549 0.60000000
v 0.07688494 -0.00774350 -0.00070792 0.54509804 0.71372549 0.60000000
v 0.07692712 -0.00765328 0.00386014 0.54509804 0.71372549 0.60000000
v 0.07696185 0.00011465 0.00374760 0.54509804 0.71372549 0.60000000
v 0.07699410 0.00741646 0.00363394 0.54509804 0.71372549 0.60000000
v 0.07695689 0.00755367 -0.00070792 0.54509804 0.71372549 0.60000000
v 0.07692464 -0.00765328 -0.00390861 0.54509804 0.71372549 0.60000000
v 0.07692712 -0.00765328 -0.00070792 0.54509804 0.71372549 0.60000000
v 0.07699162 0.00741834 -0.00368240 0.54509804 0.71372549 0.60000000
v 0.07695937 -0.00011653 -0.00379494 0.54509804 0.71372549 0.60000000
v 0.07699410 -0.00741646 0.00363394 0.54509804 0.71372549 0.60000000
v 0.07701394 0.00717401 0.00340097 0.54509804 0.71372549 0.60000000
v 0.07699410 0.00741646 -0.00070792 0.54509804 0.71372549 0.60000000
v 0.07699162 -0.00741834 -0.00368240 0.54509804 0.71372549 0.60000000
v 0.07699410 -0.00741646 -0.00070792 0.54509804 0.71372549 0.60000000
v 0.07701394 0.00717401 -0.00070792 0.54509804 0.71372549 0.60000000
v 0.07701146 0.00717401 -0.00344831 0.54509804 0.71372549 0.60000000
v 0.07700650 -0.00726799 -0.00070792 0.54509804 0.71372549 0.60000000
v 0.07701394 -0.00717401 0.00340097 0.54509804 0.71372549 0.60000000
v 0.07701146 -0.00717401 -0.00344831 0.54509804 0.71372549 0.60000000
v 0.07701394 -0.00717401 -0.00070792 0.54509804 0.71372549 0.60000000
f 1 2 3
f 1 3 10
f 1 10 4
f 1 4 11
f 1 11 5
f 1 5 6
f 1 6 7
f 1 7 2
f 2 8 17
f 2 17 9
f 2 9 10
f 2 10 3
f 2 7 8
f 4 10 12
f 4 12 13
f 4 13 11
f 5 11 16
f 5 16 7
f 5 7 6
f 7 14 15
f 7 15 8
f 7 16 20
f 7 20 14
f 8 15 18
f 8 18 23
f 8 23 17
f 9 17 12
f 9 12 10
f 11 13 16
f 12 16 13
f 12 17 16
f 14 19 18
f 14 18 15
f 14 20 28
f 14 28 21
f 14 21 19
f 16 22 20
f 16 17 22
f 17 23 22
f 18 19 24
f 18 24 25
f 18 25 23
f 19 21 26
f 19 26 24
f 20 22 23
f 20 23 27
f 20 27 28
f 21 28 33
f 21 33 29
f 21 29 31
f 21 31 26
f 23 25 30
f 23 30 27
f 24 30 25
f 24 26 31
f 24 31 37
f 24 37 30
f 27 30 32
f 27 32 28
f 28 32 37
f 28 37 33
f 29 34 31
f 29 33 35
f 29 35 36
f 29 36 34
f 30 37 32
f 31 34 38
f 31 38 43
f 31 43 37
f 33 39 40
f 33 40 35
f 33 37 39
f 34 36 38
f 35 40 36
f 36 41 42
f 36 42 38
f 36 40 48
f 36 48 41
f 37 43 39
f 38 42 44
f 38 44 45
f 38 45 46
f 38 46 43
f 39 43 40
f 40 47 48
f 40 43 47
f 41 44 42
f 41 48 49
f 41 49 50
f 41 50 51
f 41 51 52
f 41 52 44
f 43 46 53
f 43 53 54
f 43 54 47
f 44 52 55
f 44 55 45
f 45 53 46
f 45 55 61
f 45 61 53
f 47 54 48
f 48 54 56
f 48 56 57
f 48 57 58
f 48 58 49
f 49 58 50
f 50 58 65
f 50 65 59
f 50 59 51
f 51 55 52
f 51 59 60
f 51 60 55
f 53 61 54
f 54 61 56
f 55 60 62
f 55 62 63
f 55 63 68
f 55 68 61
f 56 61 57
f 57 64 65
f 57 65 58
f 57 61 64
f 59 62 60
f 59 65 66
f 59 66 67
f 59 67 70
f 59 70 62
f 61 68 69
f 61 69 64
f 62 70 63
f 63 70 71
f 63 71 75
f 63 75 68
f 64 69 65
f 65 72 66
f 65 69 76
f 65 76 72
f 66 72 67
f 67 72 78
f 67 78 73
f 67 73 74
f 67 74 70
f 68 75 76
f 68 76 69
f 70 74 71
f 71 74 77
f 71 77 81
f 71 81 75
f 72 76 82
f 72 82 78
f 73 79 74
f 73 78 85
f 73 85 80
f 73 80 86
f 73 86 79
f 74 79 77
f 75 81 82
f 75 82 76
f 77 79 83
f 77 83 90
f 77 90 81
f 78 82 84
f 78 84 85
f 79 86 83
f 80 85 87
f 80 87 88
f 80 88 89
f 80 89 86
f 81 90 82
f 82 90 84
f 83 86 89
f 83 89 91
f 83 91 92
f 83 92 99
f 83 99 90
f 84 90 93
f 84 93 85
f 85 93 94
f 85 94 95
f 85 95 87
f 87 95 88
f 88 95 96
f 88 96 97
f 88 97 98
f 88 98 91
f 88 91 89
f 90 99 100
f 90 100 94
f 90 94 93
f 91 98 92
f 92 98 101
f 92 101 102
f 92 102 99
f 94 100 95
f 95 103 96
f 95 100 107
f 95 107 103
f 96 103 97
f 97 103 111
f 97 111 104
f 97 104 108
f 97 108 105
f 97 105 98
f 98 105 101
f 99 102 106
f 99 106 100
f 100 106 107
f 101 105 108
f 101 108 109
f 101 109 112
f 101 112 106
f 101 106 102
f 103 107 110
f 103 110 111
f 104 111 113
f 104 113 108
f 106 112 110
f 106 110 107
f 108 113 112
f 108 112 109
f 110 112 113
f 110 113 111

o geometry_1
v -0.02120427 -0.01200263 -0.00070966 0.54117647 0.42352941 0.64313725
v -0.02098303 -0.01200332 0.00573055 0.54117647 0.42352941 0.64313725
v -0.02120427 -0.01200263 0.00573055 0.54117647 0.42352941 0.64313725
v -0.02120427 -0.00550988 -0.00070966 0.54117647 0.42352941 0.64313725
v -0.00947854 -0.01200263 -0.00070966 0.54117647 0.42352941 0.64313725
v -0.02098303 -0.01200332 0.01009720 0.54117647 0.42352941 0.64313725
v -0.01187650 -0.01200332 0.00573055 0.54117647 0.42352941 0.64313725
v -0.02120427 -0.00521597 0.00573055 0.54117647 0.42352941 0.64313725
v -0.02098303 -0.01198619 0.01028332 0.54117647 0.42352941 0.64313725
v -0.02098303 -0.01198071 0.01033701 0.54117647 0.42352941 0.64313725
v -0.02098303 -0.01197934 0.01034417 0.54117647 0.42352941 0.64313725
v -0.02098303 -0.01191768 0.01056250 0.54117647 0.42352941 0.64313725
v -0.02098303 -0.01191220 0.01057562 0.54117647 0.42352941 0.64313725
v -0.02098303 -0.01183958 0.01072595 0.54117647 0.42352941 0.64313725
v -0.02098303 -0.01181286 0.01078083 0.54117647 0.42352941 0.64313725
v -0.02098303 -0.01180464 0.01079276 0.54117647 0.42352941 0.64313725
v -0.02098303 -0.01177792 0.01083094 0.54117647 0.42352941 0.64313725
v -0.02098303 -0.01167036 0.01097888 0.54117647 0.42352941 0.64313725
v -0.02098303 -0.01166008 0.01098962 0.54117647 0.42352941 0.64313725
v -0.02098303 -0.01152717 0.01111728 0.54117647 0.42352941 0.64313725
v -0.02098303 -0.01149292 0.01114949 0.54117647 0.42352941 0.64313725
v -0.02098303 -0.01148127 0.01115904 0.54117647 0.42352941 0.64313725
v -0.02098303 -0.01132849 0.01126164 0.54117647 0.42352941 0.64313725
v -0.02098303 -0.01127574 0.01129624 0.54117647 0.42352941 0.64313725
v -0.02098303 -0.01110515 0.01137260 0.54117647 0.42352941 0.64313725
v -0.02098303 -0.01105445 0.01139407 0.54117647 0.42352941 0.64313725
v -0.02098303 -0.01081192 0.01145730 0.54117647 0.42352941 0.64313725
v -0.02098303 -0.01074272 0.01146327 0.54117647 0.42352941 0.64313725
v -0.02098303 -0.01056186 0.01147878 0.54117647 0.42352941 0.64313725
v -0.02120427 -0.00548111 -0.00008329 0.54117647 0.42352941 0.64313725
v -0.00224184 -0.00520295 -0.00070966 0.54117647 0.42352941 0.64313725
v 0.05008503 -0.01200195 -0.00070966 0.54117647 0.42352941 0.64313725
v -0.01187650 -0.01200332 0.01009720 0.54117647 0.42352941 0.64313725
v 0.02544173 -0.01199784 0.01015805 0.54117647 0.42352941 0.64313725
v -0.01149825 -0.01199510 0.01018787 0.54117647 0.42352941 0.64313725
v -0.01187650 -0.01198140 0.01033701 0.54117647 0.42352941 0.64313725
v -0.02098303 -0.00645875 0.01147878 0.54117647 0.42352941 0.64313725
v -0.02098303 -0.00622719 0.01145969 0.54117647 0.42352941 0.64313725
v -0.02098303 -0.00621348 0.01145730 0.54117647 0.42352941 0.64313725
v -0.02098303 -0.00600247 0.01140720 0.54117647 0.42352941 0.64313725
v -0.02098303 -0.00578803 0.01131891 0.54117647 0.42352941 0.64313725
v -0.02098303 -0.00559894 0.01120318 0.54117647 0.42352941 0.64313725
v -0.02098303 -0.00558661 0.01119483 0.54117647 0.42352941 0.64313725
v -0.02098303 -0.00542219 0.01105524 0.54117647 0.42352941 0.64313725
v -0.02098303 -0.00541465 0.01104808 0.54117647 0.42352941 0.64313725
v -0.02098303 -0.00527420 0.01088105 0.54117647 0.42352941 0.64313725
v -0.02098303 -0.00520980 0.01078560 0.54117647 0.42352941 0.64313725
v -0.02098303 -0.00515773 0.01068777 0.54117647 0.42352941 0.64313725
v -0.02098303 -0.00511046 0.01058398 0.54117647 0.42352941 0.64313725
v -0.02098303 -0.00507415 0.01047779 0.54117647 0.42352941 0.64313725
v -0.02098303 -0.00504743 0.01036922 0.54117647 0.42352941 0.64313725
v -0.02098303 -0.00502962 0.01025946 0.54117647 0.42352941 0.64313725
v -0.02098303 -0.00502071 0.01014850 0.54117647 0.42352941 0.64313725
v -0.02098303 -0.00502071 0.01002085 0.54117647 0.42352941 0.64313725
v -0.01149825 -0.01192385 0.01054102 0.54117647 0.42352941 0.64313725
v -0.01187650 -0.01191563 0.01056966 0.54117647 0.42352941 0.64313725
v -0.01149825 -0.01187589 0.01065198 0.54117647 0.42352941 0.64313725
v -0.01187650 -0.01181012 0.01078799 0.54117647 0.42352941 0.64313725
v -0.01149825 -0.01179231 0.01081304 0.54117647 0.42352941 0.64313725
v -0.01187650 -0.01166556 0.01098485 0.54117647 0.42352941 0.64313725
v 0.03775981 -0.01179231 0.01081304 0.54117647 0.42352941 0.64313725
v 0.05007789 -0.01166556 0.01098485 0.54117647 0.42352941 0.64313725
v -0.01187650 -0.01155732 0.01108984 0.54117647 0.42352941 0.64313725
v -0.01187650 -0.01148743 0.01115546 0.54117647 0.42352941 0.64313725
v -0.01187650 -0.01141207 0.01120676 0.54117647 0.42352941 0.64313725
v 0.05007789 -0.01128122 0.01129266 0.54117647 0.42352941 0.64313725
v -0.01187650 -0.01128122 0.01129266 0.54117647 0.42352941 0.64313725
v -0.01187650 -0.01125518 0.01130578 0.54117647 0.42352941 0.64313725
v -0.01187650 -0.01105513 0.01139527 0.54117647 0.42352941 0.64313725
v 0.02544173 -0.01087358 0.01144179 0.54117647 0.42352941 0.64313725
v -0.01187650 -0.01081192 0.01145730 0.54117647 0.42352941 0.64313725
v 0.05007789 -0.01081123 0.01145730 0.54117647 0.42352941 0.64313725
v -0.01187650 -0.01056186 0.01147878 0.54117647 0.42352941 0.64313725
v -0.00254159 -0.00500427 0.00573055 0.54117647 0.42352941 0.64313725
v 0.05170508 -0.00520295 -0.00070966 0.54117647 0.42352941 0.64313725
v 0.05034909 -0.01198003 -0.00070966 0.54117647 0.42352941 0.64313725
v 0.05034909 -0.01198140 0.00573055 0.54117647 0.42352941 0.64313725
v 0.05013499 -0.01199852 0.00573055 0.54117647 0.42352941 0.64313725
v 0.05008503 -0.01200195 0.00573055 0.54117647 0.42352941 0.64313725
v 0.05007789 -0.01200127 0.01009720 0.54117647 0.42352941 0.64313725
v 0.03775981 -0.01200058 0.01012703 0.54117647 0.42352941 0.64313725
v 0.05007789 -0.01198140 0.01033701 0.54117647 0.42352941 0.64313725
v -0.01187650 -0.00645875 0.01147878 0.54117647 0.42352941 0.64313725
v -0.00123556 -0.00500427 0.01147759 0.54117647 0.42352941 0.64313725
v -0.00147821 -0.00500427 0.01145969 0.54117647 0.42352941 0.64313725
v -0.00171372 -0.00500427 0.01140720 0.54117647 0.42352941 0.64313725
v -0.00193496 -0.00500427 0.01131891 0.54117647 0.42352941 0.64313725
v -0.00215620 -0.00500427 0.01119125 0.54117647 0.42352941 0.64313725
v -0.00233462 -0.00500427 0.01105285 0.54117647 0.42352941 0.64313725
v -0.00248449 -0.00500427 0.01087986 0.54117647 0.42352941 0.64313725
v -0.00254872 -0.00500427 0.01078560 0.54117647 0.42352941 0.64313725
v -0.00260582 -0.00500427 0.01068539 0.54117647 0.42352941 0.64313725
v -0.00265578 -0.00500427 0.01058398 0.54117647 0.42352941 0.64313725
v -0.00269146 -0.00500427 0.01047779 0.54117647 0.42352941 0.64313725
v -0.00272714 -0.00500427 0.01036922 0.54117647 0.42352941 0.64313725
v -0.00274142 -0.00500427 0.01025946 0.54117647 0.42352941 0.64313725
v -0.00275569 -0.00500427 0.01014850 0.54117647 0.42352941 0.64313725
v -0.00275569 -0.00500427 0.01003755 0.54117647 0.42352941 0.64313725
v 0.03775981 -0.01192385 0.01054102 0.54117647 0.42352941 0.64313725
v 0.05007789 -0.01191563 0.01056966 0.54117647 0.42352941 0.64313725
v 0.02544173 -0.01183684 0.01073311 0.54117647 0.42352941 0.64313725
v 0.05007789 -0.01181012 0.01078799 0.54117647 0.42352941 0.64313725
v 0.05007789 -0.01148743 0.01115546 0.54117647 0.42352941 0.64313725
v 0.03775981 -0.01151073 0.01113398 0.54117647 0.42352941 0.64313725
v 0.05034909 -0.01164912 0.01097172 0.54117647 0.42352941 0.64313725
v 0.05007789 -0.01105513 0.01139527 0.54117647 0.42352941 0.64313725
v 0.03775981 -0.01114077 0.01135709 0.54117647 0.42352941 0.64313725
v 0.05034909 -0.01127163 0.01127476 0.54117647 0.42352941 0.64313725
v 0.05007789 -0.01056117 0.01147759 0.54117647 0.42352941 0.64313725
v 0.03775981 -0.01065640 0.01147043 0.54117647 0.42352941 0.64313725
v 0.05034909 -0.01080849 0.01143702 0.54117647 0.42352941 0.64313725
v 0.05034909 -0.01056117 0.01145730 0.54117647 0.42352941 0.64313725
v 0.05161230 -0.00500427 0.00573055 0.54117647 0.42352941 0.64313725
v 0.05170508 -0.00520295 0.00572220 0.54117647 0.42352941 0.64313725
v 0.05170508 -0.00959791 -0.00070966 0.54117647 0.42352941 0.64313725
v 0.05060602 -0.01191494 -0.00070966 0.54117647 0.42352941 0.64313725
v 0.05060602 -0.01191563 0.00573055 0.54117647 0.42352941 0.64313725
v 0.05034909 -0.01198140 0.01009720 0.54117647 0.42352941 0.64313725
v 0.05034909 -0.01195947 0.01033343 0.54117647 0.42352941 0.64313725
v 0.05007789 -0.00500427 0.01147759 0.54117647 0.42352941 0.64313725
v 0.05034909 -0.01189439 0.01056250 0.54117647 0.42352941 0.64313725
v 0.05034909 -0.01179094 0.01077725 0.54117647 0.42352941 0.64313725
v 0.05034909 -0.01147442 0.01113875 0.54117647 0.42352941 0.64313725
v 0.05060602 -0.01159979 0.01093116 0.54117647 0.42352941 0.64313725
v 0.05060602 -0.01143263 0.01109103 0.54117647 0.42352941 0.64313725
v 0.05034909 -0.01104691 0.01137498 0.54117647 0.42352941 0.64313725
v 0.05060602 -0.01123943 0.01122108 0.54117647 0.42352941 0.64313725
v 0.05015640 -0.00500427 0.01147281 0.54117647 0.42352941 0.64313725
v 0.05060602 -0.01102499 0.01131652 0.54117647 0.42352941 0.64313725
v 0.05060602 -0.01079685 0.01137498 0.54117647 0.42352941 0.64313725
v 0.05060602 -0.01056117 0.01139527 0.54117647 0.42352941 0.64313725
v 0.05042046 -0.00500427 0.01144060 0.54117647 0.42352941 0.64313725
v 0.05034909 -0.00500427 0.01145730 0.54117647 0.42352941 0.64313725
v 0.05161230 -0.00500427 0.01009720 0.54117647 0.42352941 0.64313725
v 0.05170508 -0.00959791 0.00572220 0.54117647 0.42352941 0.64313725
v 0.05161230 -0.01056117 0.00573055 0.54117647 0.42352941 0.64313725
v 0.05158376 -0.01081123 -0.00070966 0.54117647 0.42352941 0.64313725
v 0.05083439 -0.01180943 -0.00070966 0.54117647 0.42352941 0.64313725
v 0.05084867 -0.01181012 0.00573055 0.54117647 0.42352941 0.64313725
v 0.05066311 -0.01189302 0.00573055 0.54117647 0.42352941 0.64313725
v 0.05060602 -0.01191563 0.01009720 0.54117647 0.42352941 0.64313725
v 0.05060602 -0.01189439 0.01032269 0.54117647 0.42352941 0.64313725
v 0.05060602 -0.01183478 0.01054102 0.54117647 0.42352941 0.64313725
v 0.05060602 -0.01173339 0.01074623 0.54117647 0.42352941 0.64313725
v 0.05084867 -0.01164227 0.01069493 0.54117647 0.42352941 0.64313725
v 0.05084867 -0.01151826 0.01086554 0.54117647 0.42352941 0.64313725
v 0.05084867 -0.01136412 0.01101348 0.54117647 0.42352941 0.64313725
v 0.05084867 -0.01118599 0.01113279 0.54117647 0.42352941 0.64313725
v 0.05084867 -0.01098936 0.01122108 0.54117647 0.42352941 0.64313725
v 0.05084867 -0.01077904 0.01127476 0.54117647 0.42352941 0.64313725
v 0.05060602 -0.00500427 0.01139527 0.54117647 0.42352941 0.64313725
v 0.05084867 -0.01056117 0.01129266 0.54117647 0.42352941 0.64313725
v 0.05160517 -0.00500427 0.01016043 0.54117647 0.42352941 0.64313725
v 0.05161230 -0.01056117 0.01009720 0.54117647 0.42352941 0.64313725
v 0.05159089 -0.01075711 0.00573055 0.54117647 0.42352941 0.64313725
v 0.05158376 -0.01081123 0.01009720 0.54117647 0.42352941 0.64313725
v 0.05153380 -0.01100169 0.00573055 0.54117647 0.42352941 0.64313725
v 0.05154807 -0.01094141 -0.00070966 0.54117647 0.42352941 0.64313725
v 0.05106277 -0.01166488 -0.00070966 0.54117647 0.42352941 0.64313725
v 0.05106277 -0.01166556 0.00573055 0.54117647 0.42352941 0.64313725
v 0.05084867 -0.01181012 0.01009720 0.54117647 0.42352941 0.64313725
v 0.05084867 -0.01179094 0.01030480 0.54117647 0.42352941 0.64313725
v 0.05084867 -0.01173339 0.01050643 0.54117647 0.42352941 0.64313725
v 0.05106277 -0.01159979 0.01045870 0.54117647 0.42352941 0.64313725
v 0.05106277 -0.01151826 0.01062693 0.54117647 0.42352941 0.64313725
v 0.05106277 -0.01140796 0.01077725 0.54117647 0.42352941 0.64313725
v 0.05106277 -0.01127163 0.01090730 0.54117647 0.42352941 0.64313725
v 0.05106277 -0.01111405 0.01101348 0.54117647 0.42352941 0.64313725
v 0.05106277 -0.01093935 0.01109103 0.54117647 0.42352941 0.64313725
v 0.05106277 -0.01075437 0.01113875 0.54117647 0.42352941 0.64313725
v 0.05106277 -0.01056117 0.01115546 0.54117647 0.42352941 0.64313725
v 0.05084867 -0.00500427 0.01129266 0.54117647 0.42352941 0.64313725
v 0.05158376 -0.01056117 0.01033701 0.54117647 0.42352941 0.64313725
v 0.05158376 -0.00500427 0.01033701 0.54117647 0.42352941 0.64313725
v 0.05158376 -0.01060570 0.01033343 0.54117647 0.42352941 0.64313725
v 0.05158376 -0.01064818 0.01032269 0.54117647 0.42352941 0.64313725
v 0.05158376 -0.01068654 0.01030480 0.54117647 0.42352941 0.64313725
v 0.05158376 -0.01072217 0.01028093 0.54117647 0.42352941 0.64313725
v 0.05158376 -0.01075437 0.01025111 0.54117647 0.42352941 0.64313725
v 0.05158376 -0.01077904 0.01021770 0.54117647 0.42352941 0.64313725
v 0.05158376 -0.01079685 0.01017952 0.54117647 0.42352941 0.64313725
v 0.05158376 -0.01080849 0.01013896 0.54117647 0.42352941 0.64313725
v 0.05151239 -0.01105513 0.01009720 0.54117647 0.42352941 0.64313725
v 0.05151239 -0.01105513 0.00573055 0.54117647 0.42352941 0.64313725
v 0.05150525 -0.01105445 -0.00070966 0.54117647 0.42352941 0.64313725
v 0.05116269 -0.01157033 -0.00070966 0.54117647 0.42352941 0.64313725
v 0.05121264 -0.01152512 0.00573055 0.54117647 0.42352941 0.64313725
v 0.05106277 -0.01166556 0.01009720 0.54117647 0.42352941 0.64313725
v 0.05106277 -0.01164912 0.01028093 0.54117647 0.42352941 0.64313725
v 0.05124833 -0.01147442 0.01025111 0.54117647 0.42352941 0.64313725
v 0.05124833 -0.01143263 0.01040024 0.54117647 0.42352941 0.64313725
v 0.05124833 -0.01136412 0.01054102 0.54117647 0.42352941 0.64313725
v 0.05124833 -0.01127163 0.01066749 0.54117647 0.42352941 0.64313725
v 0.05124833 -0.01115653 0.01077725 0.54117647 0.42352941 0.64313725
v 0.05124833 -0.01102499 0.01086554 0.54117647 0.42352941 0.64313725
v 0.05124833 -0.01087906 0.01093116 0.54117647 0.42352941 0.64313725
v 0.05124833 -0.01072217 0.01097172 0.54117647 0.42352941 0.64313725
v 0.05111273 -0.00500427 0.01111012 0.54117647 0.42352941 0.64313725
v 0.05106277 -0.00500427 0.01115546 0.54117647 0.42352941 0.64313725
v 0.05124833 -0.01056117 0.01098485 0.54117647 0.42352941 0.64313725
v 0.05153380 -0.00500427 0.01050881 0.54117647 0.42352941 0.64313725
v 0.05151239 -0.01056117 0.01056966 0.54117647 0.42352941 0.64313725
v 0.05151239 -0.01064818 0.01056250 0.54117647 0.42352941 0.64313725
v 0.05151239 -0.01073108 0.01054102 0.54117647 0.42352941 0.64313725
v 0.05151239 -0.01080849 0.01050643 0.54117647 0.42352941 0.64313725
v 0.05151239 -0.01087906 0.01045870 0.54117647 0.42352941 0.64313725
v 0.05151239 -0.01093935 0.01040024 0.54117647 0.42352941 0.64313725
v 0.05151239 -0.01098936 0.01033343 0.54117647 0.42352941 0.64313725
v 0.05151239 -0.01102499 0.01025946 0.54117647 0.42352941 0.64313725
v 0.05151239 -0.01104691 0.01017952 0.54117647 0.42352941 0.64313725
v 0.05140534 -0.01127163 0.01021770 0.54117647 0.42352941 0.64313725
v 0.05140534 -0.01128122 0.01009720 0.54117647 0.42352941 0.64313725
v 0.05140534 -0.01128190 0.00573055 0.54117647 0.42352941 0.64313725
v 0.05140534 -0.01128190 -0.00070966 0.54117647 0.42352941 0.64313725
v 0.05146243 -0.01116064 -0.00070966 0.54117647 0.42352941 0.64313725
v 0.05124833 -0.01148812 -0.00070966 0.54117647 0.42352941 0.64313725
v 0.05124833 -0.01148812 0.00573055 0.54117647 0.42352941 0.64313725
v 0.05124833 -0.01148743 0.01009720 0.54117647 0.42352941 0.64313725
v 0.05140534 -0.01123943 0.01033343 0.54117647 0.42352941 0.64313725
v 0.05140534 -0.01118599 0.01044200 0.54117647 0.42352941 0.64313725
v 0.05140534 -0.01111405 0.01054102 0.54117647 0.42352941 0.64313725
v 0.05140534 -0.01102499 0.01062693 0.54117647 0.42352941 0.64313725
v 0.05140534 -0.01092154 0.01069493 0.54117647 0.42352941 0.64313725
v 0.05140534 -0.01080849 0.01074623 0.54117647 0.42352941 0.64313725
v 0.05140534 -0.01068654 0.01077725 0.54117647 0.42352941 0.64313725
v 0.05140534 -0.01056117 0.01078799 0.54117647 0.42352941 0.64313725
v 0.05124833 -0.00500427 0.01098485 0.54117647 0.42352941 0.64313725
v 0.05129115 -0.00500427 0.01093355 0.54117647 0.42352941 0.64313725
v 0.05151239 -0.00500427 0.01056966 0.54117647 0.42352941 0.64313725
v 0.05128401 -0.01144290 0.00573055 0.54117647 0.42352941 0.64313725
v 0.05140534 -0.00500427 0.01078799 0.54117647 0.42352941 0.64313725
f 114 115 119
f 114 119 116
f 114 116 121
f 114 121 143
f 114 143 117
f 114 117 144
f 114 144 188
f 114 188 228
f 114 228 250
f 114 250 271
f 114 271 298
f 114 298 328
f 114 328 327
f 114 327 329
f 114 329 299
f 114 299 272
f 114 272 251
f 114 251 229
f 114 229 189
f 114 189 145
f 114 145 118
f 114 118 120
f 114 120 115
f 115 120 146
f 115 146 119
f 116 119 122
f 116 122 123
f 116 123 124
f 116 124 125
f 116 125 126
f 116 126 127
f 116 127 128
f 116 128 129
f 116 129 130
f 116 130 131
f 116 131 132
f 116 132 133
f 116 133 134
f 116 134 135
f 116 135 136
f 116 136 137
f 116 137 138
f 116 138 139
f 116 139 140
f 116 140 141
f 116 141 142
f 116 142 150
f 116 150 121
f 117 143 144
f 118 145 120
f 119 146 147
f 119 147 148
f 119 148 149
f 119 149 122
f 120 145 192
f 120 192 146
f 121 150 151
f 121 151 152
f 121 152 153
f 121 153 154
f 121 154 155
f 121 155 156
f 121 156 157
f 121 157 158
f 121 158 159
f 121 159 160
f 121 160 161
f 121 161 162
f 121 162 163
f 121 163 164
f 121 164 165
f 121 165 166
f 121 166 167
f 121 167 144
f 121 144 143
f 122 149 123
f 123 149 124
f 124 149 168
f 124 168 125
f 125 169 126
f 125 168 212
f 125 212 213
f 125 213 169
f 126 169 170
f 126 170 127
f 127 171 128
f 127 170 171
f 128 171 129
f 129 171 130
f 130 171 172
f 130 172 131
f 131 173 132
f 131 172 174
f 131 174 175
f 131 175 173
f 132 173 176
f 132 176 133
f 133 176 134
f 134 176 177
f 134 177 135
f 135 177 178
f 135 178 136
f 136 178 179
f 136 179 180
f 136 180 137
f 137 180 179
f 137 179 181
f 137 181 138
f 138 181 182
f 138 182 139
f 139 182 140
f 140 182 183
f 140 183 184
f 140 184 141
f 141 184 185
f 141 185 186
f 141 186 142
f 142 186 196
f 142 196 150
f 144 167 187
f 144 187 226
f 144 226 188
f 145 189 190
f 145 190 191
f 145 191 192
f 146 192 193
f 146 193 194
f 146 194 147
f 147 194 195
f 147 195 149
f 147 149 148
f 149 195 212
f 149 212 168
f 150 196 233
f 150 233 197
f 150 197 151
f 151 197 152
f 152 197 153
f 153 197 154
f 154 197 155
f 155 197 156
f 156 197 157
f 157 197 158
f 158 197 159
f 159 197 160
f 160 197 161
f 161 197 162
f 162 197 163
f 163 197 164
f 164 197 165
f 165 197 198
f 165 198 166
f 166 198 199
f 166 199 200
f 166 200 201
f 166 201 202
f 166 202 203
f 166 203 204
f 166 204 205
f 166 205 206
f 166 206 207
f 166 207 208
f 166 208 209
f 166 209 210
f 166 210 211
f 166 211 167
f 167 211 187
f 169 213 214
f 169 214 170
f 170 214 171
f 171 214 215
f 171 215 174
f 171 174 172
f 173 175 176
f 174 215 175
f 175 216 217
f 175 217 176
f 175 215 218
f 175 218 216
f 176 217 177
f 177 217 216
f 177 216 178
f 178 216 179
f 179 219 220
f 179 220 181
f 179 216 221
f 179 221 219
f 181 220 182
f 182 220 219
f 182 219 183
f 183 219 185
f 183 185 184
f 185 222 223
f 185 223 186
f 185 219 224
f 185 224 225
f 185 225 222
f 186 223 222
f 186 222 233
f 186 233 196
f 187 211 210
f 187 210 209
f 187 209 208
f 187 208 207
f 187 207 206
f 187 206 205
f 187 205 204
f 187 204 203
f 187 203 202
f 187 202 201
f 187 201 200
f 187 200 199
f 187 199 198
f 187 198 197
f 187 197 233
f 187 233 241
f 187 241 246
f 187 246 245
f 187 245 264
f 187 264 285
f 187 285 312
f 187 312 311
f 187 311 340
f 187 340 341
f 187 341 344
f 187 344 342
f 187 342 314
f 187 314 287
f 187 287 266
f 187 266 247
f 187 247 226
f 188 226 247
f 188 247 227
f 188 227 248
f 188 248 228
f 189 229 190
f 190 229 230
f 190 230 254
f 190 254 231
f 190 231 191
f 191 231 193
f 191 193 192
f 193 195 194
f 193 231 195
f 195 213 212
f 195 231 232
f 195 232 213
f 213 215 214
f 213 232 234
f 213 234 235
f 213 235 215
f 215 235 218
f 216 218 236
f 216 236 221
f 218 235 237
f 218 237 238
f 218 238 236
f 219 221 239
f 219 239 224
f 221 236 240
f 221 240 239
f 222 225 241
f 222 241 233
f 224 239 242
f 224 242 243
f 224 243 244
f 224 244 225
f 225 245 246
f 225 246 241
f 225 244 245
f 227 247 267
f 227 267 248
f 228 248 267
f 228 267 249
f 228 249 250
f 229 251 252
f 229 252 253
f 229 253 230
f 230 253 254
f 231 254 232
f 232 254 255
f 232 255 256
f 232 256 234
f 234 256 235
f 235 256 257
f 235 257 237
f 236 238 240
f 237 257 258
f 237 258 259
f 237 259 260
f 237 260 238
f 238 260 240
f 239 240 242
f 240 260 261
f 240 261 262
f 240 262 242
f 242 262 243
f 243 262 263
f 243 263 244
f 244 264 245
f 244 263 265
f 244 265 285
f 244 285 264
f 247 266 267
f 249 267 268
f 249 268 250
f 250 269 270
f 250 270 271
f 250 268 269
f 251 272 252
f 252 272 273
f 252 273 301
f 252 301 274
f 252 274 253
f 253 274 254
f 254 274 275
f 254 275 255
f 255 275 256
f 256 275 276
f 256 276 258
f 256 258 257
f 258 276 277
f 258 277 278
f 258 278 259
f 259 278 279
f 259 279 260
f 260 279 280
f 260 280 281
f 260 281 261
f 261 281 262
f 262 281 282
f 262 282 283
f 262 283 263
f 263 283 284
f 263 284 265
f 265 284 312
f 265 312 285
f 266 286 267
f 266 287 286
f 267 286 288
f 267 288 289
f 267 289 290
f 267 290 291
f 267 291 292
f 267 292 293
f 267 293 294
f 267 294 295
f 267 295 269
f 267 269 268
f 269 295 296
f 269 296 270
f 270 296 297
f 270 297 298
f 270 298 271
f 272 299 300
f 272 300 273
f 273 300 301
f 274 301 302
f 274 302 275
f 275 302 277
f 275 277 276
f 277 303 304
f 277 304 278
f 277 302 303
f 278 304 305
f 278 305 306
f 278 306 279
f 279 306 280
f 280 306 307
f 280 307 281
f 281 307 308
f 281 308 309
f 281 309 282
f 282 309 310
f 282 310 283
f 283 310 284
f 284 311 312
f 284 310 313
f 284 313 311
f 286 287 314
f 286 314 315
f 286 315 288
f 288 315 316
f 288 316 289
f 289 316 317
f 289 317 318
f 289 318 290
f 290 318 291
f 291 318 319
f 291 319 292
f 292 319 320
f 292 320 321
f 292 321 293
f 293 321 322
f 293 322 294
f 294 322 295
f 295 322 323
f 295 323 296
f 296 323 324
f 296 324 325
f 296 325 326
f 296 326 327
f 296 327 297
f 297 327 328
f 297 328 298
f 299 329 300
f 300 329 330
f 300 330 331
f 300 331 301
f 301 331 303
f 301 303 302
f 303 331 324
f 303 324 332
f 303 332 304
f 304 332 305
f 305 332 333
f 305 333 334
f 305 334 306
f 306 334 335
f 306 335 307
f 307 335 308
f 308 335 336
f 308 336 337
f 308 337 309
f 309 337 310
f 310 337 338
f 310 338 339
f 310 339 313
f 311 313 340
f 313 341 340
f 313 339 341
f 314 342 315
f 315 342 344
f 315 344 339
f 315 339 316
f 316 339 338
f 316 338 337
f 316 337 317
f 317 337 318
f 318 337 336
f 318 336 335
f 318 335 319
f 319 335 334
f 319 334 320
f 320 334 321
f 321 334 333
f 321 333 332
f 321 332 322
f 322 332 324
f 322 324 323
f 324 331 325
f 325 343 326
f 325 331 343
f 326 343 327
f 327 343 329
f 329 343 330
f 330 343 331
f 339 344 341

o geometry_2
v -0.04844568 -0.01056155 -0.01152702 0.43529412 0.89019608 0.96078431
v -0.04844568 -0.01081149 -0.01150478 0.43529412 0.89019608 0.96078431
v -0.04849563 -0.01080831 -0.01150478 0.43529412 0.89019608 0.96078431
v -0.04853559 -0.01079750 -0.01150478 0.43529412 0.89019608 0.96078431
v -0.04857554 -0.01077842 -0.01150478 0.43529412 0.89019608 0.96078431
v -0.04861550 -0.01075362 -0.01150478 0.43529412 0.89019608 0.96078431
v -0.04864547 -0.01072309 -0.01150478 0.43529412 0.89019608 0.96078431
v -0.04867543 -0.01068748 -0.01150478 0.43529412 0.89019608 0.96078431
v -0.04869541 -0.01064741 -0.01150478 0.43529412 0.89019608 0.96078431
v -0.04870540 -0.01060607 -0.01150478 0.43529412 0.89019608 0.96078431
v -0.04871539 -0.01056155 -0.01150478 0.43529412 0.89019608 0.96078431
v -0.04865545 -0.00573001 -0.01151008 0.43529412 0.89019608 0.96078431
v -0.04844568 -0.00573001 -0.01152702 0.43529412 0.89019608 0.96078431
v 0.05007619 -0.01056155 -0.01152702 0.43529412 0.89019608 0.96078431
v -0.01187582 -0.01084202 -0.01149737 0.43529412 0.89019608 0.96078431
v -0.03612920 -0.01090308 -0.01148149 0.43529412 0.89019608 0.96078431
v -0.04844568 -0.01105444 -0.01144231 0.43529412 0.89019608 0.96078431
v 0.05007619 -0.01081149 -0.01150478 0.43529412 0.89019608 0.96078431
v -0.04853559 -0.01104744 -0.01144231 0.43529412 0.89019608 0.96078431
v -0.04862549 -0.01102518 -0.01144231 0.43529412 0.89019608 0.96078431
v -0.04870540 -0.01098893 -0.01144231 0.43529412 0.89019608 0.96078431
v -0.04878531 -0.01093933 -0.01144231 0.43529412 0.89019608 0.96078431
v -0.04884525 -0.01087891 -0.01144231 0.43529412 0.89019608 0.96078431
v -0.04889519 -0.01080831 -0.01144231 0.43529412 0.89019608 0.96078431
v -0.04893515 -0.01073009 -0.01144231 0.43529412 0.89019608 0.96078431
v -0.04896512 -0.01064741 -0.01144231 0.43529412 0.89019608 0.96078431
v -0.04877532 -0.00573001 -0.01149102 0.43529412 0.89019608 0.96078431
v -0.04871539 -0.00573001 -0.01150478 0.43529412 0.89019608 0.96078431
v -0.04897510 -0.01056155 -0.01144231 0.43529412 0.89019608 0.96078431
v -0.05038356 -0.00550615 -0.00576044 0.43529412 0.89019608 0.96078431
v -0.04997401 -0.00550615 -0.00577950 0.43529412 0.89019608 0.96078431
v -0.04602834 -0.00550615 -0.00578480 0.43529412 0.89019608 0.96078431
v 0.05007619 -0.00573001 -0.01152702 0.43529412 0.89019608 0.96078431
v 0.05034589 -0.01056155 -0.01150478 0.43529412 0.89019608 0.96078431
v 0.05034589 -0.01080831 -0.01148361 0.43529412 0.89019608 0.96078431
v -0.01186583 -0.01084202 -0.01149737 0.43529412 0.89019608 0.96078431
v -0.01187582 -0.01102327 -0.01145078 0.43529412 0.89019608 0.96078431
v -0.03612920 -0.01114030 -0.01140419 0.43529412 0.89019608 0.96078431
v -0.04844568 -0.01128212 -0.01134066 0.43529412 0.89019608 0.96078431
v 0.05007619 -0.01105444 -0.01144231 0.43529412 0.89019608 0.96078431
v 0.05034589 -0.01104744 -0.01142219 0.43529412 0.89019608 0.96078431
v 0.03775970 -0.01090308 -0.01148149 0.43529412 0.89019608 0.96078431
v -0.04857554 -0.01127131 -0.01134066 0.43529412 0.89019608 0.96078431
v -0.04870540 -0.01123887 -0.01134066 0.43529412 0.89019608 0.96078431
v -0.04882527 -0.01118545 -0.01134066 0.43529412 0.89019608 0.96078431
v -0.04893515 -0.01111295 -0.01134066 0.43529412 0.89019608 0.96078431
v -0.04903504 -0.01102518 -0.01134066 0.43529412 0.89019608 0.96078431
v -0.04910496 -0.01092152 -0.01134066 0.43529412 0.89019608 0.96078431
v -0.04916490 -0.01080831 -0.01134066 0.43529412 0.89019608 0.96078431
v -0.04919486 -0.01068748 -0.01134066 0.43529412 0.89019608 0.96078431
v -0.04921484 -0.01056155 -0.01134066 0.43529412 0.89019608 0.96078431
v -0.04891517 -0.00573001 -0.01145713 0.43529412 0.89019608 0.96078431
v -0.04897510 -0.00573001 -0.01144231 0.43529412 0.89019608 0.96078431
v -0.05038356 -0.00958469 -0.00576044 0.43529412 0.89019608 0.96078431
v -0.05038356 -0.00550615 -0.00070966 0.43529412 0.89019608 0.96078431
v -0.04921484 -0.00573001 -0.01134066 0.43529412 0.89019608 0.96078431
v -0.04943460 -0.00573001 -0.01120301 0.43529412 0.89019608 0.96078431
v -0.04961440 -0.00573001 -0.01103253 0.43529412 0.89019608 0.96078431
v -0.04977423 -0.00573001 -0.01083558 0.43529412 0.89019608 0.96078431
v -0.04988411 -0.00573001 -0.01061745 0.43529412 0.89019608 0.96078431
v -0.04994404 -0.00573001 -0.01038450 0.43529412 0.89019608 0.96078431
v -0.04995403 -0.00573001 -0.01033050 0.43529412 0.89019608 0.96078431
v -0.04997401 -0.00573001 -0.01014520 0.43529412 0.89019608 0.96078431
v 0.05159452 -0.00550615 -0.00578480 0.43529412 0.89019608 0.96078431
v 0.05034589 -0.00573001 -0.01150478 0.43529412 0.89019608 0.96078431
v 0.05054567 -0.00573001 -0.01145713 0.43529412 0.89019608 0.96078431
v 0.05059562 -0.01056155 -0.01144231 0.43529412 0.89019608 0.96078431
v 0.05059562 -0.01079750 -0.01142219 0.43529412 0.89019608 0.96078431
v 0.05059562 -0.01102518 -0.01136395 0.43529412 0.89019608 0.96078431
v -0.01186583 -0.01102327 -0.01145078 0.43529412 0.89019608 0.96078431
v 0.03775970 -0.01114030 -0.01140419 0.43529412 0.89019608 0.96078431
v -0.04844568 -0.01148818 -0.01120301 0.43529412 0.89019608 0.96078431
v 0.05007619 -0.01128212 -0.01134066 0.43529412 0.89019608 0.96078431
v 0.05034589 -0.01127131 -0.01132266 0.43529412 0.89019608 0.96078431
v -0.04861550 -0.01147355 -0.01120301 0.43529412 0.89019608 0.96078431
v -0.04878531 -0.01143221 -0.01120301 0.43529412 0.89019608 0.96078431
v -0.04893515 -0.01136416 -0.01120301 0.43529412 0.89019608 0.96078431
v -0.04907500 -0.01127131 -0.01120301 0.43529412 0.89019608 0.96078431
v -0.04919486 -0.01115747 -0.01120301 0.43529412 0.89019608 0.96078431
v -0.04929475 -0.01102518 -0.01120301 0.43529412 0.89019608 0.96078431
v -0.04937467 -0.01087891 -0.01120301 0.43529412 0.89019608 0.96078431
v -0.04941462 -0.01072309 -0.01120301 0.43529412 0.89019608 0.96078431
v -0.04943460 -0.01056155 -0.01120301 0.43529412 0.89019608 0.96078431
v -0.05038356 -0.00958469 -0.00070966 0.43529412 0.89019608 0.96078431
v -0.04997401 -0.01056155 -0.01014520 0.43529412 0.89019608 0.96078431
v -0.04994404 -0.01081149 -0.01014520 0.43529412 0.89019608 0.96078431
v -0.04988411 -0.01105444 -0.01014520 0.43529412 0.89019608 0.96078431
v 0.05166445 -0.00550615 -0.00070966 0.43529412 0.89019608 0.96078431
v -0.04961440 -0.01056155 -0.01103253 0.43529412 0.89019608 0.96078431
v -0.04977423 -0.01056155 -0.01083558 0.43529412 0.89019608 0.96078431
v -0.04988411 -0.01056155 -0.01061745 0.43529412 0.89019608 0.96078431
v -0.04994404 -0.01056155 -0.01038450 0.43529412 0.89019608 0.96078431
v 0.05166445 -0.00550615 -0.00577315 0.43529412 0.89019608 0.96078431
v 0.05059562 -0.00573001 -0.01144231 0.43529412 0.89019608 0.96078431
v 0.05065555 -0.00573001 -0.01141902 0.43529412 0.89019608 0.96078431
v 0.05084534 -0.01056155 -0.01134066 0.43529412 0.89019608 0.96078431
v 0.05084534 -0.01077842 -0.01132266 0.43529412 0.89019608 0.96078431
v 0.05084534 -0.01098893 -0.01126866 0.43529412 0.89019608 0.96078431
v 0.05059562 -0.01123887 -0.01126866 0.43529412 0.89019608 0.96078431
v -0.03612920 -0.01155495 -0.01113947 0.43529412 0.89019608 0.96078431
v -0.03612920 -0.01164399 -0.01105371 0.43529412 0.89019608 0.96078431
v -0.04844568 -0.01166498 -0.01103253 0.43529412 0.89019608 0.96078431
v -0.04864547 -0.01164844 -0.01103253 0.43529412 0.89019608 0.96078431
v 0.05007619 -0.01148818 -0.01120301 0.43529412 0.89019608 0.96078431
v 0.05059562 -0.01143221 -0.01113947 0.43529412 0.89019608 0.96078431
v 0.05034589 -0.01147355 -0.01118607 0.43529412 0.89019608 0.96078431
v -0.04884525 -0.01159884 -0.01103253 0.43529412 0.89019608 0.96078431
v -0.04903504 -0.01151743 -0.01103253 0.43529412 0.89019608 0.96078431
v -0.04919486 -0.01140741 -0.01103253 0.43529412 0.89019608 0.96078431
v -0.04934470 -0.01127131 -0.01103253 0.43529412 0.89019608 0.96078431
v -0.04946457 -0.01111295 -0.01103253 0.43529412 0.89019608 0.96078431
v -0.04954448 -0.01093933 -0.01103253 0.43529412 0.89019608 0.96078431
v -0.04960442 -0.01075362 -0.01103253 0.43529412 0.89019608 0.96078431
v -0.04988411 -0.01105444 -0.00070966 0.43529412 0.89019608 0.96078431
v -0.04992406 -0.01080831 -0.01038450 0.43529412 0.89019608 0.96078431
v -0.04986413 -0.01104744 -0.01038450 0.43529412 0.89019608 0.96078431
v -0.04977423 -0.01128212 -0.01014520 0.43529412 0.89019608 0.96078431
v -0.04986413 -0.01110341 -0.00578480 0.43529412 0.89019608 0.96078431
v 0.05166445 -0.00959995 -0.00070966 0.43529412 0.89019608 0.96078431
v -0.04975425 -0.01077842 -0.01083558 0.43529412 0.89019608 0.96078431
v -0.04986413 -0.01079750 -0.01061745 0.43529412 0.89019608 0.96078431
v 0.05166445 -0.00959995 -0.00577315 0.43529412 0.89019608 0.96078431
v 0.05161450 -0.00573001 -0.01014520 0.43529412 0.89019608 0.96078431
v 0.05159452 -0.00573001 -0.01033050 0.43529412 0.89019608 0.96078431
v 0.05158453 -0.00573001 -0.01038450 0.43529412 0.89019608 0.96078431
v 0.05151461 -0.00573001 -0.01061745 0.43529412 0.89019608 0.96078431
v 0.05149463 -0.00573001 -0.01066722 0.43529412 0.89019608 0.96078431
v 0.05140473 -0.00573001 -0.01083558 0.43529412 0.89019608 0.96078431
v 0.05128486 -0.00573001 -0.01098700 0.43529412 0.89019608 0.96078431
v 0.05124491 -0.00573001 -0.01103253 0.43529412 0.89019608 0.96078431
v 0.05106510 -0.00573001 -0.01120301 0.43529412 0.89019608 0.96078431
v 0.05084534 -0.00573001 -0.01134066 0.43529412 0.89019608 0.96078431
v 0.05106510 -0.01056155 -0.01120301 0.43529412 0.89019608 0.96078431
v 0.05106510 -0.01075362 -0.01118607 0.43529412 0.89019608 0.96078431
v 0.05106510 -0.01093933 -0.01113947 0.43529412 0.89019608 0.96078431
v 0.05084534 -0.01118545 -0.01118077 0.43529412 0.89019608 0.96078431
v 0.03775970 -0.01155495 -0.01113947 0.43529412 0.89019608 0.96078431
v 0.03775970 -0.01164399 -0.01105371 0.43529412 0.89019608 0.96078431
v 0.05007619 -0.01166498 -0.01103253 0.43529412 0.89019608 0.96078431
v -0.03612920 -0.01168342 -0.01100818 0.43529412 0.89019608 0.96078431
v -0.04844568 -0.01180871 -0.01083558 0.43529412 0.89019608 0.96078431
v -0.04867543 -0.01179027 -0.01083558 0.43529412 0.89019608 0.96078431
v 0.05034589 -0.01164844 -0.01101876 0.43529412 0.89019608 0.96078431
v 0.05084534 -0.01136416 -0.01106112 0.43529412 0.89019608 0.96078431
v 0.05084534 -0.01151743 -0.01091394 0.43529412 0.89019608 0.96078431
v 0.05059562 -0.01159884 -0.01097853 0.43529412 0.89019608 0.96078431
v -0.04889519 -0.01173494 -0.01083558 0.43529412 0.89019608 0.96078431
v -0.04910496 -0.01164272 -0.01083558 0.43529412 0.89019608 0.96078431
v -0.04929475 -0.01151743 -0.01083558 0.43529412 0.89019608 0.96078431
v -0.04946457 -0.01136416 -0.01083558 0.43529412 0.89019608 0.96078431
v -0.04959443 -0.01118545 -0.01083558 0.43529412 0.89019608 0.96078431
v -0.04969432 -0.01098893 -0.01083558 0.43529412 0.89019608 0.96078431
v -0.04977423 -0.01128212 -0.00070966 0.43529412 0.89019608 0.96078431
v -0.04979421 -0.01102518 -0.01061745 0.43529412 0.89019608 0.96078431
v -0.04969432 -0.01123887 -0.01061745 0.43529412 0.89019608 0.96078431
v -0.04975425 -0.01127131 -0.01038450 0.43529412 0.89019608 0.96078431
v -0.04960442 -0.01147355 -0.01038450 0.43529412 0.89019608 0.96078431
v -0.04961440 -0.01148818 -0.01014520 0.43529412 0.89019608 0.96078431
v -0.04962439 -0.01148754 -0.00578480 0.43529412 0.89019608 0.96078431
v -0.04974426 -0.01132664 -0.00578480 0.43529412 0.89019608 0.96078431
v -0.04980420 -0.01122615 -0.00578480 0.43529412 0.89019608 0.96078431
v 0.05158453 -0.01067857 -0.00070966 0.43529412 0.89019608 0.96078431
v 0.05161450 -0.01056155 -0.00578480 0.43529412 0.89019608 0.96078431
v 0.05161450 -0.01056155 -0.01014520 0.43529412 0.89019608 0.96078431
v 0.05158453 -0.01056155 -0.01038450 0.43529412 0.89019608 0.96078431
v 0.05151461 -0.01056155 -0.01061745 0.43529412 0.89019608 0.96078431
v 0.05140473 -0.01056155 -0.01083558 0.43529412 0.89019608 0.96078431
v 0.05124491 -0.01056155 -0.01103253 0.43529412 0.89019608 0.96078431
v 0.05124491 -0.01072309 -0.01101876 0.43529412 0.89019608 0.96078431
v 0.05124491 -0.01087891 -0.01097853 0.43529412 0.89019608 0.96078431
v 0.05124491 -0.01102518 -0.01091394 0.43529412 0.89019608 0.96078431
v 0.05106510 -0.01111295 -0.01106112 0.43529412 0.89019608 0.96078431
v 0.05106510 -0.01127131 -0.01095523 0.43529412 0.89019608 0.96078431
v 0.05034589 -0.01179027 -0.01082499 0.43529412 0.89019608 0.96078431
v 0.05007619 -0.01180871 -0.01083558 0.43529412 0.89019608 0.96078431
v 0.03775970 -0.01168342 -0.01100818 0.43529412 0.89019608 0.96078431
v -0.03612920 -0.01179154 -0.01085993 0.43529412 0.89019608 0.96078431
v -0.03612920 -0.01182334 -0.01080805 0.43529412 0.89019608 0.96078431
v -0.04844568 -0.01191555 -0.01061745 0.43529412 0.89019608 0.96078431
v -0.04869541 -0.01189584 -0.01061745 0.43529412 0.89019608 0.96078431
v 0.05059562 -0.01173494 -0.01079429 0.43529412 0.89019608 0.96078431
v 0.05106510 -0.01140741 -0.01082499 0.43529412 0.89019608 0.96078431
v 0.05084534 -0.01164272 -0.01074240 0.43529412 0.89019608 0.96078431
v 0.05106510 -0.01151743 -0.01067463 0.43529412 0.89019608 0.96078431
v -0.04893515 -0.01183415 -0.01061745 0.43529412 0.89019608 0.96078431
v -0.04916490 -0.01173494 -0.01061745 0.43529412 0.89019608 0.96078431
v -0.04937467 -0.01159884 -0.01061745 0.43529412 0.89019608 0.96078431
v -0.04954448 -0.01143221 -0.01061745 0.43529412 0.89019608 0.96078431
v -0.04962439 -0.01148754 -0.00070966 0.43529412 0.89019608 0.96078431
v -0.04941462 -0.01164844 -0.01038450 0.43529412 0.89019608 0.96078431
v -0.04943460 -0.01166498 -0.01014520 0.43529412 0.89019608 0.96078431
v -0.04948455 -0.01162173 -0.00578480 0.43529412 0.89019608 0.96078431
v 0.05157455 -0.01081213 -0.00070966 0.43529412 0.89019608 0.96078431
v 0.05159452 -0.01075807 -0.00578480 0.43529412 0.89019608 0.96078431
v 0.05158453 -0.01081149 -0.01014520 0.43529412 0.89019608 0.96078431
v 0.05158453 -0.01080831 -0.01018650 0.43529412 0.89019608 0.96078431
v 0.05158453 -0.01079750 -0.01022779 0.43529412 0.89019608 0.96078431
v 0.05158453 -0.01077842 -0.01026485 0.43529412 0.89019608 0.96078431
v 0.05158453 -0.01075362 -0.01029980 0.43529412 0.89019608 0.96078431
v 0.05158453 -0.01072309 -0.01032944 0.43529412 0.89019608 0.96078431
v 0.05158453 -0.01068748 -0.01035274 0.43529412 0.89019608 0.96078431
v 0.05158453 -0.01064741 -0.01037074 0.43529412 0.89019608 0.96078431
v 0.05158453 -0.01060607 -0.01038133 0.43529412 0.89019608 0.96078431
v 0.05151461 -0.01064741 -0.01061004 0.43529412 0.89019608 0.96078431
v 0.05140473 -0.01068748 -0.01082499 0.43529412 0.89019608 0.96078431
v 0.05140473 -0.01080831 -0.01079429 0.43529412 0.89019608 0.96078431
v 0.05140473 -0.01092152 -0.01074240 0.43529412 0.89019608 0.96078431
v 0.05140473 -0.01102518 -0.01067463 0.43529412 0.89019608 0.96078431
v 0.05124491 -0.01115747 -0.01082499 0.43529412 0.89019608 0.96078431
v 0.05034589 -0.01189584 -0.01061004 0.43529412 0.89019608 0.96078431
v 0.05007619 -0.01191555 -0.01061745 0.43529412 0.89019608 0.96078431
v 0.03775970 -0.01182334 -0.01080805 0.43529412 0.89019608 0.96078431
v 0.03775970 -0.01179154 -0.01085993 0.43529412 0.89019608 0.96078431
v -0.01187582 -0.01192382 -0.01058992 0.43529412 0.89019608 0.96078431
v -0.04844568 -0.01198106 -0.01038450 0.43529412 0.89019608 0.96078431
v -0.04870540 -0.01195944 -0.01038450 0.43529412 0.89019608 0.96078431
v -0.04896512 -0.01189584 -0.01038450 0.43529412 0.89019608 0.96078431
v 0.05059562 -0.01183415 -0.01058887 0.43529412 0.89019608 0.96078431
v 0.05084534 -0.01173494 -0.01055392 0.43529412 0.89019608 0.96078431
v 0.05124491 -0.01127131 -0.01071593 0.43529412 0.89019608 0.96078431
v 0.05124491 -0.01136416 -0.01058887 0.43529412 0.89019608 0.96078431
v 0.05124491 -0.01143221 -0.01044910 0.43529412 0.89019608 0.96078431
v 0.05106510 -0.01159884 -0.01050733 0.43529412 0.89019608 0.96078431
v -0.04919486 -0.01179027 -0.01038450 0.43529412 0.89019608 0.96078431
v -0.04942461 -0.01166498 -0.00070966 0.43529412 0.89019608 0.96078431
v -0.04921484 -0.01180871 -0.01014520 0.43529412 0.89019608 0.96078431
v -0.04943460 -0.01166498 -0.00578480 0.43529412 0.89019608 0.96078431
v -0.04933471 -0.01173239 -0.00070966 0.43529412 0.89019608 0.96078431
v 0.05155457 -0.01094123 -0.00070966 0.43529412 0.89019608 0.96078431
v 0.05158453 -0.01081149 -0.00578480 0.43529412 0.89019608 0.96078431
v 0.05153459 -0.01100229 -0.00578480 0.43529412 0.89019608 0.96078431
v 0.05151461 -0.01105444 -0.01014520 0.43529412 0.89019608 0.96078431
v 0.05151461 -0.01104744 -0.01022779 0.43529412 0.89019608 0.96078431
v 0.05151461 -0.01102518 -0.01030721 0.43529412 0.89019608 0.96078431
v 0.05151461 -0.01098893 -0.01038133 0.43529412 0.89019608 0.96078431
v 0.05151461 -0.01093933 -0.01044910 0.43529412 0.89019608 0.96078431
v 0.05151461 -0.01087891 -0.01050733 0.43529412 0.89019608 0.96078431
v 0.05151461 -0.01080831 -0.01055392 0.43529412 0.89019608 0.96078431
v 0.05151461 -0.01073009 -0.01058887 0.43529412 0.89019608 0.96078431
v 0.05140473 -0.01111295 -0.01058887 0.43529412 0.89019608 0.96078431
v 0.05059562 -0.01189584 -0.01037074 0.43529412 0.89019608 0.96078431
v 0.05034589 -0.01195944 -0.01038133 0.43529412 0.89019608 0.96078431
v 0.05007619 -0.01198106 -0.01038450 0.43529412 0.89019608 0.96078431
v -0.01186583 -0.01192382 -0.01058992 0.43529412 0.89019608 0.96078431
v -0.01187582 -0.01195689 -0.01047133 0.43529412 0.89019608 0.96078431
v -0.04844568 -0.01200332 -0.01014520 0.43529412 0.89019608 0.96078431
v -0.04871539 -0.01198106 -0.01014520 0.43529412 0.89019608 0.96078431
v -0.04897510 -0.01191555 -0.01014520 0.43529412 0.89019608 0.96078431
v 0.05084534 -0.01179027 -0.01035274 0.43529412 0.89019608 0.96078431
v 0.05106510 -0.01164844 -0.01032944 0.43529412 0.89019608 0.96078431
v 0.05140473 -0.01118545 -0.01049039 0.43529412 0.89019608 0.96078431
v 0.05140473 -0.01123887 -0.01038133 0.43529412 0.89019608 0.96078431
v 0.05140473 -0.01127131 -0.01026485 0.43529412 0.89019608 0.96078431
v 0.05124491 -0.01147355 -0.01029980 0.43529412 0.89019608 0.96078431
v -0.04921484 -0.01180935 -0.00578480 0.43529412 0.89019608 0.96078431
v -0.04921484 -0.01180935 -0.00070966 0.43529412 0.89019608 0.96078431
v 0.05150462 -0.01105444 -0.00070966 0.43529412 0.89019608 0.96078431
v 0.05151461 -0.01105444 -0.00578480 0.43529412 0.89019608 0.96078431
v 0.05140473 -0.01128212 -0.01014520 0.43529412 0.89019608 0.96078431
v 0.05059562 -0.01191555 -0.01014520 0.43529412 0.89019608 0.96078431
v 0.05034589 -0.01198106 -0.01014520 0.43529412 0.89019608 0.96078431
v 0.05084534 -0.01180871 -0.01014520 0.43529412 0.89019608 0.96078431
v 0.05007619 -0.01200332 -0.01014520 0.43529412 0.89019608 0.96078431
v -0.01186583 -0.01195689 -0.01047133 0.43529412 0.89019608 0.96078431
v -0.04845567 -0.01200332 -0.00578480 0.43529412 0.89019608 0.96078431
v -0.04866544 -0.01198551 -0.00578480 0.43529412 0.89019608 0.96078431
v -0.04871539 -0.01198106 -0.00578480 0.43529412 0.89019608 0.96078431
v -0.04885524 -0.01194608 -0.00070966 0.43529412 0.89019608 0.96078431
v -0.04897510 -0.01191555 -0.00070966 0.43529412 0.89019608 0.96078431
v -0.04910496 -0.01185895 -0.00070966 0.43529412 0.89019608 0.96078431
v 0.05106510 -0.01166498 -0.01014520 0.43529412 0.89019608 0.96078431
v 0.05124491 -0.01148818 -0.01014520 0.43529412 0.89019608 0.96078431
v 0.05139474 -0.01128212 -0.00070966 0.43529412 0.89019608 0.96078431
v 0.05140473 -0.01128212 -0.00578480 0.43529412 0.89019608 0.96078431
v 0.05137476 -0.01132664 -0.00578480 0.43529412 0.89019608 0.96078431
v 0.05059562 -0.01191555 -0.00070966 0.43529412 0.89019608 0.96078431
v 0.05035588 -0.01198043 -0.00578480 0.43529412 0.89019608 0.96078431
v 0.05065555 -0.01189266 -0.00578480 0.43529412 0.89019608 0.96078431
v 0.05008618 -0.01200332 -0.00578480 0.43529412 0.89019608 0.96078431
v 0.05084534 -0.01180935 -0.00578480 0.43529412 0.89019608 0.96078431
v 0.05079540 -0.01183161 -0.00578480 0.43529412 0.89019608 0.96078431
v -0.04845567 -0.01200332 -0.00070966 0.43529412 0.89019608 0.96078431
v -0.04871539 -0.01198043 -0.00070966 0.43529412 0.89019608 0.96078431
v 0.05121494 -0.01152634 -0.00578480 0.43529412 0.89019608 0.96078431
v 0.05106510 -0.01166498 -0.00070966 0.43529412 0.89019608 0.96078431
v 0.05124491 -0.01148754 -0.00070966 0.43529412 0.89019608 0.96078431
v 0.05035588 -0.01198043 -0.00070966 0.43529412 0.89019608 0.96078431
v 0.05073546 -0.01185895 -0.00070966 0.43529412 0.89019608 0.96078431
v 0.05008618 -0.01200332 -0.00070966 0.43529412 0.89019608 0.96078431
v 0.05084534 -0.01180935 -0.00070966 0.43529412 0.89019608 0.96078431
f 345 346 347
f 345 347 348
f 345 348 349
f 345 349 350
f 345 350 351
f 345 351 352
f 345 352 353
f 345 353 354
f 345 354 355
f 345 355 356
f 345 356 357
f 345 357 377
f 345 377 358
f 345 358 362
f 345 362 346
f 346 359 360
f 346 360 361
f 346 361 347
f 346 362 380
f 346 380 359
f 347 363 364
f 347 364 348
f 347 361 363
f 348 364 365
f 348 365 349
f 349 365 366
f 349 366 350
f 350 366 367
f 350 367 351
f 351 367 352
f 352 367 368
f 352 368 369
f 352 369 353
f 353 369 370
f 353 370 354
f 354 370 355
f 355 371 372
f 355 372 356
f 355 370 373
f 355 373 371
f 356 372 374
f 356 374 357
f 357 374 375
f 357 375 376
f 357 376 408
f 357 408 377
f 358 377 409
f 358 409 378
f 358 378 379
f 358 379 362
f 359 380 414
f 359 414 381
f 359 381 360
f 360 381 361
f 361 382 383
f 361 383 363
f 361 381 414
f 361 414 384
f 361 384 415
f 361 415 382
f 362 379 385
f 362 385 384
f 362 384 386
f 362 386 380
f 363 387 364
f 363 383 387
f 364 387 388
f 364 388 389
f 364 389 365
f 365 389 366
f 366 389 390
f 366 390 391
f 366 391 367
f 367 391 368
f 368 391 392
f 368 392 393
f 368 393 369
f 369 393 370
f 370 393 394
f 370 394 395
f 370 395 373
f 371 373 396
f 371 396 374
f 371 374 372
f 373 397 396
f 373 395 400
f 373 400 397
f 374 398 428
f 374 428 399
f 374 399 432
f 374 432 437
f 374 437 408
f 374 408 376
f 374 376 375
f 374 396 397
f 374 397 400
f 374 400 401
f 374 401 402
f 374 402 403
f 374 403 404
f 374 404 405
f 374 405 406
f 374 406 407
f 374 407 429
f 374 429 398
f 377 408 409
f 378 409 410
f 378 410 411
f 378 411 412
f 378 412 379
f 379 412 413
f 379 413 385
f 380 386 414
f 382 415 417
f 382 417 383
f 383 416 387
f 383 417 448
f 383 448 416
f 384 414 386
f 384 385 418
f 384 418 417
f 384 417 415
f 385 413 418
f 387 419 420
f 387 420 388
f 387 416 419
f 388 420 389
f 389 420 421
f 389 421 390
f 390 421 422
f 390 422 391
f 391 422 423
f 391 423 424
f 391 424 392
f 392 424 425
f 392 425 393
f 393 425 426
f 393 426 394
f 394 426 395
f 395 426 427
f 395 427 401
f 395 401 400
f 398 429 430
f 398 430 431
f 398 431 458
f 398 458 428
f 399 428 458
f 399 458 497
f 399 497 533
f 399 533 569
f 399 569 572
f 399 572 600
f 399 600 614
f 399 614 613
f 399 613 612
f 399 612 627
f 399 627 626
f 399 626 633
f 399 633 631
f 399 631 620
f 399 620 632
f 399 632 634
f 399 634 629
f 399 629 630
f 399 630 617
f 399 617 601
f 399 601 573
f 399 573 537
f 399 537 506
f 399 506 463
f 399 463 432
f 401 427 433
f 401 433 402
f 402 433 434
f 402 434 403
f 403 434 435
f 403 435 404
f 404 435 436
f 404 436 405
f 405 436 406
f 406 436 429
f 406 429 407
f 408 437 409
f 409 437 410
f 410 438 411
f 410 437 438
f 411 438 439
f 411 439 440
f 411 440 441
f 411 441 412
f 412 441 413
f 413 441 442
f 413 442 443
f 413 443 418
f 416 444 445
f 416 445 446
f 416 446 447
f 416 447 419
f 416 448 481
f 416 481 444
f 417 418 448
f 418 443 449
f 418 449 450
f 418 450 448
f 419 447 420
f 420 451 452
f 420 452 421
f 420 447 451
f 421 452 422
f 422 452 453
f 422 453 454
f 422 454 423
f 423 454 455
f 423 455 424
f 424 455 425
f 425 455 456
f 425 456 457
f 425 457 426
f 426 457 427
f 427 457 433
f 429 436 459
f 429 459 430
f 430 459 431
f 431 460 461
f 431 461 462
f 431 462 458
f 431 459 460
f 432 463 466
f 432 466 437
f 433 457 434
f 434 457 464
f 434 464 465
f 434 465 435
f 435 459 436
f 435 465 459
f 437 466 508
f 437 508 467
f 437 467 468
f 437 468 469
f 437 469 470
f 437 470 471
f 437 471 472
f 437 472 473
f 437 473 474
f 437 474 475
f 437 475 476
f 437 476 439
f 437 439 438
f 439 476 440
f 440 476 475
f 440 475 477
f 440 477 441
f 441 477 478
f 441 478 479
f 441 479 442
f 442 480 443
f 442 479 480
f 443 480 449
f 444 481 482
f 444 482 445
f 445 482 483
f 445 483 446
f 446 483 520
f 446 520 484
f 446 484 485
f 446 485 486
f 446 486 447
f 447 486 451
f 448 450 487
f 448 487 483
f 448 483 482
f 448 482 481
f 449 480 488
f 449 488 489
f 449 489 490
f 449 490 487
f 449 487 450
f 451 486 491
f 451 491 452
f 452 492 493
f 452 493 453
f 452 491 492
f 453 493 494
f 453 494 454
f 454 494 455
f 455 494 495
f 455 495 496
f 455 496 456
f 456 496 457
f 457 496 464
f 458 462 497
f 459 465 460
f 460 465 498
f 460 498 499
f 460 499 500
f 460 500 461
f 461 500 501
f 461 501 502
f 461 502 503
f 461 503 504
f 461 504 497
f 461 497 505
f 461 505 462
f 462 505 497
f 463 506 507
f 463 507 508
f 463 508 466
f 464 496 465
f 465 496 498
f 467 508 468
f 468 508 509
f 468 509 469
f 469 509 510
f 469 510 470
f 470 510 471
f 471 510 511
f 471 511 472
f 472 511 473
f 473 511 512
f 473 512 474
f 474 512 477
f 474 477 475
f 477 512 513
f 477 513 478
f 478 513 479
f 479 513 514
f 479 514 515
f 479 515 516
f 479 516 480
f 480 516 517
f 480 517 488
f 483 487 518
f 483 518 519
f 483 519 520
f 484 521 485
f 484 520 557
f 484 557 521
f 485 521 557
f 485 557 519
f 485 519 556
f 485 556 522
f 485 522 523
f 485 523 524
f 485 524 486
f 486 524 491
f 487 490 525
f 487 525 518
f 488 517 526
f 488 526 489
f 489 527 525
f 489 525 490
f 489 526 528
f 489 528 527
f 491 529 530
f 491 530 492
f 491 524 529
f 492 530 531
f 492 531 493
f 493 531 494
f 494 532 499
f 494 499 495
f 494 531 532
f 495 499 496
f 496 499 498
f 497 504 533
f 499 532 501
f 499 501 500
f 501 532 531
f 501 531 534
f 501 534 535
f 501 535 502
f 502 535 503
f 503 535 536
f 503 536 533
f 503 533 504
f 506 537 507
f 507 537 538
f 507 538 508
f 508 538 539
f 508 539 540
f 508 540 541
f 508 541 542
f 508 542 543
f 508 543 544
f 508 544 545
f 508 545 546
f 508 546 547
f 508 547 509
f 509 547 510
f 510 547 548
f 510 548 549
f 510 549 511
f 511 549 512
f 512 549 513
f 513 549 550
f 513 550 514
f 514 550 515
f 515 550 551
f 515 551 552
f 515 552 553
f 515 553 517
f 515 517 516
f 517 553 526
f 518 525 554
f 518 554 519
f 519 555 556
f 519 557 520
f 519 554 555
f 522 556 555
f 522 555 523
f 523 555 588
f 523 588 558
f 523 558 559
f 523 559 524
f 524 559 560
f 524 560 561
f 524 561 529
f 525 562 554
f 525 527 563
f 525 563 562
f 526 553 564
f 526 564 528
f 527 528 563
f 528 564 565
f 528 565 566
f 528 566 567
f 528 567 563
f 529 561 530
f 530 568 534
f 530 534 531
f 530 561 568
f 533 536 569
f 534 568 570
f 534 570 535
f 535 571 536
f 535 570 572
f 535 572 571
f 536 571 569
f 537 573 538
f 538 574 539
f 538 573 574
f 539 574 573
f 539 573 575
f 539 575 576
f 539 576 540
f 540 576 577
f 540 577 541
f 541 577 578
f 541 578 579
f 541 579 542
f 542 579 543
f 543 579 580
f 543 580 544
f 544 580 581
f 544 581 582
f 544 582 545
f 545 582 546
f 546 582 583
f 546 583 548
f 546 548 547
f 548 583 550
f 548 550 549
f 550 583 582
f 550 582 551
f 551 582 552
f 552 584 564
f 552 564 553
f 552 582 581
f 552 581 580
f 552 580 584
f 554 562 585
f 554 585 586
f 554 586 587
f 554 587 555
f 555 587 588
f 558 589 559
f 558 588 608
f 558 608 589
f 559 590 591
f 559 591 560
f 559 589 608
f 559 608 587
f 559 587 607
f 559 607 590
f 560 591 561
f 561 591 592
f 561 592 570
f 561 570 568
f 562 563 585
f 563 593 585
f 563 567 594
f 563 594 593
f 564 584 595
f 564 595 565
f 565 595 596
f 565 596 566
f 566 596 597
f 566 597 598
f 566 598 594
f 566 594 567
f 569 571 572
f 570 592 599
f 570 599 572
f 572 599 600
f 573 601 602
f 573 602 575
f 575 602 576
f 576 602 618
f 576 618 603
f 576 603 577
f 577 603 597
f 577 597 596
f 577 596 578
f 578 596 579
f 579 596 595
f 579 595 580
f 580 595 584
f 585 604 605
f 585 605 586
f 585 593 606
f 585 606 604
f 586 605 607
f 586 607 587
f 587 608 588
f 590 609 591
f 590 607 623
f 590 623 633
f 590 633 626
f 590 626 609
f 591 609 610
f 591 610 611
f 591 611 612
f 591 612 592
f 592 612 613
f 592 613 614
f 592 614 599
f 593 594 615
f 593 615 606
f 594 598 616
f 594 616 615
f 597 603 616
f 597 616 598
f 599 614 600
f 601 617 618
f 601 618 602
f 603 618 619
f 603 619 616
f 604 620 631
f 604 631 621
f 604 621 605
f 604 606 622
f 604 622 620
f 605 621 623
f 605 623 607
f 606 624 625
f 606 625 622
f 606 615 624
f 609 626 610
f 610 627 611
f 610 626 627
f 611 627 612
f 615 628 629
f 615 629 634
f 615 634 624
f 615 616 628
f 616 619 628
f 617 630 619
f 617 619 618
f 619 630 628
f 620 622 632
f 621 631 633
f 621 633 623
f 622 625 632
f 624 634 632
f 624 632 625
f 628 630 629

o geometry_3
v -0.02149756 0.01200332 -0.00070966 0.38039216 0.78823529 0.52549020
v -0.02149756 0.00550778 -0.00070966 0.38039216 0.78823529 0.52549020
v -0.02149756 0.01200332 -0.00578405 0.38039216 0.78823529 0.52549020
v -0.04845782 0.01200332 -0.00070966 0.38039216 0.78823529 0.52549020
v -0.02152301 -0.00550551 -0.00070966 0.38039216 0.78823529 0.52549020
v -0.02149756 0.00573915 -0.00578405 0.38039216 0.78823529 0.52549020
v -0.04845782 0.01200332 -0.00578405 0.38039216 0.78823529 0.52549020
v -0.04858225 0.01199304 -0.00070966 0.38039216 0.78823529 0.52549020
v -0.02176903 -0.00550551 -0.00578405 0.38039216 0.78823529 0.52549020
v -0.05038356 -0.00550551 -0.00070966 0.38039216 0.78823529 0.52549020
v -0.04872364 0.01198104 -0.00578405 0.38039216 0.78823529 0.52549020
v -0.04872364 0.01198104 -0.00070966 0.38039216 0.78823529 0.52549020
v -0.04603440 -0.00550551 -0.00578405 0.38039216 0.78823529 0.52549020
v -0.05038356 0.00958506 -0.00070966 0.38039216 0.78823529 0.52549020
v -0.05038356 -0.00550551 -0.00575971 0.38039216 0.78823529 0.52549020
v -0.04877737 0.01196733 -0.00578405 0.38039216 0.78823529 0.52549020
v -0.04897814 0.01191591 -0.00070966 0.38039216 0.78823529 0.52549020
v -0.04998201 -0.00550551 -0.00577908 0.38039216 0.78823529 0.52549020
v -0.04998201 0.00000285 -0.00578405 0.38039216 0.78823529 0.52549020
v -0.05038356 0.00958506 -0.00575971 0.38039216 0.78823529 0.52549020
v -0.04989152 0.01105555 -0.00070966 0.38039216 0.78823529 0.52549020
v -0.04897814 0.01191591 -0.00578405 0.38039216 0.78823529 0.52549020
v -0.04910822 0.01185936 -0.00070966 0.38039216 0.78823529 0.52549020
v -0.04998201 0.01056196 -0.00578405 0.38039216 0.78823529 0.52549020
v -0.04994525 0.01086360 -0.00578405 0.38039216 0.78823529 0.52549020
v -0.04995939 0.01081218 -0.00578405 0.38039216 0.78823529 0.52549020
v -0.04996504 0.01075905 -0.00578405 0.38039216 0.78823529 0.52549020
v -0.04989152 0.01105555 -0.00578405 0.38039216 0.78823529 0.52549020
v -0.04977841 0.01128178 -0.00070966 0.38039216 0.78823529 0.52549020
v -0.04922133 0.01180965 -0.00578405 0.38039216 0.78823529 0.52549020
v -0.04922133 0.01180965 -0.00070966 0.38039216 0.78823529 0.52549020
v -0.04977841 0.01128178 -0.00578405 0.38039216 0.78823529 0.52549020
v -0.04970771 0.01137776 -0.00070966 0.38039216 0.78823529 0.52549020
v -0.04974165 0.01133320 -0.00578405 0.38039216 0.78823529 0.52549020
v -0.04938534 0.01170168 -0.00578405 0.38039216 0.78823529 0.52549020
v -0.04943907 0.01166569 -0.00070966 0.38039216 0.78823529 0.52549020
v -0.04962571 0.01148745 -0.00070966 0.38039216 0.78823529 0.52549020
v -0.04965964 0.01144289 -0.00578405 0.38039216 0.78823529 0.52549020
v -0.04943907 0.01166569 -0.00578405 0.38039216 0.78823529 0.52549020
v -0.04952673 0.01158342 -0.00070966 0.38039216 0.78823529 0.52549020
v -0.04958046 0.01153201 -0.00578405 0.38039216 0.78823529 0.52549020
v -0.04962571 0.01148745 -0.00578405 0.38039216 0.78823529 0.52549020
f 635 636 640
f 635 640 637
f 635 637 641
f 635 641 638
f 635 638 642
f 635 642 646
f 635 646 651
f 635 651 657
f 635 657 665
f 635 665 670
f 635 670 674
f 635 674 671
f 635 671 667
f 635 667 663
f 635 663 655
f 635 655 648
f 635 648 644
f 635 644 639
f 635 639 636
f 636 639 640
f 637 640 643
f 637 643 647
f 637 647 653
f 637 653 658
f 637 658 661
f 637 661 660
f 637 660 659
f 637 659 662
f 637 662 666
f 637 666 668
f 637 668 672
f 637 672 676
f 637 676 675
f 637 675 673
f 637 673 669
f 637 669 664
f 637 664 656
f 637 656 650
f 637 650 645
f 637 645 641
f 638 641 642
f 639 643 640
f 639 644 649
f 639 649 652
f 639 652 647
f 639 647 643
f 641 645 642
f 642 645 646
f 644 648 654
f 644 654 649
f 645 650 646
f 646 650 651
f 647 652 653
f 648 655 662
f 648 662 654
f 649 654 658
f 649 658 653
f 649 653 652
f 650 656 651
f 651 656 657
f 654 659 660
f 654 660 661
f 654 661 658
f 654 662 659
f 655 663 666
f 655 666 662
f 656 664 657
f 657 664 665
f 663 667 668
f 663 668 666
f 664 669 665
f 665 669 670
f 667 671 672
f 667 672 668
f 669 673 670
f 670 673 674
f 671 674 675
f 671 675 676
f 671 676 672
f 673 675 674

o geometry_4
v 0.05008621 0.01200265 0.00573093 0.56470588 0.92549020 0.07058824
v 0.05029606 0.01198514 0.00573093 0.56470588 0.92549020 0.07058824
v 0.05008621 0.01200265 -0.00070966 0.56470588 0.92549020 0.07058824
v -0.04845491 0.01200265 0.00573093 0.56470588 0.92549020 0.07058824
v 0.05034603 0.01198043 -0.00070966 0.56470588 0.92549020 0.07058824
v 0.05034603 0.01198043 0.00573093 0.56470588 0.92549020 0.07058824
v -0.04845491 0.01200265 -0.00070966 0.56470588 0.92549020 0.07058824
v -0.04871473 0.01198110 0.00573093 0.56470588 0.92549020 0.07058824
v 0.05040599 0.01196629 0.00573093 0.56470588 0.92549020 0.07058824
v 0.05060585 0.01191579 -0.00070966 0.56470588 0.92549020 0.07058824
v -0.04871473 0.01198110 -0.00070966 0.56470588 0.92549020 0.07058824
v -0.04877468 0.01196696 0.00573093 0.56470588 0.92549020 0.07058824
v 0.05060585 0.01191512 0.00573093 0.56470588 0.92549020 0.07058824
v 0.05060585 0.01191579 -0.00002374 0.56470588 0.92549020 0.07058824
v 0.05079572 0.01183231 0.00573093 0.56470588 0.92549020 0.07058824
v 0.05073576 0.01185857 -0.00070966 0.56470588 0.92549020 0.07058824
v -0.04885463 0.01194609 -0.00070966 0.56470588 0.92549020 0.07058824
v -0.04897454 0.01191579 -0.00070966 0.56470588 0.92549020 0.07058824
v -0.04897454 0.01191579 0.00573093 0.56470588 0.92549020 0.07058824
v 0.05084568 0.01180942 0.00573093 0.56470588 0.92549020 0.07058824
v 0.05084568 0.01180942 -0.00070966 0.56470588 0.92549020 0.07058824
v -0.04921438 0.01180942 -0.00070966 0.56470588 0.92549020 0.07058824
v -0.04909446 0.01186328 -0.00002374 0.56470588 0.92549020 0.07058824
v -0.04921438 0.01180942 0.00573093 0.56470588 0.92549020 0.07058824
v 0.05089564 0.01177845 0.00573093 0.56470588 0.92549020 0.07058824
v 0.05096560 0.01173266 -0.00070966 0.56470588 0.92549020 0.07058824
v -0.04943422 0.01166534 -0.00070966 0.56470588 0.92549020 0.07058824
v -0.04926434 0.01177845 0.00573093 0.56470588 0.92549020 0.07058824
v 0.05106553 0.01166534 0.00573093 0.56470588 0.92549020 0.07058824
v 0.05106553 0.01166534 -0.00070966 0.56470588 0.92549020 0.07058824
v -0.04952416 0.01158320 -0.00070966 0.56470588 0.92549020 0.07058824
v -0.04943422 0.01166534 0.00573093 0.56470588 0.92549020 0.07058824
v 0.05125539 0.01148759 0.00573093 0.56470588 0.92549020 0.07058824
v 0.05125539 0.01148759 -0.00070966 0.56470588 0.92549020 0.07058824
v -0.04962409 0.01148826 -0.00070966 0.56470588 0.92549020 0.07058824
v -0.04962409 0.01148826 0.00573093 0.56470588 0.92549020 0.07058824
v 0.05140529 0.01128224 0.00573093 0.56470588 0.92549020 0.07058824
v 0.05140529 0.01128224 -0.00070966 0.56470588 0.92549020 0.07058824
v -0.04977399 0.01128224 -0.00070966 0.56470588 0.92549020 0.07058824
v -0.04977399 0.01128224 0.00573093 0.56470588 0.92549020 0.07058824
v 0.05143527 0.01123309 0.00573093 0.56470588 0.92549020 0.07058824
v 0.05146525 0.01116038 -0.00070966 0.56470588 0.92549020 0.07058824
v -0.04983394 0.01116105 -0.00070966 0.56470588 0.92549020 0.07058824
v -0.04988391 0.01105535 0.00573093 0.56470588 0.92549020 0.07058824
v 0.05151521 0.01105467 0.00573093 0.56470588 0.92549020 0.07058824
v 0.05151521 0.01105467 -0.00070966 0.56470588 0.92549020 0.07058824
v -0.04988391 0.01105535 -0.00070966 0.56470588 0.92549020 0.07058824
v -0.05038356 0.00958559 0.00571076 0.56470588 0.92549020 0.07058824
v -0.04995386 0.01081229 0.00573093 0.56470588 0.92549020 0.07058824
v 0.05153520 0.01100216 0.00573093 0.56470588 0.92549020 0.07058824
v 0.05155519 0.01094156 -0.00070966 0.56470588 0.92549020 0.07058824
v -0.05038356 0.00958559 -0.00070966 0.56470588 0.92549020 0.07058824
v -0.05038356 0.00519380 0.00571076 0.56470588 0.92549020 0.07058824
v -0.04997385 0.01056251 0.00573093 0.56470588 0.92549020 0.07058824
v 0.05158517 0.01081229 0.00573093 0.56470588 0.92549020 0.07058824
v 0.05158517 0.01081229 -0.00070966 0.56470588 0.92549020 0.07058824
v -0.05038356 0.00519380 -0.00070966 0.56470588 0.92549020 0.07058824
v -0.00254700 0.00512513 0.00573093 0.56470588 0.92549020 0.07058824
v -0.04997385 0.00519380 0.00572715 0.56470588 0.92549020 0.07058824
v -0.04997385 0.00958559 0.00573093 0.56470588 0.92549020 0.07058824
v 0.05159515 0.01075843 0.00573093 0.56470588 0.92549020 0.07058824
v 0.05161514 0.01056184 0.00573093 0.56470588 0.92549020 0.07058824
v 0.05170508 0.00959838 -0.00070966 0.56470588 0.92549020 0.07058824
v -0.00254700 0.00512513 0.00561934 0.56470588 0.92549020 0.07058824
v -0.00223721 0.00512513 -0.00070966 0.56470588 0.92549020 0.07058824
v 0.04914687 0.00512513 0.00573093 0.56470588 0.92549020 0.07058824
v -0.04747559 0.00519380 0.00573093 0.56470588 0.92549020 0.07058824
v 0.05170508 0.00959838 0.00572336 0.56470588 0.92549020 0.07058824
v 0.05161514 0.00958693 0.00573093 0.56470588 0.92549020 0.07058824
v 0.05170508 0.00512513 -0.00070966 0.56470588 0.92549020 0.07058824
v 0.05161514 0.00512513 0.00572715 0.56470588 0.92549020 0.07058824
v 0.05170508 0.00512513 0.00572336 0.56470588 0.92549020 0.07058824
f 677 678 679
f 677 679 683
f 677 683 680
f 677 680 684
f 677 684 688
f 677 688 695
f 677 695 700
f 677 700 704
f 677 704 708
f 677 708 712
f 677 712 716
f 677 716 720
f 677 720 725
f 677 725 730
f 677 730 736
f 677 736 743
f 677 743 734
f 677 734 742
f 677 742 745
f 677 745 738
f 677 738 737
f 677 737 731
f 677 731 726
f 677 726 721
f 677 721 717
f 677 717 713
f 677 713 709
f 677 709 705
f 677 705 701
f 677 701 696
f 677 696 691
f 677 691 689
f 677 689 685
f 677 685 682
f 677 682 678
f 678 681 679
f 678 682 681
f 679 681 686
f 679 686 692
f 679 692 697
f 679 697 702
f 679 702 706
f 679 706 710
f 679 710 714
f 679 714 718
f 679 718 722
f 679 722 727
f 679 727 732
f 679 732 739
f 679 739 746
f 679 746 741
f 679 741 733
f 679 733 728
f 679 728 723
f 679 723 719
f 679 719 715
f 679 715 711
f 679 711 707
f 679 707 703
f 679 703 698
f 679 698 694
f 679 694 693
f 679 693 687
f 679 687 683
f 680 683 687
f 680 687 684
f 681 682 685
f 681 685 686
f 684 687 688
f 685 689 690
f 685 690 686
f 686 690 691
f 686 691 692
f 687 693 688
f 688 693 694
f 688 694 695
f 689 691 690
f 691 696 697
f 691 697 692
f 694 698 699
f 694 699 695
f 695 699 700
f 696 701 697
f 697 701 702
f 698 703 704
f 698 704 700
f 698 700 699
f 701 705 702
f 702 705 706
f 703 707 708
f 703 708 704
f 705 709 710
f 705 710 706
f 707 711 712
f 707 712 708
f 709 713 714
f 709 714 710
f 711 715 716
f 711 716 712
f 713 717 714
f 714 717 718
f 715 719 716
f 716 719 720
f 717 721 722
f 717 722 718
f 719 723 720
f 720 723 728
f 720 728 724
f 720 724 725
f 721 726 722
f 722 726 727
f 724 728 733
f 724 733 729
f 724 729 736
f 724 736 730
f 724 730 725
f 726 731 727
f 727 731 732
f 729 733 740
f 729 740 734
f 729 734 735
f 729 735 736
f 731 737 732
f 732 737 738
f 732 738 739
f 733 741 740
f 734 743 735
f 734 740 741
f 734 741 746
f 734 746 748
f 734 748 747
f 734 747 742
f 735 743 736
f 738 744 739
f 738 745 748
f 738 748 744
f 739 744 748
f 739 748 746
f 742 747 745
f 745 747 748

o geometry_5
v -0.02098872 0.01200332 0.01009810 0.08627451 0.01960784 0.83137255
v -0.02382406 0.01198687 0.01027814 0.08627451 0.01960784 0.83137255
v -0.02098872 0.01198687 0.01027082 0.08627451 0.01960784 0.83137255
v -0.02098872 0.01200332 0.00573149 0.08627451 0.01960784 0.83137255
v -0.04845946 0.01200332 0.01009810 0.08627451 0.01960784 0.83137255
v -0.02098872 0.01197982 0.01033778 0.08627451 0.01960784 0.83137255
v -0.04845946 0.01197982 0.01033778 0.08627451 0.01960784 0.83137255
v -0.02098872 -0.01200332 0.00573149 0.08627451 0.01960784 0.83137255
v -0.04845946 0.01200332 0.00573149 0.08627451 0.01960784 0.83137255
v -0.04872341 0.01197982 0.01009810 0.08627451 0.01960784 0.83137255
v -0.04871773 0.01197982 0.01013973 0.08627451 0.01960784 0.83137255
v -0.04870638 0.01197982 0.01018024 0.08627451 0.01960784 0.83137255
v -0.04868651 0.01197982 0.01021794 0.08627451 0.01960784 0.83137255
v -0.04866097 0.01197982 0.01025226 0.08627451 0.01960784 0.83137255
v -0.04862691 0.01197982 0.01028208 0.08627451 0.01960784 0.83137255
v -0.04859002 0.01197982 0.01030571 0.08627451 0.01960784 0.83137255
v -0.04854744 0.01197982 0.01032315 0.08627451 0.01960784 0.83137255
v -0.04850487 0.01197982 0.01033440 0.08627451 0.01960784 0.83137255
v -0.03613892 0.01197277 0.01036703 0.08627451 0.01960784 0.83137255
v -0.02098872 0.01193047 0.01051951 0.08627451 0.01960784 0.83137255
v -0.04845946 0.01191637 0.01057015 0.08627451 0.01960784 0.83137255
v -0.02098872 -0.01200332 0.01009810 0.08627451 0.01960784 0.83137255
v -0.04845946 -0.01200332 0.00573149 0.08627451 0.01960784 0.83137255
v -0.04872341 0.01197982 0.00573149 0.08627451 0.01960784 0.83137255
v -0.04897033 0.01191637 0.01018024 0.08627451 0.01960784 0.83137255
v -0.04897884 0.01191637 0.01009810 0.08627451 0.01960784 0.83137255
v -0.04894763 0.01191637 0.01025957 0.08627451 0.01960784 0.83137255
v -0.04891073 0.01191637 0.01033440 0.08627451 0.01960784 0.83137255
v -0.04885680 0.01191637 0.01040192 0.08627451 0.01960784 0.83137255
v -0.04879436 0.01191637 0.01045987 0.08627451 0.01960784 0.83137255
v -0.04871773 0.01191637 0.01050713 0.08627451 0.01960784 0.83137255
v -0.04863543 0.01191637 0.01054201 0.08627451 0.01960784 0.83137255
v -0.04854744 0.01191637 0.01056283 0.08627451 0.01960784 0.83137255
v -0.02098872 0.01191637 0.01057015 0.08627451 0.01960784 0.83137255
v -0.04859002 0.01180828 0.01077776 0.08627451 0.01960784 0.83137255
v -0.04845946 0.01180828 0.01078845 0.08627451 0.01960784 0.83137255
v -0.02098872 0.01181298 0.01078226 0.08627451 0.01960784 0.83137255
v -0.03613892 0.01187642 0.01065229 0.08627451 0.01960784 0.83137255
v -0.02098872 0.01189287 0.01061853 0.08627451 0.01960784 0.83137255
v -0.02098872 -0.01198687 0.01027082 0.08627451 0.01960784 0.83137255
v -0.02382406 -0.01198687 0.01027814 0.08627451 0.01960784 0.83137255
v -0.04845946 -0.01200332 0.01009810 0.08627451 0.01960784 0.83137255
v -0.04872341 -0.01197982 0.00573149 0.08627451 0.01960784 0.83137255
v -0.04897884 0.01191637 0.00573149 0.08627451 0.01960784 0.83137255
v -0.04920874 0.01180828 0.01021794 0.08627451 0.01960784 0.83137255
v -0.04916900 0.01183178 0.00573149 0.08627451 0.01960784 0.83137255
v -0.04922009 0.01180828 0.01009810 0.08627451 0.01960784 0.83137255
v -0.04917468 0.01180828 0.01033440 0.08627451 0.01960784 0.83137255
v -0.04911792 0.01180828 0.01044299 0.08627451 0.01960784 0.83137255
v -0.04904129 0.01180828 0.01054201 0.08627451 0.01960784 0.83137255
v -0.04894763 0.01180828 0.01062697 0.08627451 0.01960784 0.83137255
v -0.04883977 0.01180828 0.01069561 0.08627451 0.01960784 0.83137255
v -0.04871773 0.01180828 0.01074681 0.08627451 0.01960784 0.83137255
v -0.04879436 0.01166493 0.01093192 0.08627451 0.01960784 0.83137255
v -0.04862691 0.01166493 0.01097187 0.08627451 0.01960784 0.83137255
v -0.04845946 0.01166493 0.01098537 0.08627451 0.01960784 0.83137255
v -0.03613892 0.01179183 0.01081320 0.08627451 0.01960784 0.83137255
v -0.02098872 0.01180593 0.01079464 0.08627451 0.01960784 0.83137255
v -0.02098872 -0.01197982 0.01033778 0.08627451 0.01960784 0.83137255
v -0.04845946 -0.01197982 0.01033778 0.08627451 0.01960784 0.83137255
v -0.04871773 -0.01195867 0.01033778 0.08627451 0.01960784 0.83137255
v -0.04872341 -0.01197982 0.01009810 0.08627451 0.01960784 0.83137255
v -0.04892492 -0.01193047 0.00573149 0.08627451 0.01960784 0.83137255
v -0.04943863 0.01166493 0.01009810 0.08627451 0.01960784 0.83137255
v -0.04942160 0.01166493 0.01025226 0.08627451 0.01960784 0.83137255
v -0.04937903 0.01166493 0.01040192 0.08627451 0.01960784 0.83137255
v -0.04922009 0.01180828 0.00573149 0.08627451 0.01960784 0.83137255
v -0.04926834 0.01177773 0.00573149 0.08627451 0.01960784 0.83137255
v -0.04930524 0.01166493 0.01054201 0.08627451 0.01960784 0.83137255
v -0.04920874 0.01166493 0.01066861 0.08627451 0.01960784 0.83137255
v -0.04894763 0.01166493 0.01086665 0.08627451 0.01960784 0.83137255
v -0.04908670 0.01166493 0.01077776 0.08627451 0.01960784 0.83137255
v -0.04904129 0.01148869 0.01101406 0.08627451 0.01960784 0.83137255
v -0.04885680 0.01148869 0.01109171 0.08627451 0.01960784 0.83137255
v -0.04866097 0.01148869 0.01113953 0.08627451 0.01960784 0.83137255
v -0.04845946 0.01148869 0.01115585 0.08627451 0.01960784 0.83137255
v -0.03613892 0.01164378 0.01100675 0.08627451 0.01960784 0.83137255
v -0.02098872 0.01166023 0.01099043 0.08627451 0.01960784 0.83137255
v -0.02382406 0.01166493 0.01098537 0.08627451 0.01960784 0.83137255
v -0.02098872 0.01166963 0.01097974 0.08627451 0.01960784 0.83137255
v -0.03613892 0.01168373 0.01096061 0.08627451 0.01960784 0.83137255
v -0.02098872 0.01169783 0.01094205 0.08627451 0.01960784 0.83137255
v -0.02098872 -0.01193047 0.01051895 0.08627451 0.01960784 0.83137255
v -0.03613892 -0.01197277 0.01036703 0.08627451 0.01960784 0.83137255
v -0.04845946 -0.01191637 0.01057015 0.08627451 0.01960784 0.83137255
v -0.04870638 -0.01189522 0.01057015 0.08627451 0.01960784 0.83137255
v -0.04897033 -0.01189522 0.01033778 0.08627451 0.01960784 0.83137255
v -0.04897884 -0.01191637 0.01009810 0.08627451 0.01960784 0.83137255
v -0.04897884 -0.01191637 0.00573149 0.08627451 0.01960784 0.83137255
v -0.04943863 0.01166493 0.00573149 0.08627451 0.01960784 0.83137255
v -0.04958622 0.01152629 0.00573149 0.08627451 0.01960784 0.83137255
v -0.04962595 0.01148869 0.01009810 0.08627451 0.01960784 0.83137255
v -0.04960892 0.01148869 0.01028208 0.08627451 0.01960784 0.83137255
v -0.04955500 0.01148869 0.01045987 0.08627451 0.01960784 0.83137255
v -0.04946985 0.01148869 0.01062697 0.08627451 0.01960784 0.83137255
v -0.04920874 0.01148869 0.01090829 0.08627451 0.01960784 0.83137255
v -0.04935348 0.01148869 0.01077776 0.08627451 0.01960784 0.83137255
v -0.04911792 0.01128190 0.01113334 0.08627451 0.01960784 0.83137255
v -0.04891073 0.01128190 0.01122168 0.08627451 0.01960784 0.83137255
v -0.04868651 0.01128190 0.01127569 0.08627451 0.01960784 0.83137255
v -0.04845946 0.01128190 0.01129369 0.08627451 0.01960784 0.83137255
v -0.02098872 0.01128895 0.01128976 0.08627451 0.01960784 0.83137255
v -0.02382406 0.01148869 0.01115585 0.08627451 0.01960784 0.83137255
v -0.02098872 0.01161559 0.01103376 0.08627451 0.01960784 0.83137255
v -0.02098872 -0.01191637 0.01056339 0.08627451 0.01960784 0.83137255
v -0.02382406 -0.01191637 0.01057015 0.08627451 0.01960784 0.83137255
v -0.04845946 -0.01180828 0.01078845 0.08627451 0.01960784 0.83137255
v -0.04868651 -0.01178948 0.01078845 0.08627451 0.01960784 0.83137255
v -0.02382406 -0.01183648 0.01073387 0.08627451 0.01960784 0.83137255
v -0.02098872 -0.01181298 0.01078170 0.08627451 0.01960784 0.83137255
v -0.04891073 -0.01173308 0.01078845 0.08627451 0.01960784 0.83137255
v -0.04894763 -0.01183413 0.01057015 0.08627451 0.01960784 0.83137255
v -0.04920874 -0.01178948 0.01033778 0.08627451 0.01960784 0.83137255
v -0.04922009 -0.01180828 0.01009810 0.08627451 0.01960784 0.83137255
v -0.04916900 -0.01183178 0.00573149 0.08627451 0.01960784 0.83137255
v -0.04962595 0.01148869 0.00573149 0.08627451 0.01960784 0.83137255
v -0.04977921 0.01128190 0.01009810 0.08627451 0.01960784 0.83137255
v -0.04975651 0.01128190 0.01030571 0.08627451 0.01960784 0.83137255
v -0.04969975 0.01128190 0.01050713 0.08627451 0.01960784 0.83137255
v -0.04960041 0.01128190 0.01069561 0.08627451 0.01960784 0.83137255
v -0.04946985 0.01128190 0.01086665 0.08627451 0.01960784 0.83137255
v -0.04930524 0.01128190 0.01101406 0.08627451 0.01960784 0.83137255
v -0.04937903 0.01105396 0.01109171 0.08627451 0.01960784 0.83137255
v -0.04917468 0.01105396 0.01122168 0.08627451 0.01960784 0.83137255
v -0.04894763 0.01105396 0.01131676 0.08627451 0.01960784 0.83137255
v -0.04870638 0.01105396 0.01137584 0.08627451 0.01960784 0.83137255
v -0.04845946 0.01105396 0.01139553 0.08627451 0.01960784 0.83137255
v -0.03613892 0.01119730 0.01133195 0.08627451 0.01960784 0.83137255
v -0.02098872 0.01123255 0.01131620 0.08627451 0.01960784 0.83137255
v -0.02382406 0.01128190 0.01129369 0.08627451 0.01960784 0.83137255
v -0.02098872 0.01142994 0.01119467 0.08627451 0.01960784 0.83137255
v -0.02098872 0.01127485 0.01129651 0.08627451 0.01960784 0.83137255
v -0.02098872 0.01148164 0.01115979 0.08627451 0.01960784 0.83137255
v -0.02098872 0.01149339 0.01115078 0.08627451 0.01960784 0.83137255
v -0.02098872 -0.01191167 0.01057633 0.08627451 0.01960784 0.83137255
v -0.02098872 -0.01189287 0.01061797 0.08627451 0.01960784 0.83137255
v -0.03613892 -0.01179183 0.01081320 0.08627451 0.01960784 0.83137255
v -0.04845946 -0.01166493 0.01098537 0.08627451 0.01960784 0.83137255
v -0.04866097 -0.01164848 0.01098537 0.08627451 0.01960784 0.83137255
v -0.02098872 -0.01180593 0.01079407 0.08627451 0.01960784 0.83137255
v -0.04885680 -0.01159914 0.01098537 0.08627451 0.01960784 0.83137255
v -0.04911792 -0.01164143 0.01078845 0.08627451 0.01960784 0.83137255
v -0.04917468 -0.01173308 0.01057015 0.08627451 0.01960784 0.83137255
v -0.04937903 -0.01159914 0.01057015 0.08627451 0.01960784 0.83137255
v -0.04942160 -0.01164848 0.01033778 0.08627451 0.01960784 0.83137255
v -0.04943863 -0.01166493 0.01009810 0.08627451 0.01960784 0.83137255
v -0.04926834 -0.01177773 0.00573149 0.08627451 0.01960784 0.83137255
v -0.04922009 -0.01180828 0.00573149 0.08627451 0.01960784 0.83137255
v -0.04977921 0.01128190 0.00573149 0.08627451 0.01960784 0.83137255
v -0.04986720 0.01110331 0.00573149 0.08627451 0.01960784 0.83137255
v -0.04988990 0.01105396 0.01009810 0.08627451 0.01960784 0.83137255
v -0.04986720 0.01105396 0.01032315 0.08627451 0.01960784 0.83137255
v -0.04969975 0.01105396 0.01074681 0.08627451 0.01960784 0.83137255
v -0.04980476 0.01105396 0.01054201 0.08627451 0.01960784 0.83137255
v -0.04955500 0.01105396 0.01093192 0.08627451 0.01960784 0.83137255
v -0.04942160 0.01081192 0.01113953 0.08627451 0.01960784 0.83137255
v -0.04920874 0.01081192 0.01127569 0.08627451 0.01960784 0.83137255
v -0.04960892 0.01081192 0.01097187 0.08627451 0.01960784 0.83137255
v -0.04897033 0.01081192 0.01137584 0.08627451 0.01960784 0.83137255
v -0.04871773 0.01081192 0.01143717 0.08627451 0.01960784 0.83137255
v -0.04845946 0.01081192 0.01145742 0.08627451 0.01960784 0.83137255
v -0.03613892 0.01090356 0.01143435 0.08627451 0.01960784 0.83137255
v -0.02098872 0.01105396 0.01139553 0.08627451 0.01960784 0.83137255
v -0.03613892 -0.01168373 0.01096061 0.08627451 0.01960784 0.83137255
v -0.02098872 -0.01169783 0.01094205 0.08627451 0.01960784 0.83137255
v -0.03613892 -0.01164378 0.01100675 0.08627451 0.01960784 0.83137255
v -0.04845946 -0.01148869 0.01115585 0.08627451 0.01960784 0.83137255
v -0.02382406 -0.01166493 0.01098537 0.08627451 0.01960784 0.83137255
v -0.02098872 -0.01166023 0.01099043 0.08627451 0.01960784 0.83137255
v -0.04862691 -0.01147459 0.01115585 0.08627451 0.01960784 0.83137255
v -0.04879436 -0.01143229 0.01115585 0.08627451 0.01960784 0.83137255
v -0.04894763 -0.01136415 0.01115585 0.08627451 0.01960784 0.83137255
v -0.04904129 -0.01151689 0.01098537 0.08627451 0.01960784 0.83137255
v -0.04920874 -0.01140644 0.01098537 0.08627451 0.01960784 0.83137255
v -0.04930524 -0.01151689 0.01078845 0.08627451 0.01960784 0.83137255
v -0.04946985 -0.01136415 0.01078845 0.08627451 0.01960784 0.83137255
v -0.04955500 -0.01143229 0.01057015 0.08627451 0.01960784 0.83137255
v -0.04960892 -0.01147459 0.01033778 0.08627451 0.01960784 0.83137255
v -0.04958622 -0.01152629 0.00573149 0.08627451 0.01960784 0.83137255
v -0.04943863 -0.01166493 0.00573149 0.08627451 0.01960784 0.83137255
v -0.04962595 -0.01148869 0.01009810 0.08627451 0.01960784 0.83137255
v -0.04988990 0.01105396 0.00573149 0.08627451 0.01960784 0.83137255
v -0.04994383 0.01086362 0.00573149 0.08627451 0.01960784 0.83137255
v -0.04995802 0.01081192 0.01009810 0.08627451 0.01960784 0.83137255
v -0.04993531 0.01081192 0.01033440 0.08627451 0.01960784 0.83137255
v -0.04986720 0.01081192 0.01056283 0.08627451 0.01960784 0.83137255
v -0.04975651 0.01081192 0.01077776 0.08627451 0.01960784 0.83137255
v -0.04943863 0.01056283 0.01115585 0.08627451 0.01960784 0.83137255
v -0.04922009 0.01056283 0.01129369 0.08627451 0.01960784 0.83137255
v -0.04897884 0.01056283 0.01139553 0.08627451 0.01960784 0.83137255
v -0.04977921 0.01056283 0.01078845 0.08627451 0.01960784 0.83137255
v -0.04962595 0.01056283 0.01098537 0.08627451 0.01960784 0.83137255
v -0.04872341 0.01056283 0.01145742 0.08627451 0.01960784 0.83137255
v -0.04845946 0.01056283 0.01147880 0.08627451 0.01960784 0.83137255
v -0.03613892 0.01078137 0.01146023 0.08627451 0.01960784 0.83137255
v -0.02098872 0.01081192 0.01145742 0.08627451 0.01960784 0.83137255
v -0.02098872 0.01081897 0.01145573 0.08627451 0.01960784 0.83137255
v -0.02382406 0.01087302 0.01144223 0.08627451 0.01960784 0.83137255
v -0.02098872 0.01086597 0.01144392 0.08627451 0.01960784 0.83137255
v -0.02098872 -0.01166963 0.01097918 0.08627451 0.01960784 0.83137255
v -0.02098872 -0.01162733 0.01102250 0.08627451 0.01960784 0.83137255
v -0.02382406 -0.01148869 0.01115585 0.08627451 0.01960784 0.83137255
v -0.04845946 -0.01128190 0.01129369 0.08627451 0.01960784 0.83137255
v -0.02098872 -0.01134065 0.01125487 0.08627451 0.01960784 0.83137255
v -0.04859002 -0.01127015 0.01129369 0.08627451 0.01960784 0.83137255
v -0.04871773 -0.01123960 0.01129369 0.08627451 0.01960784 0.83137255
v -0.04883977 -0.01118555 0.01129369 0.08627451 0.01960784 0.83137255
v -0.04894763 -0.01111271 0.01129369 0.08627451 0.01960784 0.83137255
v -0.04908670 -0.01127015 0.01115585 0.08627451 0.01960784 0.83137255
v -0.04920874 -0.01115735 0.01115585 0.08627451 0.01960784 0.83137255
v -0.04935348 -0.01127015 0.01098537 0.08627451 0.01960784 0.83137255
v -0.04946985 -0.01111271 0.01098537 0.08627451 0.01960784 0.83137255
v -0.04960041 -0.01118555 0.01078845 0.08627451 0.01960784 0.83137255
v -0.04969975 -0.01123960 0.01057015 0.08627451 0.01960784 0.83137255
v -0.04975651 -0.01127015 0.01033778 0.08627451 0.01960784 0.83137255
v -0.04977921 -0.01128190 0.01009810 0.08627451 0.01960784 0.83137255
v -0.04962595 -0.01148869 0.00573149 0.08627451 0.01960784 0.83137255
v -0.04995802 0.01081192 0.00573149 0.08627451 0.01960784 0.83137255
v -0.04996369 0.01075787 0.00573149 0.08627451 0.01960784 0.83137255
v -0.04998356 0.01056283 0.01009810 0.08627451 0.01960784 0.83137255
v -0.04995802 0.01056283 0.01033778 0.08627451 0.01960784 0.83137255
v -0.04988990 0.01056283 0.01057015 0.08627451 0.01960784 0.83137255
v -0.04943863 -0.01056283 0.01115585 0.08627451 0.01960784 0.83137255
v -0.04910089 0.00000000 0.01134433 0.08627451 0.01960784 0.83137255
v -0.04922009 -0.01056283 0.01129369 0.08627451 0.01960784 0.83137255
v -0.04897884 -0.01056283 0.01139553 0.08627451 0.01960784 0.83137255
v -0.04977921 -0.01056283 0.01078845 0.08627451 0.01960784 0.83137255
v -0.04962595 -0.01056283 0.01098537 0.08627451 0.01960784 0.83137255
v -0.04872341 -0.01056283 0.01145742 0.08627451 0.01960784 0.83137255
v -0.04845946 0.00000000 0.01147880 0.08627451 0.01960784 0.83137255
v -0.02098872 0.01056283 0.01147880 0.08627451 0.01960784 0.83137255
v -0.02382406 0.01074847 0.01146305 0.08627451 0.01960784 0.83137255
v -0.02098872 0.01074142 0.01146361 0.08627451 0.01960784 0.83137255
v -0.02098872 -0.01160619 0.01104276 0.08627451 0.01960784 0.83137255
v -0.02098872 -0.01149339 0.01115022 0.08627451 0.01960784 0.83137255
v -0.02098872 -0.01148164 0.01115979 0.08627451 0.01960784 0.83137255
v -0.04845946 -0.01105396 0.01139553 0.08627451 0.01960784 0.83137255
v -0.04854744 -0.01104691 0.01139553 0.08627451 0.01960784 0.83137255
v -0.02098872 -0.01128895 0.01128919 0.08627451 0.01960784 0.83137255
v -0.02382406 -0.01128190 0.01129369 0.08627451 0.01960784 0.83137255
v -0.02098872 -0.01110566 0.01137302 0.08627451 0.01960784 0.83137255
v -0.04863543 -0.01102576 0.01139553 0.08627451 0.01960784 0.83137255
v -0.04871773 -0.01098816 0.01139553 0.08627451 0.01960784 0.83137255
v -0.04879436 -0.01093881 0.01139553 0.08627451 0.01960784 0.83137255
v -0.04904129 -0.01102576 0.01129369 0.08627451 0.01960784 0.83137255
v -0.04911792 -0.01092236 0.01129369 0.08627451 0.01960784 0.83137255
v -0.04930524 -0.01102576 0.01115585 0.08627451 0.01960784 0.83137255
v -0.04955500 -0.01093881 0.01098537 0.08627451 0.01960784 0.83137255
v -0.04969975 -0.01098816 0.01078845 0.08627451 0.01960784 0.83137255
v -0.04937903 -0.01087772 0.01115585 0.08627451 0.01960784 0.83137255
v -0.04980476 -0.01102576 0.01057015 0.08627451 0.01960784 0.83137255
v -0.04986720 -0.01104691 0.01033778 0.08627451 0.01960784 0.83137255
v -0.04977921 -0.01128190 0.00573149 0.08627451 0.01960784 0.83137255
v -0.04988990 -0.01105396 0.01009810 0.08627451 0.01960784 0.83137255
v -0.04986720 -0.01110331 0.00573149 0.08627451 0.01960784 0.83137255
v -0.04998356 0.01056283 0.00573149 0.08627451 0.01960784 0.83137255
v -0.04998356 -0.01056283 0.01009810 0.08627451 0.01960784 0.83137255
v -0.04992396 0.00000000 0.01045424 0.08627451 0.01960784 0.83137255
v -0.04995802 -0.01056283 0.01033778 0.08627451 0.01960784 0.83137255
v -0.04988990 -0.01056283 0.01057015 0.08627451 0.01960784 0.83137255
v -0.04942160 -0.01072262 0.01115585 0.08627451 0.01960784 0.83137255
v -0.04920874 -0.01068737 0.01129369 0.08627451 0.01960784 0.83137255
v -0.04960892 -0.01075317 0.01098537 0.08627451 0.01960784 0.83137255
v -0.04897033 -0.01064742 0.01139553 0.08627451 0.01960784 0.83137255
v -0.04975651 -0.01077902 0.01078845 0.08627451 0.01960784 0.83137255
v -0.04986720 -0.01079782 0.01057015 0.08627451 0.01960784 0.83137255
v -0.04871773 -0.01060513 0.01145742 0.08627451 0.01960784 0.83137255
v -0.04845946 -0.01056283 0.01147824 0.08627451 0.01960784 0.83137255
v -0.02098872 -0.01056283 0.01147824 0.08627451 0.01960784 0.83137255
v -0.03549182 0.00205147 0.01147880 0.08627451 0.01960784 0.83137255
v -0.02098872 0.00645754 0.01147880 0.08627451 0.01960784 0.83137255
v -0.03613892 -0.01090356 0.01143435 0.08627451 0.01960784 0.83137255
v -0.04845946 -0.01081192 0.01145742 0.08627451 0.01960784 0.83137255
v -0.02098872 -0.01105396 0.01139553 0.08627451 0.01960784 0.83137255
v -0.02098872 -0.01100226 0.01140903 0.08627451 0.01960784 0.83137255
v -0.04850487 -0.01080722 0.01145742 0.08627451 0.01960784 0.83137255
v -0.04854744 -0.01079782 0.01145742 0.08627451 0.01960784 0.83137255
v -0.02098872 -0.01127485 0.01129651 0.08627451 0.01960784 0.83137255
v -0.04859002 -0.01077902 0.01145742 0.08627451 0.01960784 0.83137255
v -0.04885680 -0.01087772 0.01139553 0.08627451 0.01960784 0.83137255
v -0.04862691 -0.01075317 0.01145742 0.08627451 0.01960784 0.83137255
v -0.04866097 -0.01072262 0.01145742 0.08627451 0.01960784 0.83137255
v -0.04891073 -0.01080722 0.01139553 0.08627451 0.01960784 0.83137255
v -0.04917468 -0.01080722 0.01129369 0.08627451 0.01960784 0.83137255
v -0.04993531 -0.01080722 0.01033778 0.08627451 0.01960784 0.83137255
v -0.04988990 -0.01105396 0.00573149 0.08627451 0.01960784 0.83137255
v -0.04995802 -0.01081192 0.01009810 0.08627451 0.01960784 0.83137255
v -0.04994383 -0.01086362 0.00573149 0.08627451 0.01960784 0.83137255
v -0.04998356 -0.01056283 0.00573149 0.08627451 0.01960784 0.83137255
v -0.04996369 -0.01075787 0.00573149 0.08627451 0.01960784 0.83137255
v -0.04894763 -0.01072967 0.01139553 0.08627451 0.01960784 0.83137255
v -0.04870638 -0.01064742 0.01145742 0.08627451 0.01960784 0.83137255
v -0.04868651 -0.01068737 0.01145742 0.08627451 0.01960784 0.83137255
v -0.03613892 -0.01059338 0.01147599 0.08627451 0.01960784 0.83137255
v -0.02098872 -0.01064742 0.01147149 0.08627451 0.01960784 0.83137255
v -0.02382406 -0.01087302 0.01144223 0.08627451 0.01960784 0.83137255
v -0.03613892 -0.01078137 0.01146023 0.08627451 0.01960784 0.83137255
v -0.02098872 -0.01081897 0.01145573 0.08627451 0.01960784 0.83137255
v -0.02098872 -0.01081192 0.01145742 0.08627451 0.01960784 0.83137255
v -0.02098872 -0.01086597 0.01144392 0.08627451 0.01960784 0.83137255
v -0.04995802 -0.01081192 0.00573149 0.08627451 0.01960784 0.83137255
v -0.02382406 -0.01074847 0.01146305 0.08627451 0.01960784 0.83137255
v -0.02098872 -0.01074142 0.01146361 0.08627451 0.01960784 0.83137255
f 749 750 751
f 749 751 754
f 749 754 768
f 749 768 782
f 749 782 787
f 749 787 785
f 749 785 806
f 749 806 830
f 749 830 828
f 749 828 826
f 749 826 852
f 749 852 882
f 749 882 881
f 749 881 879
f 749 879 850
f 749 850 880
f 749 880 877
f 749 877 911
f 749 911 947
f 749 947 945
f 749 945 944
f 749 944 981
f 749 981 979
f 749 979 1019
f 749 1019 1017
f 749 1017 1043
f 749 1043 1051
f 749 1051 1047
f 749 1047 1046
f 749 1046 1048
f 749 1048 1023
f 749 1023 1022
f 749 1022 989
f 749 989 1026
f 749 1026 987
f 749 987 952
f 749 952 984
f 749 984 983
f 749 983 982
f 749 982 949
f 749 949 917
f 749 917 948
f 749 948 913
f 749 913 888
f 749 888 858
f 749 858 884
f 749 884 883
f 749 883 853
f 749 853 831
f 749 831 807
f 749 807 788
f 749 788 770
f 749 770 756
f 749 756 752
f 749 752 757
f 749 757 753
f 749 753 750
f 750 754 751
f 750 753 755
f 750 755 754
f 752 756 771
f 752 771 791
f 752 791 811
f 752 811 837
f 752 837 863
f 752 863 896
f 752 896 895
f 752 895 928
f 752 928 927
f 752 927 965
f 752 965 1001
f 752 1001 1003
f 752 1003 1034
f 752 1034 1036
f 752 1036 1049
f 752 1049 1038
f 752 1038 1037
f 752 1037 1004
f 752 1004 967
f 752 967 966
f 752 966 931
f 752 931 930
f 752 930 898
f 752 898 897
f 752 897 864
f 752 864 839
f 752 839 838
f 752 838 816
f 752 816 815
f 752 815 794
f 752 794 792
f 752 792 772
f 752 772 757
f 753 757 772
f 753 772 758
f 753 758 759
f 753 759 760
f 753 760 761
f 753 761 762
f 753 762 763
f 753 763 764
f 753 764 765
f 753 765 766
f 753 766 755
f 754 767 768
f 754 755 767
f 755 766 769
f 755 769 767
f 756 770 790
f 756 790 771
f 758 773 759
f 758 772 792
f 758 792 774
f 758 774 773
f 759 773 760
f 760 773 775
f 760 775 776
f 760 776 761
f 761 776 762
f 762 776 777
f 762 777 778
f 762 778 763
f 763 778 764
f 764 778 779
f 764 779 780
f 764 780 765
f 765 780 766
f 766 780 781
f 766 781 769
f 767 769 768
f 768 769 782
f 769 781 783
f 769 783 784
f 769 784 785
f 769 785 786
f 769 786 787
f 769 787 782
f 770 788 789
f 770 789 790
f 771 790 810
f 771 810 791
f 773 774 793
f 773 793 775
f 774 792 794
f 774 794 795
f 774 795 793
f 775 793 796
f 775 796 776
f 776 796 797
f 776 797 798
f 776 798 777
f 777 798 778
f 778 798 799
f 778 799 800
f 778 800 779
f 779 800 780
f 780 783 781
f 780 800 801
f 780 801 783
f 783 801 802
f 783 802 803
f 783 803 784
f 784 803 804
f 784 804 805
f 784 805 806
f 784 806 785
f 785 787 786
f 788 807 789
f 789 807 808
f 789 808 790
f 790 808 809
f 790 809 810
f 791 810 811
f 793 795 812
f 793 812 813
f 793 813 814
f 793 814 796
f 794 815 795
f 795 815 816
f 795 816 812
f 796 814 797
f 797 814 817
f 797 817 818
f 797 818 798
f 798 818 799
f 799 819 800
f 799 818 820
f 799 820 819
f 800 802 801
f 800 819 802
f 802 819 821
f 802 821 822
f 802 822 823
f 802 823 803
f 803 823 824
f 803 824 804
f 804 824 825
f 804 825 826
f 804 826 827
f 804 827 828
f 804 828 829
f 804 829 805
f 805 829 830
f 805 830 806
f 807 831 832
f 807 832 808
f 808 832 833
f 808 833 809
f 809 833 834
f 809 834 835
f 809 835 836
f 809 836 810
f 810 836 811
f 811 836 837
f 812 816 838
f 812 838 839
f 812 839 840
f 812 840 841
f 812 841 813
f 813 841 814
f 814 841 842
f 814 842 843
f 814 843 817
f 817 843 818
f 818 844 820
f 818 843 845
f 818 845 844
f 819 820 844
f 819 844 821
f 821 844 846
f 821 846 847
f 821 847 822
f 822 847 823
f 823 848 824
f 823 847 848
f 824 848 849
f 824 849 850
f 824 850 851
f 824 851 825
f 825 851 852
f 825 852 826
f 826 828 827
f 828 830 829
f 831 853 854
f 831 854 832
f 832 854 833
f 833 855 856
f 833 856 834
f 833 854 857
f 833 857 858
f 833 858 855
f 834 856 859
f 834 859 860
f 834 860 835
f 835 861 836
f 835 860 861
f 836 861 862
f 836 862 863
f 836 863 837
f 839 864 840
f 840 864 897
f 840 897 865
f 840 865 841
f 841 865 866
f 841 866 867
f 841 867 842
f 842 867 843
f 843 867 868
f 843 868 869
f 843 869 845
f 844 845 869
f 844 869 870
f 844 870 846
f 846 870 871
f 846 871 872
f 846 872 847
f 847 873 874
f 847 874 848
f 847 872 873
f 848 874 875
f 848 875 849
f 849 875 876
f 849 876 877
f 849 877 878
f 849 878 850
f 850 879 851
f 850 878 880
f 851 879 881
f 851 881 882
f 851 882 852
f 853 883 854
f 854 883 884
f 854 884 858
f 854 858 857
f 855 885 886
f 855 886 887
f 855 887 856
f 855 858 888
f 855 888 885
f 856 887 859
f 859 887 889
f 859 889 890
f 859 890 860
f 860 890 891
f 860 891 861
f 861 891 892
f 861 892 893
f 861 893 894
f 861 894 862
f 862 894 895
f 862 895 896
f 862 896 863
f 865 897 898
f 865 898 899
f 865 899 900
f 865 900 866
f 866 900 867
f 867 901 868
f 867 900 902
f 867 902 901
f 868 901 869
f 869 903 871
f 869 871 870
f 869 901 903
f 871 904 905
f 871 905 872
f 871 903 906
f 871 906 904
f 872 905 907
f 872 907 873
f 873 907 874
f 874 907 908
f 874 908 875
f 875 908 909
f 875 909 910
f 875 910 911
f 875 911 876
f 876 911 877
f 877 880 878
f 885 912 886
f 885 888 913
f 885 913 912
f 886 914 915
f 886 915 887
f 886 912 913
f 886 913 948
f 886 948 916
f 886 916 917
f 886 917 914
f 887 915 918
f 887 918 889
f 889 919 920
f 889 920 921
f 889 921 890
f 889 918 919
f 890 921 922
f 890 922 923
f 890 923 892
f 890 892 891
f 892 923 924
f 892 924 925
f 892 925 926
f 892 926 893
f 893 926 894
f 894 927 928
f 894 928 895
f 894 926 929
f 894 929 927
f 898 930 899
f 899 930 931
f 899 931 932
f 899 932 933
f 899 933 900
f 900 933 902
f 901 906 903
f 901 902 934
f 901 934 935
f 901 935 906
f 902 933 934
f 904 936 905
f 904 906 936
f 905 937 938
f 905 938 907
f 905 936 937
f 906 935 939
f 906 939 940
f 906 940 936
f 907 938 908
f 908 941 942
f 908 942 909
f 908 938 941
f 909 942 943
f 909 943 944
f 909 944 945
f 909 945 946
f 909 946 910
f 910 946 911
f 911 946 947
f 914 917 949
f 914 949 950
f 914 950 915
f 915 951 918
f 915 950 952
f 915 952 951
f 916 948 917
f 918 951 953
f 918 953 954
f 918 954 919
f 919 954 955
f 919 955 920
f 920 955 956
f 920 956 957
f 920 957 922
f 920 922 921
f 922 957 958
f 922 958 959
f 922 959 924
f 922 924 923
f 924 959 960
f 924 960 961
f 924 961 962
f 924 962 925
f 925 962 926
f 926 962 963
f 926 963 964
f 926 964 929
f 927 929 965
f 929 964 1001
f 929 1001 965
f 931 966 932
f 932 966 967
f 932 967 968
f 932 968 933
f 933 968 969
f 933 969 970
f 933 970 934
f 934 939 935
f 934 970 939
f 936 971 973
f 936 973 937
f 936 940 976
f 936 976 971
f 937 972 938
f 937 973 972
f 938 972 974
f 938 974 977
f 938 977 941
f 939 975 976
f 939 976 940
f 939 970 1008
f 939 1008 975
f 941 977 978
f 941 978 942
f 942 978 1018
f 942 1018 1019
f 942 1019 979
f 942 979 980
f 942 980 943
f 943 980 944
f 944 980 981
f 945 947 946
f 949 982 950
f 950 982 983
f 950 983 984
f 950 984 952
f 951 985 986
f 951 986 953
f 951 952 987
f 951 987 988
f 951 988 989
f 951 989 985
f 953 986 954
f 954 986 990
f 954 990 955
f 955 990 991
f 955 991 992
f 955 992 956
f 956 992 993
f 956 993 958
f 956 958 957
f 958 993 994
f 958 994 995
f 958 995 960
f 958 960 959
f 960 996 997
f 960 997 961
f 960 995 998
f 960 998 996
f 961 997 962
f 962 997 999
f 962 999 1000
f 962 1000 963
f 963 1000 964
f 964 1000 1002
f 964 1002 1003
f 964 1003 1001
f 967 1004 968
f 968 1004 1037
f 968 1037 1005
f 968 1005 1007
f 968 1007 969
f 969 1006 970
f 969 1007 1006
f 970 1006 1008
f 971 1009 1010
f 971 1010 973
f 971 976 1011
f 971 1011 1009
f 972 973 974
f 973 1010 974
f 974 1010 1012
f 974 1012 977
f 975 1013 1011
f 975 1011 976
f 975 1008 1014
f 975 1014 1013
f 977 1015 1016
f 977 1016 978
f 977 1012 1015
f 978 1016 1017
f 978 1017 1018
f 979 981 980
f 985 1020 1021
f 985 1021 986
f 985 989 1022
f 985 1022 1023
f 985 1023 1020
f 986 1024 1025
f 986 1025 990
f 986 1021 1024
f 987 1026 988
f 988 1026 989
f 990 1025 1027
f 990 1027 991
f 991 1027 992
f 992 1028 993
f 992 1027 1029
f 992 1029 1030
f 992 1030 1028
f 993 1028 1031
f 993 1031 994
f 994 1032 998
f 994 998 995
f 994 1031 1032
f 996 998 1011
f 996 1011 997
f 997 1011 1013
f 997 1013 1014
f 997 1014 999
f 998 1009 1011
f 998 1032 1010
f 998 1010 1009
f 999 1014 1033
f 999 1033 1000
f 1000 1033 1002
f 1002 1034 1003
f 1002 1033 1035
f 1002 1035 1036
f 1002 1036 1034
f 1005 1038 1035
f 1005 1035 1033
f 1005 1033 1007
f 1005 1037 1038
f 1006 1007 1008
f 1007 1033 1008
f 1008 1033 1014
f 1010 1032 1039
f 1010 1039 1012
f 1012 1039 1040
f 1012 1040 1015
f 1015 1040 1016
f 1016 1040 1041
f 1016 1041 1030
f 1016 1030 1029
f 1016 1029 1027
f 1016 1027 1025
f 1016 1025 1024
f 1016 1024 1021
f 1016 1021 1042
f 1016 1042 1017
f 1017 1019 1018
f 1017 1042 1043
f 1020 1023 1044
f 1020 1044 1021
f 1021 1045 1042
f 1021 1044 1046
f 1021 1046 1047
f 1021 1047 1045
f 1023 1048 1044
f 1028 1030 1031
f 1030 1041 1031
f 1031 1041 1040
f 1031 1040 1039
f 1031 1039 1032
f 1035 1038 1049
f 1035 1049 1036
f 1042 1045 1050
f 1042 1050 1043
f 1043 1050 1051
f 1044 1048 1046
f 1045 1047 1050
f 1047 1051 1050

o geometry_6
v -0.00959276 0.01200332 -0.00070966 0.77647059 0.86666667 0.97647059
v -0.00959276 0.01200332 -0.00578405 0.77647059 0.86666667 0.97647059
v -0.02149474 0.01200332 -0.00070966 0.77647059 0.86666667 0.97647059
v 0.05008181 0.01200268 -0.00070966 0.77647059 0.86666667 0.97647059
v -0.02149474 0.01200332 -0.00578405 0.77647059 0.86666667 0.97647059
v 0.05008181 0.01200268 -0.00578405 0.77647059 0.86666667 0.97647059
v -0.02149474 0.00550946 -0.00070966 0.77647059 0.86666667 0.97647059
v 0.05035394 0.01198106 -0.00070966 0.77647059 0.86666667 0.97647059
v 0.05014626 0.01199823 -0.00578405 0.77647059 0.86666667 0.97647059
v -0.02149474 0.00574036 -0.00578405 0.77647059 0.86666667 0.97647059
v -0.00223817 0.00550500 -0.00070966 0.77647059 0.86666667 0.97647059
v -0.00199469 0.00550500 -0.00578405 0.77647059 0.86666667 0.97647059
v -0.00200901 0.00550500 -0.00554265 0.77647059 0.86666667 0.97647059
v 0.05060458 0.01191618 -0.00070966 0.77647059 0.86666667 0.97647059
v 0.05055445 0.01193017 -0.00578405 0.77647059 0.86666667 0.97647059
v 0.05035394 0.01198106 -0.00578405 0.77647059 0.86666667 0.97647059
v 0.05029665 0.01198615 -0.00578405 0.77647059 0.86666667 0.97647059
v 0.05166444 0.00550500 -0.00070966 0.77647059 0.86666667 0.97647059
v 0.04766131 0.00550500 -0.00578405 0.77647059 0.86666667 0.97647059
v 0.05060458 0.01191618 -0.00578405 0.77647059 0.86666667 0.97647059
v 0.05074064 0.01185956 -0.00070966 0.77647059 0.86666667 0.97647059
v 0.05066187 0.01189328 -0.00578405 0.77647059 0.86666667 0.97647059
v 0.05166444 0.00550500 -0.00577312 0.77647059 0.86666667 0.97647059
v 0.05166444 0.00960016 -0.00070966 0.77647059 0.86666667 0.97647059
v 0.05160715 0.00956264 -0.00578405 0.77647059 0.86666667 0.97647059
v 0.05160715 0.00550500 -0.00577908 0.77647059 0.86666667 0.97647059
v 0.05079793 0.01183285 -0.00578405 0.77647059 0.86666667 0.97647059
v 0.05084806 0.01180995 -0.00070966 0.77647059 0.86666667 0.97647059
v 0.05084806 0.01180995 -0.00578405 0.77647059 0.86666667 0.97647059
v 0.05166444 0.00960016 -0.00577312 0.77647059 0.86666667 0.97647059
v 0.05160715 0.01062427 -0.00578405 0.77647059 0.86666667 0.97647059
v 0.05159999 0.01067898 -0.00070966 0.77647059 0.86666667 0.97647059
v 0.05107006 0.01166619 -0.00070966 0.77647059 0.86666667 0.97647059
v 0.05107006 0.01166619 -0.00578405 0.77647059 0.86666667 0.97647059
v 0.05158567 0.01081256 -0.00578405 0.77647059 0.86666667 0.97647059
v 0.05158567 0.01081256 -0.00070966 0.77647059 0.86666667 0.97647059
v 0.05125625 0.01148872 -0.00070966 0.77647059 0.86666667 0.97647059
v 0.05125625 0.01148872 -0.00578405 0.77647059 0.86666667 0.97647059
v 0.05153554 0.01100211 -0.00578405 0.77647059 0.86666667 0.97647059
v 0.05154986 0.01094232 -0.00070966 0.77647059 0.86666667 0.97647059
v 0.05133503 0.01137804 -0.00070966 0.77647059 0.86666667 0.97647059
v 0.05129206 0.01144420 -0.00578405 0.77647059 0.86666667 0.97647059
v 0.05151406 0.01105554 -0.00070966 0.77647059 0.86666667 0.97647059
v 0.05149257 0.01111152 -0.00578405 0.77647059 0.86666667 0.97647059
v 0.05139948 0.01128199 -0.00070966 0.77647059 0.86666667 0.97647059
v 0.05137083 0.01132715 -0.00578405 0.77647059 0.86666667 0.97647059
v 0.05145677 0.01117640 -0.00070966 0.77647059 0.86666667 0.97647059
v 0.05139948 0.01128199 -0.00578405 0.77647059 0.86666667 0.97647059
f 1052 1053 1056
f 1052 1056 1054
f 1052 1054 1058
f 1052 1058 1062
f 1052 1062 1069
f 1052 1069 1075
f 1052 1075 1083
f 1052 1083 1087
f 1052 1087 1091
f 1052 1091 1094
f 1052 1094 1098
f 1052 1098 1096
f 1052 1096 1092
f 1052 1092 1088
f 1052 1088 1084
f 1052 1084 1079
f 1052 1079 1072
f 1052 1072 1065
f 1052 1065 1059
f 1052 1059 1055
f 1052 1055 1057
f 1052 1057 1053
f 1053 1057 1060
f 1053 1060 1068
f 1053 1068 1067
f 1053 1067 1066
f 1053 1066 1071
f 1053 1071 1073
f 1053 1073 1078
f 1053 1078 1080
f 1053 1080 1085
f 1053 1085 1089
f 1053 1089 1093
f 1053 1093 1097
f 1053 1097 1099
f 1053 1099 1095
f 1053 1095 1090
f 1053 1090 1086
f 1053 1086 1082
f 1053 1082 1076
f 1053 1076 1070
f 1053 1070 1063
f 1053 1063 1061
f 1053 1061 1056
f 1054 1056 1061
f 1054 1061 1058
f 1055 1059 1060
f 1055 1060 1057
f 1058 1061 1063
f 1058 1063 1064
f 1058 1064 1062
f 1059 1065 1066
f 1059 1066 1067
f 1059 1067 1068
f 1059 1068 1060
f 1062 1064 1063
f 1062 1063 1070
f 1062 1070 1077
f 1062 1077 1074
f 1062 1074 1069
f 1065 1071 1066
f 1065 1072 1073
f 1065 1073 1071
f 1069 1074 1081
f 1069 1081 1075
f 1070 1076 1077
f 1072 1078 1073
f 1072 1079 1080
f 1072 1080 1078
f 1074 1077 1076
f 1074 1076 1082
f 1074 1082 1081
f 1075 1081 1082
f 1075 1082 1083
f 1079 1084 1085
f 1079 1085 1080
f 1082 1086 1087
f 1082 1087 1083
f 1084 1088 1089
f 1084 1089 1085
f 1086 1090 1087
f 1087 1090 1091
f 1088 1092 1093
f 1088 1093 1089
f 1090 1094 1091
f 1090 1095 1094
f 1092 1096 1097
f 1092 1097 1093
f 1094 1095 1098
f 1095 1099 1096
f 1095 1096 1098
f 1096 1099 1097

o geometry_7
v -0.02121284 0.00519297 0.00573093 0.79607843 0.45882353 0.78039216
v -0.02120428 -0.00521469 0.00573093 0.79607843 0.45882353 0.78039216
v -0.02121284 0.00519297 0.00570760 0.79607843 0.45882353 0.78039216
v -0.04748163 0.00519297 0.00573093 0.79607843 0.45882353 0.78039216
v -0.02120428 -0.00546213 0.00028140 0.79607843 0.45882353 0.78039216
v -0.02120428 -0.01200332 0.00573093 0.79607843 0.45882353 0.78039216
v -0.02120428 -0.00550758 -0.00070966 0.79607843 0.45882353 0.78039216
v -0.02152132 0.00519297 -0.00067624 0.79607843 0.45882353 0.78039216
v -0.04998083 0.00519297 0.00572715 0.79607843 0.45882353 0.78039216
v -0.04998083 -0.00000160 0.00573093 0.79607843 0.45882353 0.78039216
v -0.02120428 -0.01200332 -0.00070966 0.79607843 0.45882353 0.78039216
v -0.04845846 -0.01200332 0.00573093 0.79607843 0.45882353 0.78039216
v -0.02152417 0.00519297 -0.00070966 0.79607843 0.45882353 0.78039216
v -0.05038070 0.00519297 0.00571139 0.79607843 0.45882353 0.78039216
v -0.04998083 -0.01056244 0.00573093 0.79607843 0.45882353 0.78039216
v -0.04845846 -0.01200332 -0.00070966 0.79607843 0.45882353 0.78039216
v -0.04872409 -0.01198144 0.00573093 0.79607843 0.45882353 0.78039216
v -0.05038070 0.00519297 -0.00070966 0.79607843 0.45882353 0.78039216
v -0.05038070 -0.00958614 0.00571139 0.79607843 0.45882353 0.78039216
v -0.04997798 -0.01061630 0.00573093 0.79607843 0.45882353 0.78039216
v -0.04872409 -0.01198144 -0.00070966 0.79607843 0.45882353 0.78039216
v -0.04897829 -0.01191579 0.00573093 0.79607843 0.45882353 0.78039216
v -0.04886119 -0.01194609 -0.00070966 0.79607843 0.45882353 0.78039216
v -0.05038070 -0.00958614 -0.00070966 0.79607843 0.45882353 0.78039216
v -0.04988943 -0.01105395 0.00573093 0.79607843 0.45882353 0.78039216
v -0.04994370 -0.01086375 0.00573093 0.79607843 0.45882353 0.78039216
v -0.04995798 -0.01081156 0.00573093 0.79607843 0.45882353 0.78039216
v -0.04996370 -0.01075770 0.00573093 0.79607843 0.45882353 0.78039216
v -0.04903256 -0.01189222 0.00573093 0.79607843 0.45882353 0.78039216
v -0.04909254 -0.01186697 -0.00070966 0.79607843 0.45882353 0.78039216
v -0.04897829 -0.01191579 -0.00070966 0.79607843 0.45882353 0.78039216
v -0.04988943 -0.01105395 -0.00070966 0.79607843 0.45882353 0.78039216
v -0.04986659 -0.01110445 0.00573093 0.79607843 0.45882353 0.78039216
v -0.04922107 -0.01180974 0.00573093 0.79607843 0.45882353 0.78039216
v -0.04922107 -0.01180974 -0.00070966 0.79607843 0.45882353 0.78039216
v -0.04983802 -0.01116000 -0.00070966 0.79607843 0.45882353 0.78039216
v -0.04983516 -0.01116842 -0.00002374 0.79607843 0.45882353 0.78039216
v -0.04977804 -0.01128288 0.00573093 0.79607843 0.45882353 0.78039216
v -0.04943815 -0.01166498 0.00573093 0.79607843 0.45882353 0.78039216
v -0.04943815 -0.01166498 -0.00070966 0.79607843 0.45882353 0.78039216
v -0.04977804 -0.01128288 -0.00070966 0.79607843 0.45882353 0.78039216
v -0.04962666 -0.01148824 0.00573093 0.79607843 0.45882353 0.78039216
v -0.04947814 -0.01162795 0.00573093 0.79607843 0.45882353 0.78039216
v -0.04953241 -0.01157745 -0.00002374 0.79607843 0.45882353 0.78039216
v -0.04952669 -0.01158250 -0.00070966 0.79607843 0.45882353 0.78039216
v -0.04962666 -0.01148824 -0.00070966 0.79607843 0.45882353 0.78039216
f 1100 1101 1102
f 1100 1102 1107
f 1100 1107 1112
f 1100 1112 1117
f 1100 1117 1113
f 1100 1113 1108
f 1100 1108 1103
f 1100 1103 1109
f 1100 1109 1114
f 1100 1114 1119
f 1100 1119 1127
f 1100 1127 1126
f 1100 1126 1125
f 1100 1125 1124
f 1100 1124 1132
f 1100 1132 1137
f 1100 1137 1141
f 1100 1141 1142
f 1100 1142 1138
f 1100 1138 1133
f 1100 1133 1128
f 1100 1128 1121
f 1100 1121 1116
f 1100 1116 1111
f 1100 1111 1105
f 1100 1105 1101
f 1101 1104 1102
f 1101 1105 1110
f 1101 1110 1106
f 1101 1106 1104
f 1102 1104 1106
f 1102 1106 1107
f 1103 1108 1109
f 1105 1111 1115
f 1105 1115 1110
f 1106 1110 1115
f 1106 1115 1120
f 1106 1120 1122
f 1106 1122 1130
f 1106 1130 1129
f 1106 1129 1134
f 1106 1134 1139
f 1106 1139 1144
f 1106 1144 1145
f 1106 1145 1140
f 1106 1140 1135
f 1106 1135 1131
f 1106 1131 1123
f 1106 1123 1117
f 1106 1117 1112
f 1106 1112 1107
f 1108 1113 1109
f 1109 1113 1118
f 1109 1118 1114
f 1111 1116 1120
f 1111 1120 1115
f 1113 1117 1123
f 1113 1123 1118
f 1114 1118 1119
f 1116 1121 1122
f 1116 1122 1120
f 1118 1123 1131
f 1118 1131 1124
f 1118 1124 1125
f 1118 1125 1126
f 1118 1126 1127
f 1118 1127 1119
f 1121 1128 1129
f 1121 1129 1130
f 1121 1130 1122
f 1124 1131 1132
f 1128 1133 1129
f 1129 1133 1134
f 1131 1135 1136
f 1131 1136 1132
f 1132 1136 1137
f 1133 1138 1139
f 1133 1139 1134
f 1135 1140 1136
f 1136 1140 1137
f 1137 1140 1145
f 1137 1145 1141
f 1138 1142 1139
f 1139 1142 1143
f 1139 1143 1144
f 1141 1145 1143
f 1141 1143 1142
f 1143 1145 1144

o geometry_8
v 0.05008488 0.01200267 -0.00578405 0.11764706 0.63921569 0.14117647
v 0.05008488 0.01200267 -0.01014636 0.11764706 0.63921569 0.14117647
v -0.01187362 0.01200267 -0.00578405 0.11764706 0.63921569 0.14117647
v 0.05035340 0.01198051 -0.00578405 0.11764706 0.63921569 0.14117647
v 0.05008488 0.01198051 -0.01038584 0.11764706 0.63921569 0.14117647
v 0.03776280 0.01198898 -0.01029646 0.11764706 0.63921569 0.14117647
v -0.01188356 0.01198116 -0.01038528 0.11764706 0.63921569 0.14117647
v -0.02381778 0.01199745 -0.01020595 0.11764706 0.63921569 0.14117647
v -0.01187362 0.01200267 -0.01014636 0.11764706 0.63921569 0.14117647
v 0.05035340 0.01198051 -0.01014636 0.11764706 0.63921569 0.14117647
v 0.05035340 0.01195900 -0.01038190 0.11764706 0.63921569 0.14117647
v -0.04845200 0.01200267 -0.00578461 0.11764706 0.63921569 0.14117647
v -0.04851167 0.01199811 -0.00578461 0.11764706 0.63921569 0.14117647
v -0.04872052 0.01198116 -0.00578461 0.11764706 0.63921569 0.14117647
v -0.04897910 0.01191598 -0.00578461 0.11764706 0.63921569 0.14117647
v -0.04921778 0.01180975 -0.00578461 0.11764706 0.63921569 0.14117647
v -0.04943657 0.01166571 -0.00578461 0.11764706 0.63921569 0.14117647
v -0.04961559 0.01148778 -0.00578461 0.11764706 0.63921569 0.14117647
v -0.04965537 0.01144411 -0.00578461 0.11764706 0.63921569 0.14117647
v -0.04977471 0.01128247 -0.00578461 0.11764706 0.63921569 0.14117647
v -0.04988411 0.01105501 -0.00578461 0.11764706 0.63921569 0.14117647
v -0.04990400 0.01100287 -0.00578461 0.11764706 0.63921569 0.14117647
v -0.04995372 0.01081255 -0.00578461 0.11764706 0.63921569 0.14117647
v -0.04996367 0.01075845 -0.00578461 0.11764706 0.63921569 0.14117647
v -0.04998356 0.01056227 -0.00578461 0.11764706 0.63921569 0.14117647
v -0.01187362 0.00574118 -0.00578405 0.11764706 0.63921569 0.14117647
v 0.05055231 0.01192967 -0.00578405 0.11764706 0.63921569 0.14117647
v 0.05035340 0.01189513 -0.01061126 0.11764706 0.63921569 0.14117647
v 0.05008488 0.01191533 -0.01061857 0.11764706 0.63921569 0.14117647
v 0.03776280 0.01195639 -0.01047241 0.11764706 0.63921569 0.14117647
v 0.01312858 0.01194010 -0.01053144 0.11764706 0.63921569 0.14117647
v -0.01188356 0.01191598 -0.01061801 0.11764706 0.63921569 0.14117647
v -0.04845200 0.01198116 -0.01038528 0.11764706 0.63921569 0.14117647
v -0.04845200 0.01200267 -0.01014580 0.11764706 0.63921569 0.14117647
v 0.05060203 0.01191533 -0.01014636 0.11764706 0.63921569 0.14117647
v 0.05060203 0.01189513 -0.01037178 0.11764706 0.63921569 0.14117647
v -0.04872052 0.01198116 -0.01014580 0.11764706 0.63921569 0.14117647
v -0.04897910 0.01191598 -0.01014580 0.11764706 0.63921569 0.14117647
v -0.04921778 0.01180975 -0.01014580 0.11764706 0.63921569 0.14117647
v -0.04943657 0.01166571 -0.01014580 0.11764706 0.63921569 0.14117647
v -0.04961559 0.01148778 -0.01014580 0.11764706 0.63921569 0.14117647
v -0.04977471 0.01128247 -0.01014580 0.11764706 0.63921569 0.14117647
v -0.04988411 0.01105501 -0.01014580 0.11764706 0.63921569 0.14117647
v -0.04995372 0.01081255 -0.01014580 0.11764706 0.63921569 0.14117647
v -0.04998356 0.01056227 -0.01014580 0.11764706 0.63921569 0.14117647
v -0.04998356 0.00573988 -0.00578461 0.11764706 0.63921569 0.14117647
v -0.00199805 0.00534491 -0.00578405 0.11764706 0.63921569 0.14117647
v 0.05060203 0.01191533 -0.00578405 0.11764706 0.63921569 0.14117647
v 0.05035340 0.01179019 -0.01082544 0.11764706 0.63921569 0.14117647
v 0.05008488 0.01180910 -0.01083669 0.11764706 0.63921569 0.14117647
v 0.05060203 0.01183386 -0.01058990 0.11764706 0.63921569 0.14117647
v 0.05060203 0.01173414 -0.01079452 0.11764706 0.63921569 0.14117647
v 0.03776280 0.01192381 -0.01058878 0.11764706 0.63921569 0.14117647
v 0.02544071 0.01188926 -0.01067310 0.11764706 0.63921569 0.14117647
v -0.04845200 0.01191598 -0.01061801 0.11764706 0.63921569 0.14117647
v -0.01187362 0.01190295 -0.01064499 0.11764706 0.63921569 0.14117647
v -0.04850173 0.01198116 -0.01038190 0.11764706 0.63921569 0.14117647
v -0.04854150 0.01198116 -0.01037122 0.11764706 0.63921569 0.14117647
v -0.04858129 0.01198116 -0.01035323 0.11764706 0.63921569 0.14117647
v -0.04862107 0.01198116 -0.01032962 0.11764706 0.63921569 0.14117647
v -0.04865091 0.01198116 -0.01029983 0.11764706 0.63921569 0.14117647
v -0.04868074 0.01198116 -0.01026554 0.11764706 0.63921569 0.14117647
v -0.04870063 0.01198116 -0.01022787 0.11764706 0.63921569 0.14117647
v -0.04871058 0.01198116 -0.01018740 0.11764706 0.63921569 0.14117647
v 0.05066170 0.01189252 -0.00578405 0.11764706 0.63921569 0.14117647
v 0.05085066 0.01180910 -0.01014636 0.11764706 0.63921569 0.14117647
v 0.05085066 0.01179019 -0.01035323 0.11764706 0.63921569 0.14117647
v 0.05085066 0.01173414 -0.01055505 0.11764706 0.63921569 0.14117647
v -0.04896915 0.01191598 -0.01022787 0.11764706 0.63921569 0.14117647
v -0.04919789 0.01180975 -0.01026554 0.11764706 0.63921569 0.14117647
v -0.04941669 0.01166571 -0.01029983 0.11764706 0.63921569 0.14117647
v -0.04960565 0.01148778 -0.01032962 0.11764706 0.63921569 0.14117647
v -0.04975482 0.01128247 -0.01035323 0.11764706 0.63921569 0.14117647
v -0.04986422 0.01105501 -0.01037122 0.11764706 0.63921569 0.14117647
v -0.04993383 0.01081255 -0.01038190 0.11764706 0.63921569 0.14117647
v -0.04996367 0.00573988 -0.01033075 0.11764706 0.63921569 0.14117647
v -0.04998356 0.00573988 -0.01014580 0.11764706 0.63921569 0.14117647
v -0.04995372 0.01056227 -0.01038528 0.11764706 0.63921569 0.14117647
v -0.00177925 0.00534491 -0.01020651 0.11764706 0.63921569 0.14117647
v 0.05161644 0.00534491 -0.00578405 0.11764706 0.63921569 0.14117647
v 0.05035340 0.01164876 -0.01101995 0.11764706 0.63921569 0.14117647
v 0.05008488 0.01166571 -0.01103344 0.11764706 0.63921569 0.14117647
v 0.02544071 0.01170155 -0.01098453 0.11764706 0.63921569 0.14117647
v -0.02381778 0.01170221 -0.01098397 0.11764706 0.63921569 0.14117647
v -0.01188356 0.01180975 -0.01083612 0.11764706 0.63921569 0.14117647
v -0.01188356 0.01187688 -0.01069896 0.11764706 0.63921569 0.14117647
v 0.05085066 0.01164224 -0.01074393 0.11764706 0.63921569 0.14117647
v 0.05060203 0.01159858 -0.01097947 0.11764706 0.63921569 0.14117647
v 0.05085066 0.01151776 -0.01091482 0.11764706 0.63921569 0.14117647
v -0.04845200 0.01180975 -0.01083612 0.11764706 0.63921569 0.14117647
v -0.04854150 0.01191598 -0.01061070 0.11764706 0.63921569 0.14117647
v -0.04863102 0.01191598 -0.01058934 0.11764706 0.63921569 0.14117647
v -0.04871058 0.01191598 -0.01055448 0.11764706 0.63921569 0.14117647
v -0.04879014 0.01191598 -0.01050726 0.11764706 0.63921569 0.14117647
v -0.04884981 0.01191598 -0.01044936 0.11764706 0.63921569 0.14117647
v -0.04889954 0.01191598 -0.01038190 0.11764706 0.63921569 0.14117647
v -0.04893931 0.01191598 -0.01030714 0.11764706 0.63921569 0.14117647
v 0.05080093 0.01183256 -0.00578405 0.11764706 0.63921569 0.14117647
v 0.05085066 0.01180910 -0.00578405 0.11764706 0.63921569 0.14117647
v 0.05106946 0.01166506 -0.01014636 0.11764706 0.63921569 0.14117647
v 0.05106946 0.01164876 -0.01032962 0.11764706 0.63921569 0.14117647
v 0.05106946 0.01159858 -0.01050783 0.11764706 0.63921569 0.14117647
v 0.05106946 0.01151776 -0.01067535 0.11764706 0.63921569 0.14117647
v -0.04916806 0.01180975 -0.01038190 0.11764706 0.63921569 0.14117647
v -0.04937690 0.01166571 -0.01044936 0.11764706 0.63921569 0.14117647
v -0.04954597 0.01148778 -0.01050726 0.11764706 0.63921569 0.14117647
v -0.04969515 0.01128247 -0.01055448 0.11764706 0.63921569 0.14117647
v -0.04986422 0.01081255 -0.01061070 0.11764706 0.63921569 0.14117647
v -0.04979460 0.01105501 -0.01058934 0.11764706 0.63921569 0.14117647
v -0.04988411 0.01056227 -0.01061801 0.11764706 0.63921569 0.14117647
v -0.04995372 0.00573988 -0.01038528 0.11764706 0.63921569 0.14117647
v -0.00174942 0.00534491 -0.01043868 0.11764706 0.63921569 0.14117647
v -0.00176931 0.00534491 -0.01032288 0.11764706 0.63921569 0.14117647
v 0.05161644 0.00534491 -0.01014636 0.11764706 0.63921569 0.14117647
v 0.05161644 0.01056227 -0.00578405 0.11764706 0.63921569 0.14117647
v 0.05035340 0.01147409 -0.01118747 0.11764706 0.63921569 0.14117647
v 0.05060203 0.01143172 -0.01114025 0.11764706 0.63921569 0.14117647
v 0.05008488 0.01148778 -0.01120377 0.11764706 0.63921569 0.14117647
v 0.03776280 0.01155426 -0.01114025 0.11764706 0.63921569 0.14117647
v -0.03612992 0.01155491 -0.01113969 0.11764706 0.63921569 0.14117647
v -0.01187362 0.01166571 -0.01103344 0.11764706 0.63921569 0.14117647
v -0.04845200 0.01166571 -0.01103288 0.11764706 0.63921569 0.14117647
v 0.05085066 0.01136394 -0.01106211 0.11764706 0.63921569 0.14117647
v 0.05106946 0.01140696 -0.01082544 0.11764706 0.63921569 0.14117647
v 0.05106946 0.01127139 -0.01095586 0.11764706 0.63921569 0.14117647
v -0.04862107 0.01166571 -0.01101939 0.11764706 0.63921569 0.14117647
v -0.04858129 0.01180975 -0.01082544 0.11764706 0.63921569 0.14117647
v -0.04871058 0.01180975 -0.01079452 0.11764706 0.63921569 0.14117647
v -0.04882992 0.01180975 -0.01074337 0.11764706 0.63921569 0.14117647
v -0.04893931 0.01180975 -0.01067478 0.11764706 0.63921569 0.14117647
v -0.04903877 0.01180975 -0.01058934 0.11764706 0.63921569 0.14117647
v -0.04910838 0.01180975 -0.01049096 0.11764706 0.63921569 0.14117647
v 0.05106946 0.01166506 -0.00578405 0.11764706 0.63921569 0.14117647
v 0.05121863 0.01152623 -0.00578405 0.11764706 0.63921569 0.14117647
v 0.05124847 0.01148778 -0.01014636 0.11764706 0.63921569 0.14117647
v 0.05124847 0.01147409 -0.01030039 0.11764706 0.63921569 0.14117647
v 0.05124847 0.01143172 -0.01044992 0.11764706 0.63921569 0.14117647
v 0.05124847 0.01136394 -0.01058990 0.11764706 0.63921569 0.14117647
v 0.05124847 0.01127139 -0.01071638 0.11764706 0.63921569 0.14117647
v -0.04929734 0.01166571 -0.01058934 0.11764706 0.63921569 0.14117647
v -0.04946641 0.01148778 -0.01067478 0.11764706 0.63921569 0.14117647
v -0.04959570 0.01128247 -0.01074337 0.11764706 0.63921569 0.14117647
v -0.04969515 0.01105501 -0.01079452 0.11764706 0.63921569 0.14117647
v -0.04975482 0.01081255 -0.01082544 0.11764706 0.63921569 0.14117647
v -0.04977471 0.01056227 -0.01083612 0.11764706 0.63921569 0.14117647
v -0.04988411 0.00573988 -0.01061801 0.11764706 0.63921569 0.14117647
v -0.00170964 0.00534491 -0.01055167 0.11764706 0.63921569 0.14117647
v 0.05159654 0.00534491 -0.01032681 0.11764706 0.63921569 0.14117647
v 0.05161644 0.01056227 -0.01014636 0.11764706 0.63921569 0.14117647
v 0.05159654 0.01075845 -0.00578405 0.11764706 0.63921569 0.14117647
v 0.05035340 0.01127139 -0.01132351 0.11764706 0.63921569 0.14117647
v 0.05008488 0.01128247 -0.01134206 0.11764706 0.63921569 0.14117647
v 0.05060203 0.01123880 -0.01126898 0.11764706 0.63921569 0.14117647
v 0.05085066 0.01118601 -0.01118129 0.11764706 0.63921569 0.14117647
v 0.03776280 0.01146236 -0.01122120 0.11764706 0.63921569 0.14117647
v -0.01187362 0.01148778 -0.01120377 0.11764706 0.63921569 0.14117647
v -0.03612992 0.01151059 -0.01118185 0.11764706 0.63921569 0.14117647
v -0.04845200 0.01148778 -0.01120321 0.11764706 0.63921569 0.14117647
v 0.05106946 0.01111366 -0.01106211 0.11764706 0.63921569 0.14117647
v 0.05124847 0.01115733 -0.01082544 0.11764706 0.63921569 0.14117647
v 0.05124847 0.01102503 -0.01091482 0.11764706 0.63921569 0.14117647
v -0.04865091 0.01148778 -0.01118691 0.11764706 0.63921569 0.14117647
v -0.04879014 0.01166571 -0.01097947 0.11764706 0.63921569 0.14117647
v -0.04893931 0.01166571 -0.01091426 0.11764706 0.63921569 0.14117647
v -0.04907855 0.01166571 -0.01082544 0.11764706 0.63921569 0.14117647
v -0.04919789 0.01166571 -0.01071638 0.11764706 0.63921569 0.14117647
v 0.05124847 0.01148778 -0.00578405 0.11764706 0.63921569 0.14117647
v 0.05140759 0.01128247 -0.01014636 0.11764706 0.63921569 0.14117647
v 0.05140759 0.01127139 -0.01026554 0.11764706 0.63921569 0.14117647
v 0.05140759 0.01123880 -0.01038190 0.11764706 0.63921569 0.14117647
v 0.05140759 0.01118601 -0.01049096 0.11764706 0.63921569 0.14117647
v 0.05140759 0.01111366 -0.01058990 0.11764706 0.63921569 0.14117647
v 0.05140759 0.01102503 -0.01067535 0.11764706 0.63921569 0.14117647
v -0.04934707 0.01148778 -0.01082544 0.11764706 0.63921569 0.14117647
v -0.04946641 0.01128247 -0.01091426 0.11764706 0.63921569 0.14117647
v -0.04954597 0.01105501 -0.01097947 0.11764706 0.63921569 0.14117647
v -0.04960565 0.01081255 -0.01101939 0.11764706 0.63921569 0.14117647
v -0.04961559 0.01056227 -0.01103288 0.11764706 0.63921569 0.14117647
v -0.04977471 0.00573988 -0.01083612 0.11764706 0.63921569 0.14117647
v -0.00166986 0.00534491 -0.01066186 0.11764706 0.63921569 0.14117647
v 0.05158660 0.00534491 -0.01038584 0.11764706 0.63921569 0.14117647
v 0.05158660 0.01056227 -0.01038584 0.11764706 0.63921569 0.14117647
v 0.05158660 0.01060529 -0.01038190 0.11764706 0.63921569 0.14117647
v 0.05158660 0.01064765 -0.01037178 0.11764706 0.63921569 0.14117647
v 0.05158660 0.01068741 -0.01035323 0.11764706 0.63921569 0.14117647
v 0.05158660 0.01072261 -0.01032962 0.11764706 0.63921569 0.14117647
v 0.05158660 0.01075389 -0.01030039 0.11764706 0.63921569 0.14117647
v 0.05158660 0.01077866 -0.01026554 0.11764706 0.63921569 0.14117647
v 0.05158660 0.01079691 -0.01022787 0.11764706 0.63921569 0.14117647
v 0.05158660 0.01080864 -0.01018740 0.11764706 0.63921569 0.14117647
v 0.05158660 0.01081190 -0.01014636 0.11764706 0.63921569 0.14117647
v 0.05158660 0.01081190 -0.00578405 0.11764706 0.63921569 0.14117647
v 0.05060203 0.01102503 -0.01136511 0.11764706 0.63921569 0.14117647
v 0.05035340 0.01104719 -0.01142301 0.11764706 0.63921569 0.14117647
v 0.05008488 0.01105435 -0.01144269 0.11764706 0.63921569 0.14117647
v 0.03776280 0.01108303 -0.01143032 0.11764706 0.63921569 0.14117647
v -0.01187362 0.01114234 -0.01140446 0.11764706 0.63921569 0.14117647
v -0.01187362 0.01128247 -0.01134206 0.11764706 0.63921569 0.14117647
v 0.05085066 0.01098853 -0.01126898 0.11764706 0.63921569 0.14117647
v 0.05106946 0.01093964 -0.01114025 0.11764706 0.63921569 0.14117647
v -0.01149570 0.01146236 -0.01122120 0.11764706 0.63921569 0.14117647
v -0.04845200 0.01128247 -0.01134150 0.11764706 0.63921569 0.14117647
v -0.04868074 0.01128247 -0.01132295 0.11764706 0.63921569 0.14117647
v 0.05124847 0.01087903 -0.01097947 0.11764706 0.63921569 0.14117647
v 0.05140759 0.01092205 -0.01074393 0.11764706 0.63921569 0.14117647
v 0.05140759 0.01080864 -0.01079452 0.11764706 0.63921569 0.14117647
v -0.04884981 0.01148778 -0.01113969 0.11764706 0.63921569 0.14117647
v -0.04903877 0.01148778 -0.01106155 0.11764706 0.63921569 0.14117647
v -0.04919789 0.01148778 -0.01095586 0.11764706 0.63921569 0.14117647
v 0.05140759 0.01128247 -0.00578405 0.11764706 0.63921569 0.14117647
v 0.05151699 0.01105435 -0.01014636 0.11764706 0.63921569 0.14117647
v 0.05151699 0.01104719 -0.01022787 0.11764706 0.63921569 0.14117647
v 0.05151699 0.01102503 -0.01030770 0.11764706 0.63921569 0.14117647
v 0.05151699 0.01098853 -0.01038190 0.11764706 0.63921569 0.14117647
v 0.05151699 0.01093964 -0.01044992 0.11764706 0.63921569 0.14117647
v 0.05151699 0.01087903 -0.01050783 0.11764706 0.63921569 0.14117647
v 0.05151699 0.01080864 -0.01055505 0.11764706 0.63921569 0.14117647
v -0.04929734 0.01128247 -0.01106155 0.11764706 0.63921569 0.14117647
v -0.04937690 0.01105501 -0.01113969 0.11764706 0.63921569 0.14117647
v -0.04941669 0.01081255 -0.01118691 0.11764706 0.63921569 0.14117647
v -0.04943657 0.01056227 -0.01120321 0.11764706 0.63921569 0.14117647
v -0.04961559 0.00573988 -0.01103288 0.11764706 0.63921569 0.14117647
v -0.00148090 0.00534491 -0.01096767 0.11764706 0.63921569 0.14117647
v -0.00155051 0.00534491 -0.01087041 0.11764706 0.63921569 0.14117647
v -0.00161019 0.00534491 -0.01077541 0.11764706 0.63921569 0.14117647
v 0.05151699 0.00534491 -0.01061857 0.11764706 0.63921569 0.14117647
v 0.05151699 0.01056227 -0.01061857 0.11764706 0.63921569 0.14117647
v 0.05151699 0.01064765 -0.01061126 0.11764706 0.63921569 0.14117647
v 0.05151699 0.01073043 -0.01058990 0.11764706 0.63921569 0.14117647
v 0.05151699 0.01105435 -0.00578405 0.11764706 0.63921569 0.14117647
v 0.05060203 0.01079691 -0.01142301 0.11764706 0.63921569 0.14117647
v 0.05035340 0.01080864 -0.01148485 0.11764706 0.63921569 0.14117647
v 0.05085066 0.01077866 -0.01132351 0.11764706 0.63921569 0.14117647
v 0.05008488 0.01081190 -0.01150565 0.11764706 0.63921569 0.14117647
v 0.03776280 0.01102437 -0.01145112 0.11764706 0.63921569 0.14117647
v -0.01187362 0.01102503 -0.01145112 0.11764706 0.63921569 0.14117647
v -0.01188356 0.01105501 -0.01144269 0.11764706 0.63921569 0.14117647
v -0.04845200 0.01105501 -0.01144269 0.11764706 0.63921569 0.14117647
v 0.05106946 0.01075389 -0.01118747 0.11764706 0.63921569 0.14117647
v 0.05124847 0.01072261 -0.01101995 0.11764706 0.63921569 0.14117647
v -0.04870063 0.01105501 -0.01142301 0.11764706 0.63921569 0.14117647
v -0.04893931 0.01105501 -0.01136455 0.11764706 0.63921569 0.14117647
v -0.04889954 0.01128247 -0.01126898 0.11764706 0.63921569 0.14117647
v 0.05140759 0.01068741 -0.01082544 0.11764706 0.63921569 0.14117647
v -0.04910838 0.01128247 -0.01118129 0.11764706 0.63921569 0.14117647
v -0.04916806 0.01105501 -0.01126898 0.11764706 0.63921569 0.14117647
v -0.04919789 0.01081255 -0.01132295 0.11764706 0.63921569 0.14117647
v -0.04921778 0.01056227 -0.01134150 0.11764706 0.63921569 0.14117647
v -0.04943657 0.00573988 -0.01120321 0.11764706 0.63921569 0.14117647
v -0.00140134 0.00534491 -0.01105817 0.11764706 0.63921569 0.14117647
v 0.05140759 0.00534491 -0.01083669 0.11764706 0.63921569 0.14117647
v 0.05140759 0.01056227 -0.01083669 0.11764706 0.63921569 0.14117647
v 0.05085066 0.01056227 -0.01134206 0.11764706 0.63921569 0.14117647
v 0.05060203 0.01056227 -0.01144269 0.11764706 0.63921569 0.14117647
v 0.05035340 0.01056227 -0.01150565 0.11764706 0.63921569 0.14117647
v 0.03776280 0.01090315 -0.01148260 0.11764706 0.63921569 0.14117647
v 0.05008488 0.01056227 -0.01152645 0.11764706 0.63921569 0.14117647
v 0.03776280 0.01059356 -0.01152420 0.11764706 0.63921569 0.14117647
v -0.01187362 0.01078192 -0.01150846 0.11764706 0.63921569 0.14117647
v -0.01187362 0.01081190 -0.01150565 0.11764706 0.63921569 0.14117647
v -0.01187362 0.01084318 -0.01149778 0.11764706 0.63921569 0.14117647
v -0.01149570 0.01090315 -0.01148260 0.11764706 0.63921569 0.14117647
v -0.03612992 0.01090380 -0.01148204 0.11764706 0.63921569 0.14117647
v -0.04845200 0.01081255 -0.01150509 0.11764706 0.63921569 0.14117647
v 0.05106946 0.01056227 -0.01120377 0.11764706 0.63921569 0.14117647
v 0.05124847 0.01056227 -0.01103344 0.11764706 0.63921569 0.14117647
v -0.04871058 0.01081255 -0.01148429 0.11764706 0.63921569 0.14117647
v -0.04896915 0.01081255 -0.01142301 0.11764706 0.63921569 0.14117647
v -0.04897910 0.01056227 -0.01144269 0.11764706 0.63921569 0.14117647
v -0.04921778 0.00573988 -0.01134150 0.11764706 0.63921569 0.14117647
v -0.00121238 0.00534491 -0.01122064 0.11764706 0.63921569 0.14117647
v 0.05124847 0.00534491 -0.01103344 0.11764706 0.63921569 0.14117647
v 0.05085066 0.00534491 -0.01134206 0.11764706 0.63921569 0.14117647
v 0.05067165 0.00534491 -0.01141851 0.11764706 0.63921569 0.14117647
v 0.05060203 0.00534491 -0.01144269 0.11764706 0.63921569 0.14117647
v 0.05054236 0.00534491 -0.01145899 0.11764706 0.63921569 0.14117647
v 0.05035340 0.00534491 -0.01150565 0.11764706 0.63921569 0.14117647
v 0.05008488 0.00534491 -0.01152701 0.11764706 0.63921569 0.14117647
v -0.01187362 0.01056227 -0.01152645 0.11764706 0.63921569 0.14117647
v -0.01187362 0.01059421 -0.01152420 0.11764706 0.63921569 0.14117647
v -0.03612992 0.01059356 -0.01152364 0.11764706 0.63921569 0.14117647
v -0.04845200 0.01056227 -0.01152589 0.11764706 0.63921569 0.14117647
v -0.04872052 0.01056227 -0.01150509 0.11764706 0.63921569 0.14117647
v 0.05120868 0.00534491 -0.01107560 0.11764706 0.63921569 0.14117647
v 0.05106946 0.00534491 -0.01120377 0.11764706 0.63921569 0.14117647
v -0.04897910 0.00573988 -0.01144269 0.11764706 0.63921569 0.14117647
v -0.04878020 0.00573988 -0.01149103 0.11764706 0.63921569 0.14117647
v -0.04891942 0.00573988 -0.01145730 0.11764706 0.63921569 0.14117647
v -0.00100353 0.00534491 -0.01135162 0.11764706 0.63921569 0.14117647
v -0.00025764 0.00534491 -0.01152645 0.11764706 0.63921569 0.14117647
v -0.04845200 0.00573988 -0.01152645 0.11764706 0.63921569 0.14117647
v -0.04866085 0.00573988 -0.01151015 0.11764706 0.63921569 0.14117647
v -0.04872052 0.00573988 -0.01150509 0.11764706 0.63921569 0.14117647
v -0.00076485 0.00534491 -0.01144718 0.11764706 0.63921569 0.14117647
v -0.00079468 0.00534491 -0.01143707 0.11764706 0.63921569 0.14117647
v -0.00051622 0.00534491 -0.01150621 0.11764706 0.63921569 0.14117647
v -0.00028748 0.00534491 -0.01152420 0.11764706 0.63921569 0.14117647
v -0.00048638 0.00534491 -0.01150902 0.11764706 0.63921569 0.14117647
f 1146 1147 1154
f 1146 1154 1179
f 1146 1179 1157
f 1146 1157 1148
f 1146 1148 1171
f 1146 1171 1192
f 1146 1192 1225
f 1146 1225 1260
f 1146 1260 1295
f 1146 1295 1337
f 1146 1337 1375
f 1146 1375 1355
f 1146 1355 1312
f 1146 1312 1279
f 1146 1279 1278
f 1146 1278 1244
f 1146 1244 1243
f 1146 1243 1210
f 1146 1210 1193
f 1146 1193 1172
f 1146 1172 1149
f 1146 1149 1155
f 1146 1155 1147
f 1147 1150 1151
f 1147 1151 1152
f 1147 1152 1153
f 1147 1153 1154
f 1147 1155 1156
f 1147 1156 1150
f 1148 1157 1158
f 1148 1158 1159
f 1148 1159 1160
f 1148 1160 1161
f 1148 1161 1162
f 1148 1162 1163
f 1148 1163 1164
f 1148 1164 1165
f 1148 1165 1166
f 1148 1166 1167
f 1148 1167 1168
f 1148 1168 1169
f 1148 1169 1170
f 1148 1170 1191
f 1148 1191 1171
f 1149 1172 1155
f 1150 1156 1173
f 1150 1173 1174
f 1150 1174 1198
f 1150 1198 1175
f 1150 1175 1176
f 1150 1176 1152
f 1150 1152 1151
f 1152 1177 1200
f 1152 1200 1178
f 1152 1178 1153
f 1152 1176 1177
f 1153 1178 1179
f 1153 1179 1154
f 1155 1172 1180
f 1155 1180 1181
f 1155 1181 1156
f 1156 1181 1173
f 1157 1179 1158
f 1158 1179 1182
f 1158 1182 1159
f 1159 1182 1183
f 1159 1183 1160
f 1160 1183 1184
f 1160 1184 1161
f 1161 1184 1185
f 1161 1185 1162
f 1162 1185 1186
f 1162 1186 1163
f 1163 1186 1164
f 1164 1186 1187
f 1164 1187 1165
f 1165 1187 1188
f 1165 1188 1166
f 1166 1188 1167
f 1167 1188 1189
f 1167 1189 1168
f 1168 1189 1169
f 1169 1189 1190
f 1169 1190 1170
f 1170 1190 1222
f 1170 1222 1191
f 1171 1191 1192
f 1172 1193 1180
f 1173 1194 1195
f 1173 1195 1174
f 1173 1181 1196
f 1173 1196 1197
f 1173 1197 1194
f 1174 1195 1199
f 1174 1199 1177
f 1174 1177 1198
f 1175 1198 1176
f 1176 1198 1177
f 1177 1199 1201
f 1177 1201 1231
f 1177 1231 1200
f 1178 1200 1202
f 1178 1202 1179
f 1179 1202 1203
f 1179 1203 1204
f 1179 1204 1205
f 1179 1205 1206
f 1179 1206 1207
f 1179 1207 1208
f 1179 1208 1209
f 1179 1209 1182
f 1180 1193 1210
f 1180 1210 1211
f 1180 1211 1181
f 1181 1211 1212
f 1181 1212 1213
f 1181 1213 1196
f 1182 1209 1214
f 1182 1214 1183
f 1183 1214 1184
f 1184 1214 1215
f 1184 1215 1216
f 1184 1216 1185
f 1185 1216 1217
f 1185 1217 1186
f 1186 1217 1187
f 1187 1217 1218
f 1187 1218 1219
f 1187 1219 1188
f 1188 1219 1220
f 1188 1220 1189
f 1189 1220 1190
f 1190 1221 1222
f 1190 1220 1223
f 1190 1223 1221
f 1191 1222 1192
f 1192 1224 1258
f 1192 1258 1257
f 1192 1257 1292
f 1192 1292 1325
f 1192 1325 1370
f 1192 1370 1369
f 1192 1369 1368
f 1192 1368 1395
f 1192 1395 1416
f 1192 1416 1434
f 1192 1434 1440
f 1192 1440 1439
f 1192 1439 1441
f 1192 1441 1443
f 1192 1443 1442
f 1192 1442 1435
f 1192 1435 1423
f 1192 1423 1422
f 1192 1422 1421
f 1192 1421 1420
f 1192 1420 1419
f 1192 1419 1418
f 1192 1418 1430
f 1192 1430 1429
f 1192 1429 1417
f 1192 1417 1396
f 1192 1396 1371
f 1192 1371 1326
f 1192 1326 1293
f 1192 1293 1259
f 1192 1259 1225
f 1192 1222 1224
f 1194 1226 1195
f 1194 1197 1226
f 1195 1226 1227
f 1195 1227 1228
f 1195 1228 1229
f 1195 1229 1230
f 1195 1230 1231
f 1195 1231 1199
f 1196 1213 1232
f 1196 1232 1197
f 1197 1233 1226
f 1197 1232 1234
f 1197 1234 1233
f 1199 1231 1201
f 1200 1235 1236
f 1200 1236 1202
f 1200 1231 1235
f 1202 1236 1237
f 1202 1237 1203
f 1203 1237 1238
f 1203 1238 1204
f 1204 1238 1239
f 1204 1239 1205
f 1205 1239 1240
f 1205 1240 1206
f 1206 1240 1207
f 1207 1240 1241
f 1207 1241 1242
f 1207 1242 1208
f 1208 1242 1214
f 1208 1214 1209
f 1210 1243 1211
f 1211 1243 1244
f 1211 1244 1278
f 1211 1278 1245
f 1211 1245 1246
f 1211 1246 1212
f 1212 1246 1213
f 1213 1246 1247
f 1213 1247 1248
f 1213 1248 1232
f 1214 1242 1249
f 1214 1249 1215
f 1215 1249 1216
f 1216 1249 1250
f 1216 1250 1217
f 1217 1251 1252
f 1217 1252 1218
f 1217 1250 1251
f 1218 1252 1219
f 1219 1253 1220
f 1219 1252 1254
f 1219 1254 1253
f 1220 1253 1255
f 1220 1255 1223
f 1221 1256 1257
f 1221 1257 1258
f 1221 1258 1222
f 1221 1223 1256
f 1222 1258 1224
f 1223 1255 1291
f 1223 1291 1256
f 1225 1259 1294
f 1225 1294 1260
f 1226 1261 1227
f 1226 1233 1262
f 1226 1262 1261
f 1227 1263 1264
f 1227 1264 1265
f 1227 1265 1266
f 1227 1266 1229
f 1227 1229 1228
f 1227 1261 1263
f 1229 1267 1235
f 1229 1235 1230
f 1229 1266 1267
f 1230 1235 1231
f 1232 1248 1234
f 1233 1234 1262
f 1234 1268 1262
f 1234 1248 1269
f 1234 1269 1270
f 1234 1270 1268
f 1235 1267 1271
f 1235 1271 1272
f 1235 1272 1236
f 1236 1272 1237
f 1237 1273 1274
f 1237 1274 1238
f 1237 1272 1273
f 1238 1274 1239
f 1239 1274 1275
f 1239 1275 1276
f 1239 1276 1240
f 1240 1276 1241
f 1241 1276 1277
f 1241 1277 1249
f 1241 1249 1242
f 1245 1278 1279
f 1245 1279 1280
f 1245 1280 1281
f 1245 1281 1246
f 1246 1281 1247
f 1247 1281 1282
f 1247 1282 1248
f 1248 1282 1283
f 1248 1283 1284
f 1248 1284 1269
f 1249 1277 1250
f 1250 1285 1286
f 1250 1286 1251
f 1250 1277 1285
f 1251 1286 1252
f 1252 1286 1287
f 1252 1287 1288
f 1252 1288 1254
f 1253 1254 1288
f 1253 1288 1289
f 1253 1289 1290
f 1253 1290 1255
f 1255 1290 1324
f 1255 1324 1291
f 1256 1291 1257
f 1257 1291 1292
f 1259 1293 1294
f 1260 1294 1295
f 1261 1296 1297
f 1261 1297 1263
f 1261 1262 1296
f 1262 1298 1296
f 1262 1268 1299
f 1262 1299 1298
f 1263 1297 1300
f 1263 1300 1346
f 1263 1346 1301
f 1263 1301 1265
f 1263 1265 1264
f 1265 1302 1303
f 1265 1303 1267
f 1265 1267 1266
f 1265 1301 1302
f 1267 1303 1271
f 1268 1270 1304
f 1268 1304 1299
f 1269 1284 1270
f 1270 1284 1305
f 1270 1305 1306
f 1270 1306 1304
f 1271 1303 1307
f 1271 1307 1308
f 1271 1308 1272
f 1272 1308 1273
f 1273 1308 1274
f 1274 1308 1309
f 1274 1309 1275
f 1275 1309 1310
f 1275 1310 1276
f 1276 1310 1311
f 1276 1311 1285
f 1276 1285 1277
f 1279 1312 1280
f 1280 1312 1355
f 1280 1355 1313
f 1280 1313 1281
f 1281 1313 1314
f 1281 1314 1315
f 1281 1315 1282
f 1282 1315 1316
f 1282 1316 1283
f 1283 1316 1317
f 1283 1317 1284
f 1284 1317 1318
f 1284 1318 1305
f 1285 1311 1286
f 1286 1311 1319
f 1286 1319 1320
f 1286 1320 1287
f 1287 1320 1288
f 1288 1320 1321
f 1288 1321 1322
f 1288 1322 1289
f 1289 1322 1290
f 1290 1322 1323
f 1290 1323 1367
f 1290 1367 1324
f 1291 1324 1325
f 1291 1325 1292
f 1293 1326 1327
f 1293 1327 1294
f 1294 1327 1328
f 1294 1328 1329
f 1294 1329 1330
f 1294 1330 1331
f 1294 1331 1332
f 1294 1332 1333
f 1294 1333 1334
f 1294 1334 1335
f 1294 1335 1336
f 1294 1336 1295
f 1295 1336 1337
f 1296 1298 1338
f 1296 1338 1339
f 1296 1339 1297
f 1297 1340 1341
f 1297 1341 1342
f 1297 1342 1343
f 1297 1343 1346
f 1297 1346 1300
f 1297 1339 1340
f 1298 1299 1338
f 1299 1344 1338
f 1299 1304 1345
f 1299 1345 1344
f 1301 1346 1303
f 1301 1303 1302
f 1303 1347 1348
f 1303 1348 1307
f 1303 1346 1347
f 1304 1306 1345
f 1305 1318 1306
f 1306 1349 1345
f 1306 1318 1350
f 1306 1350 1351
f 1306 1351 1349
f 1307 1348 1352
f 1307 1352 1308
f 1308 1352 1353
f 1308 1353 1309
f 1309 1353 1310
f 1310 1354 1319
f 1310 1319 1311
f 1310 1353 1354
f 1313 1355 1375
f 1313 1375 1356
f 1313 1356 1357
f 1313 1357 1314
f 1314 1357 1358
f 1314 1358 1315
f 1315 1358 1316
f 1316 1358 1359
f 1316 1359 1360
f 1316 1360 1317
f 1317 1360 1318
f 1318 1360 1361
f 1318 1361 1362
f 1318 1362 1350
f 1319 1354 1320
f 1320 1354 1363
f 1320 1363 1364
f 1320 1364 1321
f 1321 1364 1322
f 1322 1364 1365
f 1322 1365 1366
f 1322 1366 1323
f 1323 1366 1394
f 1323 1394 1367
f 1324 1367 1368
f 1324 1368 1369
f 1324 1369 1370
f 1324 1370 1325
f 1326 1371 1372
f 1326 1372 1327
f 1327 1372 1373
f 1327 1373 1328
f 1328 1373 1329
f 1329 1373 1374
f 1329 1374 1362
f 1329 1362 1330
f 1330 1362 1361
f 1330 1361 1331
f 1331 1361 1332
f 1332 1361 1360
f 1332 1360 1359
f 1332 1359 1333
f 1333 1359 1358
f 1333 1358 1334
f 1334 1358 1335
f 1335 1358 1357
f 1335 1357 1356
f 1335 1356 1336
f 1336 1356 1375
f 1336 1375 1337
f 1338 1376 1377
f 1338 1377 1339
f 1338 1344 1378
f 1338 1378 1376
f 1339 1377 1379
f 1339 1379 1340
f 1340 1379 1401
f 1340 1401 1380
f 1340 1380 1381
f 1340 1381 1382
f 1340 1382 1341
f 1341 1382 1342
f 1342 1382 1383
f 1342 1383 1347
f 1342 1347 1343
f 1343 1347 1346
f 1344 1345 1378
f 1345 1384 1378
f 1345 1349 1385
f 1345 1385 1384
f 1347 1383 1386
f 1347 1386 1348
f 1348 1386 1387
f 1348 1387 1388
f 1348 1388 1352
f 1349 1351 1385
f 1350 1362 1351
f 1351 1362 1374
f 1351 1374 1373
f 1351 1373 1389
f 1351 1389 1385
f 1352 1388 1353
f 1353 1390 1363
f 1353 1363 1354
f 1353 1388 1390
f 1363 1390 1364
f 1364 1390 1391
f 1364 1391 1392
f 1364 1392 1365
f 1365 1392 1393
f 1365 1393 1366
f 1366 1393 1415
f 1366 1415 1394
f 1367 1394 1395
f 1367 1395 1368
f 1371 1396 1397
f 1371 1397 1372
f 1372 1397 1373
f 1373 1397 1389
f 1376 1378 1398
f 1376 1398 1399
f 1376 1399 1400
f 1376 1400 1377
f 1377 1400 1379
f 1378 1384 1398
f 1379 1400 1402
f 1379 1402 1403
f 1379 1403 1404
f 1379 1404 1405
f 1379 1405 1406
f 1379 1406 1401
f 1380 1401 1381
f 1381 1401 1407
f 1381 1407 1408
f 1381 1408 1383
f 1381 1383 1382
f 1383 1408 1409
f 1383 1409 1386
f 1384 1385 1410
f 1384 1410 1398
f 1385 1411 1410
f 1385 1389 1397
f 1385 1397 1411
f 1386 1412 1413
f 1386 1413 1387
f 1386 1409 1412
f 1387 1413 1391
f 1387 1391 1388
f 1388 1391 1390
f 1391 1413 1392
f 1392 1413 1393
f 1393 1413 1414
f 1393 1414 1431
f 1393 1431 1415
f 1394 1415 1416
f 1394 1416 1395
f 1396 1417 1411
f 1396 1411 1397
f 1398 1410 1430
f 1398 1430 1418
f 1398 1418 1419
f 1398 1419 1399
f 1399 1419 1420
f 1399 1420 1421
f 1399 1421 1400
f 1400 1421 1422
f 1400 1422 1423
f 1400 1423 1402
f 1401 1406 1407
f 1402 1423 1424
f 1402 1424 1425
f 1402 1425 1403
f 1403 1425 1404
f 1404 1425 1409
f 1404 1409 1405
f 1405 1409 1406
f 1406 1409 1407
f 1407 1409 1408
f 1409 1426 1427
f 1409 1427 1428
f 1409 1428 1412
f 1409 1425 1426
f 1410 1411 1429
f 1410 1429 1430
f 1411 1417 1429
f 1412 1428 1413
f 1413 1428 1414
f 1414 1428 1432
f 1414 1432 1433
f 1414 1433 1431
f 1415 1431 1434
f 1415 1434 1416
f 1423 1435 1436
f 1423 1436 1424
f 1424 1436 1427
f 1424 1427 1425
f 1425 1427 1426
f 1427 1436 1428
f 1428 1436 1437
f 1428 1437 1438
f 1428 1438 1432
f 1431 1433 1439
f 1431 1439 1440
f 1431 1440 1434
f 1432 1438 1441
f 1432 1441 1439
f 1432 1439 1433
f 1435 1442 1436
f 1436 1442 1443
f 1436 1443 1437
f 1437 1443 1438
f 1438 1443 1441

o geometry_9
v -0.00025568 -0.00572981 -0.01152702 0.94117647 0.52156863 0.41176471
v -0.00048938 -0.00572981 -0.01150844 0.94117647 0.52156863 0.41176471
v -0.00025568 -0.00000133 -0.01152702 0.94117647 0.52156863 0.41176471
v 0.05008512 -0.00572981 -0.01152702 0.94117647 0.52156863 0.41176471
v -0.00051593 -0.00572981 -0.01150506 0.94117647 0.52156863 0.41176471
v -0.00051593 0.00534334 -0.01150506 0.94117647 0.52156863 0.41176471
v -0.00048407 0.00534334 -0.01150844 0.94117647 0.52156863 0.41176471
v -0.00029286 0.00534334 -0.01152364 0.94117647 0.52156863 0.41176471
v -0.00025568 0.00534334 -0.01152533 0.94117647 0.52156863 0.41176471
v 0.05008512 -0.00000133 -0.01152702 0.94117647 0.52156863 0.41176471
v 0.05035600 -0.00572981 -0.01150337 0.94117647 0.52156863 0.41176471
v -0.00076025 -0.00572981 -0.01144593 0.94117647 0.52156863 0.41176471
v -0.00054780 0.00534334 -0.01149830 0.94117647 0.52156863 0.41176471
v -0.00198717 0.00550500 -0.00578338 0.94117647 0.52156863 0.41176471
v 0.05008512 0.00534334 -0.01152533 0.94117647 0.52156863 0.41176471
v 0.05015417 0.00534334 -0.01152026 0.94117647 0.52156863 0.41176471
v 0.05035600 0.00534334 -0.01150337 0.94117647 0.52156863 0.41176471
v 0.05041443 0.00534334 -0.01148985 0.94117647 0.52156863 0.41176471
v 0.05040911 -0.00572981 -0.01148985 0.94117647 0.52156863 0.41176471
v -0.00076025 0.00534334 -0.01144593 0.94117647 0.52156863 0.41176471
v -0.00099926 -0.00572981 -0.01134964 0.94117647 0.52156863 0.41176471
v -0.00079212 0.00534334 -0.01143580 0.94117647 0.52156863 0.41176471
v -0.00179596 0.00534334 -0.00990360 0.94117647 0.52156863 0.41176471
v -0.00224212 0.00550500 -0.00071039 0.94117647 0.52156863 0.41176471
v 0.04766847 0.00550500 -0.00578338 0.94117647 0.52156863 0.41176471
v -0.00099926 0.00534334 -0.01134964 0.94117647 0.52156863 0.41176471
v -0.00121172 0.00534334 -0.01121957 0.94117647 0.52156863 0.41176471
v -0.00140292 0.00534334 -0.01105739 0.94117647 0.52156863 0.41176471
v -0.00148260 0.00534334 -0.01096786 0.94117647 0.52156863 0.41176471
v -0.00155695 0.00534334 -0.01086988 0.94117647 0.52156863 0.41176471
v -0.00162069 0.00534334 -0.01076683 0.94117647 0.52156863 0.41176471
v -0.00166849 0.00534334 -0.01066041 0.94117647 0.52156863 0.41176471
v -0.00171098 0.00534334 -0.01055060 0.94117647 0.52156863 0.41176471
v -0.00174816 0.00534334 -0.01043742 0.94117647 0.52156863 0.41176471
v -0.00176941 0.00534334 -0.01032254 0.94117647 0.52156863 0.41176471
v -0.00178003 0.00534334 -0.01020429 0.94117647 0.52156863 0.41176471
v 0.05160948 0.00550500 -0.00577831 0.94117647 0.52156863 0.41176471
v 0.05166790 0.00550500 -0.00577155 0.94117647 0.52156863 0.41176471
v 0.05060032 0.00534334 -0.01144086 0.94117647 0.52156863 0.41176471
v 0.05060032 -0.00572981 -0.01144086 0.94117647 0.52156863 0.41176471
v -0.00120109 -0.00572981 -0.01122632 0.94117647 0.52156863 0.41176471
v -0.00179596 -0.00572981 -0.00990698 0.94117647 0.52156863 0.41176471
v -0.00255548 0.00512340 0.00573093 0.94117647 0.52156863 0.41176471
v 0.05166790 0.00550500 -0.00071039 0.94117647 0.52156863 0.41176471
v -0.00121172 -0.00572981 -0.01121957 0.94117647 0.52156863 0.41176471
v -0.00139230 -0.00572981 -0.01106415 0.94117647 0.52156863 0.41176471
v -0.00140292 -0.00572981 -0.01105401 0.94117647 0.52156863 0.41176471
v -0.00148260 -0.00572981 -0.01096786 0.94117647 0.52156863 0.41176471
v -0.00155695 -0.00572981 -0.01086988 0.94117647 0.52156863 0.41176471
v -0.00162069 -0.00572981 -0.01076514 0.94117647 0.52156863 0.41176471
v -0.00166849 -0.00572981 -0.01066041 0.94117647 0.52156863 0.41176471
v -0.00171098 -0.00572981 -0.01055060 0.94117647 0.52156863 0.41176471
v -0.00174816 -0.00572981 -0.01043742 0.94117647 0.52156863 0.41176471
v -0.00176941 -0.00572981 -0.01032254 0.94117647 0.52156863 0.41176471
v -0.00178003 -0.00572981 -0.01020429 0.94117647 0.52156863 0.41176471
v 0.05170508 0.00512340 -0.00071039 0.94117647 0.52156863 0.41176471
v 0.05166790 -0.00550547 -0.00577155 0.94117647 0.52156863 0.41176471
v 0.05160948 0.00534334 -0.01014517 0.94117647 0.52156863 0.41176471
v 0.05158292 0.00534334 -0.01038505 0.94117647 0.52156863 0.41176471
v 0.05156699 0.00534334 -0.01044248 0.94117647 0.52156863 0.41176471
v 0.05151387 0.00534334 -0.01061817 0.94117647 0.52156863 0.41176471
v 0.05148732 0.00534334 -0.01067223 0.94117647 0.52156863 0.41176471
v 0.05140233 0.00534334 -0.01083609 0.94117647 0.52156863 0.41176471
v 0.05125362 0.00534334 -0.01103205 0.94117647 0.52156863 0.41176471
v 0.05111552 0.00534334 -0.01116044 0.94117647 0.52156863 0.41176471
v 0.05106772 0.00534334 -0.01120267 0.94117647 0.52156863 0.41176471
v 0.05101461 0.00534334 -0.01123646 0.94117647 0.52156863 0.41176471
v 0.05090307 0.00534334 -0.01130572 0.94117647 0.52156863 0.41176471
v 0.05084465 0.00534334 -0.01134120 0.94117647 0.52156863 0.41176471
v 0.05066406 0.00534334 -0.01141721 0.94117647 0.52156863 0.41176471
v 0.05065875 -0.00572981 -0.01141890 0.94117647 0.52156863 0.41176471
v -0.00199248 -0.00572981 -0.00578338 0.94117647 0.52156863 0.41176471
v -0.00224212 -0.00550547 -0.00071039 0.94117647 0.52156863 0.41176471
v -0.00255548 -0.00520195 0.00573093 0.94117647 0.52156863 0.41176471
v 0.04914502 0.00512340 0.00573093 0.94117647 0.52156863 0.41176471
v 0.05161479 0.00512340 0.00572586 0.94117647 0.52156863 0.41176471
v 0.05166259 0.00512340 0.00572417 0.94117647 0.52156863 0.41176471
v 0.05170508 0.00512340 0.00572248 0.94117647 0.52156863 0.41176471
v 0.05170508 -0.00520195 -0.00071039 0.94117647 0.52156863 0.41176471
v 0.05166790 -0.00550547 -0.00071039 0.94117647 0.52156863 0.41176471
v 0.05160948 -0.00572981 -0.01014517 0.94117647 0.52156863 0.41176471
v 0.05158292 -0.00572981 -0.01038505 0.94117647 0.52156863 0.41176471
v 0.05155105 -0.00000133 -0.01050161 0.94117647 0.52156863 0.41176471
v 0.05151387 -0.00572981 -0.01061817 0.94117647 0.52156863 0.41176471
v 0.05140233 -0.00572981 -0.01083609 0.94117647 0.52156863 0.41176471
v 0.05125362 -0.00572981 -0.01103205 0.94117647 0.52156863 0.41176471
v 0.05116332 -0.00000133 -0.01111821 0.94117647 0.52156863 0.41176471
v 0.05106772 -0.00572981 -0.01120267 0.94117647 0.52156863 0.41176471
v 0.05089776 -0.00572981 -0.01130910 0.94117647 0.52156863 0.41176471
v 0.05084465 -0.00572981 -0.01134120 0.94117647 0.52156863 0.41176471
v 0.05079153 -0.00572981 -0.01136485 0.94117647 0.52156863 0.41176471
v 0.05160948 -0.00572981 -0.00578338 0.94117647 0.52156863 0.41176471
v 0.04910784 -0.00520195 0.00573093 0.94117647 0.52156863 0.41176471
v 0.05161479 -0.00000023 0.00573093 0.94117647 0.52156863 0.41176471
v 0.05170508 -0.00520195 0.00572248 0.94117647 0.52156863 0.41176471
v 0.05161479 -0.00520195 0.00572586 0.94117647 0.52156863 0.41176471
f 1444 1445 1446
f 1444 1446 1453
f 1444 1453 1447
f 1444 1447 1454
f 1444 1454 1462
f 1444 1462 1483
f 1444 1483 1514
f 1444 1514 1534
f 1444 1534 1533
f 1444 1533 1532
f 1444 1532 1531
f 1444 1531 1529
f 1444 1529 1528
f 1444 1528 1527
f 1444 1527 1525
f 1444 1525 1524
f 1444 1524 1535
f 1444 1535 1515
f 1444 1515 1485
f 1444 1485 1498
f 1444 1498 1497
f 1444 1497 1496
f 1444 1496 1495
f 1444 1495 1494
f 1444 1494 1493
f 1444 1493 1492
f 1444 1492 1491
f 1444 1491 1490
f 1444 1490 1489
f 1444 1489 1488
f 1444 1488 1484
f 1444 1484 1464
f 1444 1464 1455
f 1444 1455 1448
f 1444 1448 1445
f 1445 1448 1449
f 1445 1449 1450
f 1445 1450 1446
f 1446 1450 1451
f 1446 1451 1452
f 1446 1452 1458
f 1446 1458 1453
f 1447 1453 1460
f 1447 1460 1454
f 1448 1455 1456
f 1448 1456 1449
f 1449 1456 1457
f 1449 1457 1450
f 1450 1457 1451
f 1451 1457 1452
f 1452 1457 1468
f 1452 1468 1458
f 1453 1458 1459
f 1453 1459 1460
f 1454 1460 1461
f 1454 1461 1462
f 1455 1463 1456
f 1455 1464 1465
f 1455 1465 1463
f 1456 1463 1457
f 1457 1466 1467
f 1457 1467 1487
f 1457 1487 1481
f 1457 1481 1480
f 1457 1480 1468
f 1457 1463 1465
f 1457 1465 1469
f 1457 1469 1470
f 1457 1470 1471
f 1457 1471 1472
f 1457 1472 1473
f 1457 1473 1474
f 1457 1474 1475
f 1457 1475 1476
f 1457 1476 1477
f 1457 1477 1478
f 1457 1478 1479
f 1457 1479 1466
f 1458 1480 1459
f 1458 1468 1480
f 1459 1480 1460
f 1460 1480 1481
f 1460 1481 1461
f 1461 1482 1483
f 1461 1483 1462
f 1461 1481 1482
f 1464 1484 1469
f 1464 1469 1465
f 1466 1485 1486
f 1466 1486 1467
f 1466 1479 1485
f 1467 1486 1518
f 1467 1518 1487
f 1469 1484 1470
f 1470 1484 1488
f 1470 1488 1471
f 1471 1488 1489
f 1471 1489 1490
f 1471 1490 1491
f 1471 1491 1472
f 1472 1491 1492
f 1472 1492 1473
f 1473 1492 1474
f 1474 1492 1493
f 1474 1493 1494
f 1474 1494 1475
f 1475 1494 1495
f 1475 1495 1476
f 1476 1495 1496
f 1476 1496 1477
f 1477 1496 1497
f 1477 1497 1478
f 1478 1497 1498
f 1478 1498 1479
f 1479 1498 1485
f 1481 1487 1521
f 1481 1521 1499
f 1481 1499 1522
f 1481 1522 1500
f 1481 1500 1524
f 1481 1524 1501
f 1481 1501 1502
f 1481 1502 1503
f 1481 1503 1504
f 1481 1504 1505
f 1481 1505 1506
f 1481 1506 1507
f 1481 1507 1508
f 1481 1508 1509
f 1481 1509 1510
f 1481 1510 1511
f 1481 1511 1512
f 1481 1512 1513
f 1481 1513 1482
f 1482 1513 1483
f 1483 1513 1514
f 1485 1515 1516
f 1485 1516 1517
f 1485 1517 1486
f 1486 1517 1536
f 1486 1536 1537
f 1486 1537 1518
f 1487 1518 1519
f 1487 1519 1520
f 1487 1520 1521
f 1499 1521 1538
f 1499 1538 1522
f 1500 1522 1538
f 1500 1538 1523
f 1500 1523 1535
f 1500 1535 1524
f 1501 1524 1525
f 1501 1525 1502
f 1502 1525 1526
f 1502 1526 1503
f 1503 1526 1504
f 1504 1527 1505
f 1504 1526 1527
f 1505 1527 1528
f 1505 1528 1506
f 1506 1528 1529
f 1506 1529 1507
f 1507 1529 1530
f 1507 1530 1508
f 1508 1530 1531
f 1508 1531 1509
f 1509 1531 1510
f 1510 1531 1532
f 1510 1532 1511
f 1511 1532 1512
f 1512 1532 1533
f 1512 1533 1534
f 1512 1534 1513
f 1513 1534 1514
f 1515 1535 1523
f 1515 1523 1516
f 1516 1523 1536
f 1516 1536 1517
f 1518 1537 1519
f 1519 1537 1520
f 1520 1537 1521
f 1521 1537 1538
f 1523 1538 1539
f 1523 1539 1536
f 1525 1527 1526
f 1529 1531 1530
f 1536 1539 1537
f 1537 1539 1538

o geometry_10
v 0.05008763 0.01200166 0.01009810 0.26274510 0.77254902 0.45490196
v 0.03777193 0.01199999 0.01012792 0.26274510 0.77254902 0.45490196
v 0.05008763 0.01198001 0.01033778 0.26274510 0.77254902 0.45490196
v 0.05013557 0.01198001 0.01033440 0.26274510 0.77254902 0.45490196
v 0.05017819 0.01198001 0.01032315 0.26274510 0.77254902 0.45490196
v 0.05022080 0.01198001 0.01030571 0.26274510 0.77254902 0.45490196
v 0.05025809 0.01198001 0.01028208 0.26274510 0.77254902 0.45490196
v 0.05029005 0.01198001 0.01025226 0.26274510 0.77254902 0.45490196
v 0.05031669 0.01198001 0.01021794 0.26274510 0.77254902 0.45490196
v 0.05033799 0.01198001 0.01018024 0.26274510 0.77254902 0.45490196
v 0.05034865 0.01198001 0.01013973 0.26274510 0.77254902 0.45490196
v 0.05035397 0.01198001 0.01009810 0.26274510 0.77254902 0.45490196
v 0.05014623 0.01199833 0.00573149 0.26274510 0.77254902 0.45490196
v 0.05008763 0.01200166 0.00573149 0.26274510 0.77254902 0.45490196
v -0.00280276 0.01200166 0.01010710 0.26274510 0.77254902 0.45490196
v 0.02545091 0.01198667 0.01027814 0.26274510 0.77254902 0.45490196
v 0.03777193 0.01198334 0.01030796 0.26274510 0.77254902 0.45490196
v 0.01314053 0.01199999 0.01012792 0.26274510 0.77254902 0.45490196
v 0.01314053 0.01199500 0.01018812 0.26274510 0.77254902 0.45490196
v 0.02545091 0.01196503 0.01039573 0.26274510 0.77254902 0.45490196
v 0.03777193 0.01194006 0.01048294 0.26274510 0.77254902 0.45490196
v 0.05008763 0.01191509 0.01057015 0.26274510 0.77254902 0.45490196
v -0.00280276 0.01198168 0.01032934 0.26274510 0.77254902 0.45490196
v -0.00280276 0.01197835 0.01034622 0.26274510 0.77254902 0.45490196
v 0.05017819 0.01191509 0.01056283 0.26274510 0.77254902 0.45490196
v 0.05026874 0.01191509 0.01054201 0.26274510 0.77254902 0.45490196
v 0.05034865 0.01191509 0.01050713 0.26274510 0.77254902 0.45490196
v 0.05042322 0.01191509 0.01045987 0.26274510 0.77254902 0.45490196
v 0.05048715 0.01191509 0.01040192 0.26274510 0.77254902 0.45490196
v 0.05054041 0.01191509 0.01033440 0.26274510 0.77254902 0.45490196
v 0.05057770 0.01191509 0.01025957 0.26274510 0.77254902 0.45490196
v 0.05060434 0.01191509 0.01018024 0.26274510 0.77254902 0.45490196
v 0.05035397 0.01198001 0.00573149 0.26274510 0.77254902 0.45490196
v 0.05060966 0.01191509 0.01009810 0.26274510 0.77254902 0.45490196
v 0.05055640 0.01193007 0.00573149 0.26274510 0.77254902 0.45490196
v -0.00280276 0.01200166 0.00573149 0.26274510 0.77254902 0.45490196
v -0.00280276 0.01198334 0.01031133 0.26274510 0.77254902 0.45490196
v -0.00280276 0.01192341 0.01054483 0.26274510 0.77254902 0.45490196
v 0.02545091 0.01183684 0.01073387 0.26274510 0.77254902 0.45490196
v 0.05008763 0.01181020 0.01078845 0.26274510 0.77254902 0.45490196
v 0.05022080 0.01181020 0.01077776 0.26274510 0.77254902 0.45490196
v -0.00280276 0.01191842 0.01056171 0.26274510 0.77254902 0.45490196
v -0.00280276 0.01191509 0.01057015 0.26274510 0.77254902 0.45490196
v -0.00280276 0.01191176 0.01057802 0.26274510 0.77254902 0.45490196
v 0.05034865 0.01181020 0.01074681 0.26274510 0.77254902 0.45490196
v 0.05047116 0.01181020 0.01069561 0.26274510 0.77254902 0.45490196
v 0.05057770 0.01181020 0.01062697 0.26274510 0.77254902 0.45490196
v 0.05067358 0.01181020 0.01054201 0.26274510 0.77254902 0.45490196
v 0.05074816 0.01181020 0.01044299 0.26274510 0.77254902 0.45490196
v 0.05080676 0.01181020 0.01033440 0.26274510 0.77254902 0.45490196
v 0.05083872 0.01181020 0.01021794 0.26274510 0.77254902 0.45490196
v 0.05084937 0.01181020 0.01009810 0.26274510 0.77254902 0.45490196
v 0.05066293 0.01189344 0.00573149 0.26274510 0.77254902 0.45490196
v 0.05060966 0.01191509 0.00573149 0.26274510 0.77254902 0.45490196
v -0.00280276 0.00521427 0.00573149 0.26274510 0.77254902 0.45490196
v -0.00280276 0.01186681 0.01067142 0.26274510 0.77254902 0.45490196
v -0.00280276 0.01181020 0.01078845 0.26274510 0.77254902 0.45490196
v 0.03777193 0.01172030 0.01091166 0.26274510 0.77254902 0.45490196
v 0.05008763 0.01166537 0.01098537 0.26274510 0.77254902 0.45490196
v 0.05025809 0.01166537 0.01097187 0.26274510 0.77254902 0.45490196
v 0.05042322 0.01166537 0.01093192 0.26274510 0.77254902 0.45490196
v 0.05057770 0.01166537 0.01086665 0.26274510 0.77254902 0.45490196
v 0.05072153 0.01166537 0.01077776 0.26274510 0.77254902 0.45490196
v 0.05083872 0.01166537 0.01066861 0.26274510 0.77254902 0.45490196
v 0.05093993 0.01166537 0.01054201 0.26274510 0.77254902 0.45490196
v 0.05100918 0.01166537 0.01040192 0.26274510 0.77254902 0.45490196
v 0.05105712 0.01166537 0.01025226 0.26274510 0.77254902 0.45490196
v 0.05106777 0.01166537 0.01009810 0.26274510 0.77254902 0.45490196
v 0.05089732 0.01177857 0.00573149 0.26274510 0.77254902 0.45490196
v 0.05084937 0.01181020 0.00573149 0.26274510 0.77254902 0.45490196
v 0.05080143 0.01183185 0.00573149 0.26274510 0.77254902 0.45490196
v -0.00280276 0.00501949 0.00999626 0.26274510 0.77254902 0.45490196
v -0.00255239 -0.00500261 0.00573149 0.26274510 0.77254902 0.45490196
v -0.00276014 -0.00500261 0.01001033 0.26274510 0.77254902 0.45490196
v -0.00280276 0.01168201 0.01096399 0.26274510 0.77254902 0.45490196
v 0.01314053 0.01172030 0.01091166 0.26274510 0.77254902 0.45490196
v 0.03777193 0.01164372 0.01100675 0.26274510 0.77254902 0.45490196
v 0.03777193 0.01151054 0.01113447 0.26274510 0.77254902 0.45490196
v 0.05008763 0.01148723 0.01115585 0.26274510 0.77254902 0.45490196
v -0.00280276 0.01166537 0.01098537 0.26274510 0.77254902 0.45490196
v 0.05029005 0.01148723 0.01113953 0.26274510 0.77254902 0.45490196
v 0.05048715 0.01148723 0.01109171 0.26274510 0.77254902 0.45490196
v 0.05067358 0.01148723 0.01101406 0.26274510 0.77254902 0.45490196
v 0.05083872 0.01148723 0.01090829 0.26274510 0.77254902 0.45490196
v 0.05098254 0.01148723 0.01077776 0.26274510 0.77254902 0.45490196
v 0.05109973 0.01148723 0.01062697 0.26274510 0.77254902 0.45490196
v 0.05118497 0.01148723 0.01045987 0.26274510 0.77254902 0.45490196
v 0.05123823 0.01148723 0.01028208 0.26274510 0.77254902 0.45490196
v 0.05125954 0.01148723 0.01009810 0.26274510 0.77254902 0.45490196
v 0.05111039 0.01162708 0.00573149 0.26274510 0.77254902 0.45490196
v 0.05106777 0.01166537 0.00573149 0.26274510 0.77254902 0.45490196
v -0.00280276 0.00501782 0.01003789 0.26274510 0.77254902 0.45490196
v 0.05161644 -0.00500261 0.00573149 0.26274510 0.77254902 0.45490196
v -0.00276014 -0.00500261 0.01014930 0.26274510 0.77254902 0.45490196
v 0.01314053 0.01164372 0.01100675 0.26274510 0.77254902 0.45490196
v -0.00280276 0.01159711 0.01105176 0.26274510 0.77254902 0.45490196
v 0.01314053 0.01151054 0.01113447 0.26274510 0.77254902 0.45490196
v 0.05008763 0.01128246 0.01129369 0.26274510 0.77254902 0.45490196
v 0.05031669 0.01128246 0.01127569 0.26274510 0.77254902 0.45490196
v -0.00280276 0.01148723 0.01115585 0.26274510 0.77254902 0.45490196
v -0.00280276 0.01148057 0.01116091 0.26274510 0.77254902 0.45490196
v 0.02545091 0.01143729 0.01119017 0.26274510 0.77254902 0.45490196
v 0.05054041 0.01128246 0.01122168 0.26274510 0.77254902 0.45490196
v 0.05074816 0.01128246 0.01113334 0.26274510 0.77254902 0.45490196
v 0.05093993 0.01128246 0.01101406 0.26274510 0.77254902 0.45490196
v 0.05109973 0.01128246 0.01086665 0.26274510 0.77254902 0.45490196
v 0.05123290 0.01128246 0.01069561 0.26274510 0.77254902 0.45490196
v 0.05132879 0.01128246 0.01050713 0.26274510 0.77254902 0.45490196
v 0.05138739 0.01128246 0.01030571 0.26274510 0.77254902 0.45490196
v 0.05129150 0.01144395 0.00573149 0.26274510 0.77254902 0.45490196
v 0.05125954 0.01148723 0.00573149 0.26274510 0.77254902 0.45490196
v 0.05140869 0.01128246 0.01009810 0.26274510 0.77254902 0.45490196
v 0.05137673 0.01132741 0.00573149 0.26274510 0.77254902 0.45490196
v -0.00280276 0.00501782 0.01014930 0.26274510 0.77254902 0.45490196
v 0.05161644 0.01056160 0.00573149 0.26274510 0.77254902 0.45490196
v 0.05161644 -0.00500261 0.01009810 0.26274510 0.77254902 0.45490196
v -0.00274949 -0.00500261 0.01026013 0.26274510 0.77254902 0.45490196
v -0.00280276 0.00622480 0.01146023 0.26274510 0.77254902 0.45490196
v -0.00280276 0.00621148 0.01145742 0.26274510 0.77254902 0.45490196
v -0.00280276 0.00601171 0.01141016 0.26274510 0.77254902 0.45490196
v -0.00280276 0.00600005 0.01140735 0.26274510 0.77254902 0.45490196
v -0.00280276 0.00579528 0.01132351 0.26274510 0.77254902 0.45490196
v -0.00280276 0.00578696 0.01131957 0.26274510 0.77254902 0.45490196
v -0.00280276 0.00559717 0.01120480 0.26274510 0.77254902 0.45490196
v -0.00280276 0.00558385 0.01119579 0.26274510 0.77254902 0.45490196
v -0.00280276 0.00542070 0.01105626 0.26274510 0.77254902 0.45490196
v -0.00280276 0.00527087 0.01088016 0.26274510 0.77254902 0.45490196
v -0.00280276 0.00520761 0.01078563 0.26274510 0.77254902 0.45490196
v -0.00280276 0.00515434 0.01068717 0.26274510 0.77254902 0.45490196
v -0.00280276 0.00510939 0.01058421 0.26274510 0.77254902 0.45490196
v -0.00280276 0.00507276 0.01047844 0.26274510 0.77254902 0.45490196
v -0.00280276 0.00504446 0.01037041 0.26274510 0.77254902 0.45490196
v -0.00280276 0.00502615 0.01026013 0.26274510 0.77254902 0.45490196
v 0.03777193 0.01119756 0.01133195 0.26274510 0.77254902 0.45490196
v 0.05008763 0.01105438 0.01139553 0.26274510 0.77254902 0.45490196
v -0.00280276 0.01130577 0.01127850 0.26274510 0.77254902 0.45490196
v -0.00280276 0.01128246 0.01129369 0.26274510 0.77254902 0.45490196
v 0.05033799 0.01105438 0.01137584 0.26274510 0.77254902 0.45490196
v 0.05057770 0.01105438 0.01131676 0.26274510 0.77254902 0.45490196
v 0.05080676 0.01105438 0.01122168 0.26274510 0.77254902 0.45490196
v 0.05100918 0.01105438 0.01109171 0.26274510 0.77254902 0.45490196
v 0.05118497 0.01105438 0.01093192 0.26274510 0.77254902 0.45490196
v 0.05132879 0.01105438 0.01074681 0.26274510 0.77254902 0.45490196
v 0.05143533 0.01105438 0.01054201 0.26274510 0.77254902 0.45490196
v 0.05149925 0.01105438 0.01032315 0.26274510 0.77254902 0.45490196
v 0.05152055 0.01105438 0.01009810 0.26274510 0.77254902 0.45490196
v 0.05149925 0.01110433 0.00573149 0.26274510 0.77254902 0.45490196
v 0.05143533 0.01123252 0.00573149 0.26274510 0.77254902 0.45490196
v 0.05140869 0.01128246 0.00573149 0.26274510 0.77254902 0.45490196
v 0.05161644 0.01056160 0.01009810 0.26274510 0.77254902 0.45490196
v 0.05161111 0.01061654 0.00573149 0.26274510 0.77254902 0.45490196
v 0.05158980 -0.00500261 0.01033778 0.26274510 0.77254902 0.45490196
v -0.00273351 -0.00500261 0.01037041 0.26274510 0.77254902 0.45490196
v -0.00280276 0.00624145 0.01146192 0.26274510 0.77254902 0.45490196
v -0.00270155 -0.00500261 0.01047787 0.26274510 0.77254902 0.45490196
v -0.00266426 -0.00500261 0.01058421 0.26274510 0.77254902 0.45490196
v -0.00261632 -0.00500261 0.01068549 0.26274510 0.77254902 0.45490196
v -0.00280276 0.01117758 0.01134095 0.26274510 0.77254902 0.45490196
v 0.05008763 0.01081299 0.01145742 0.26274510 0.77254902 0.45490196
v 0.05034865 0.01081299 0.01143717 0.26274510 0.77254902 0.45490196
v -0.00280276 0.01105438 0.01139553 0.26274510 0.77254902 0.45490196
v -0.00280276 0.01104606 0.01139778 0.26274510 0.77254902 0.45490196
v 0.02545091 0.01087292 0.01144223 0.26274510 0.77254902 0.45490196
v 0.05060434 0.01081299 0.01137584 0.26274510 0.77254902 0.45490196
v 0.05083872 0.01081299 0.01127569 0.26274510 0.77254902 0.45490196
v 0.05105712 0.01081299 0.01113953 0.26274510 0.77254902 0.45490196
v 0.05123823 0.01081299 0.01097187 0.26274510 0.77254902 0.45490196
v 0.05138739 0.01081299 0.01077776 0.26274510 0.77254902 0.45490196
v 0.05149925 0.01081299 0.01056283 0.26274510 0.77254902 0.45490196
v 0.05156850 0.01081299 0.01033440 0.26274510 0.77254902 0.45490196
v 0.05158980 0.01081299 0.01009810 0.26274510 0.77254902 0.45490196
v 0.05153654 0.01100278 0.00573149 0.26274510 0.77254902 0.45490196
v 0.05152055 0.01105438 0.00573149 0.26274510 0.77254902 0.45490196
v 0.05158980 0.01056160 0.01033778 0.26274510 0.77254902 0.45490196
v 0.05158980 0.01081299 0.00573149 0.26274510 0.77254902 0.45490196
v 0.05157382 -0.00500261 0.01039910 0.26274510 0.77254902 0.45490196
v -0.00280276 0.00643956 0.01147711 0.26274510 0.77254902 0.45490196
v -0.00255772 -0.00500261 0.01078563 0.26274510 0.77254902 0.45490196
v -0.00249380 -0.00500261 0.01088016 0.26274510 0.77254902 0.45490196
v -0.00233932 -0.00500261 0.01105289 0.26274510 0.77254902 0.45490196
v 0.03777193 0.01078136 0.01146023 0.26274510 0.77254902 0.45490196
v 0.05008763 0.01056160 0.01147880 0.26274510 0.77254902 0.45490196
v -0.00280276 0.01081299 0.01145742 0.26274510 0.77254902 0.45490196
v -0.00280276 0.01080300 0.01145855 0.26274510 0.77254902 0.45490196
v 0.05035397 0.01056160 0.01145742 0.26274510 0.77254902 0.45490196
v -0.00280276 0.01083963 0.01145067 0.26274510 0.77254902 0.45490196
v 0.05060966 0.01056160 0.01139553 0.26274510 0.77254902 0.45490196
v 0.05084937 0.01056160 0.01129369 0.26274510 0.77254902 0.45490196
v 0.05106777 0.01056160 0.01115585 0.26274510 0.77254902 0.45490196
v 0.05125954 0.01056160 0.01098537 0.26274510 0.77254902 0.45490196
v 0.05140869 0.01056160 0.01078845 0.26274510 0.77254902 0.45490196
v 0.05152055 0.01056160 0.01057015 0.26274510 0.77254902 0.45490196
v 0.05155784 0.00000012 0.01045424 0.26274510 0.77254902 0.45490196
v 0.05154186 -0.00500261 0.01050938 0.26274510 0.77254902 0.45490196
v -0.00280276 0.00645621 0.01147824 0.26274510 0.77254902 0.45490196
v -0.00216353 -0.00500261 0.01119242 0.26274510 0.77254902 0.45490196
v 0.02545091 0.01074973 0.01146305 0.26274510 0.77254902 0.45490196
v 0.05008763 0.00000012 0.01147880 0.26274510 0.77254902 0.45490196
v 0.05028473 -0.00500261 0.01146305 0.26274510 0.77254902 0.45490196
v 0.01314053 0.01065650 0.01147092 0.26274510 0.77254902 0.45490196
v -0.00280276 0.01056160 0.01147880 0.26274510 0.77254902 0.45490196
v -0.00280276 0.01069645 0.01146755 0.26274510 0.77254902 0.45490196
v 0.05035397 -0.00500261 0.01145742 0.26274510 0.77254902 0.45490196
v 0.05042322 -0.00500261 0.01144110 0.26274510 0.77254902 0.45490196
v 0.05054574 -0.00500261 0.01141185 0.26274510 0.77254902 0.45490196
v 0.05060966 -0.00500261 0.01139553 0.26274510 0.77254902 0.45490196
v 0.05079078 -0.00500261 0.01132014 0.26274510 0.77254902 0.45490196
v 0.05101450 -0.00500261 0.01119186 0.26274510 0.77254902 0.45490196
v 0.05084937 -0.00500261 0.01129369 0.26274510 0.77254902 0.45490196
v 0.05106777 -0.00500261 0.01115585 0.26274510 0.77254902 0.45490196
v 0.05112104 -0.00500261 0.01111084 0.26274510 0.77254902 0.45490196
v 0.05125954 -0.00500261 0.01098537 0.26274510 0.77254902 0.45490196
v 0.05137140 -0.00500261 0.01084021 0.26274510 0.77254902 0.45490196
v 0.05144065 -0.00500261 0.01073106 0.26274510 0.77254902 0.45490196
v 0.05146729 0.00000012 0.01067930 0.26274510 0.77254902 0.45490196
v 0.05140869 -0.00500261 0.01078845 0.26274510 0.77254902 0.45490196
v 0.05149392 -0.00500261 0.01062753 0.26274510 0.77254902 0.45490196
v 0.05152055 -0.00500261 0.01057015 0.26274510 0.77254902 0.45490196
v -0.00280276 0.00659272 0.01147880 0.26274510 0.77254902 0.45490196
v -0.00215288 -0.00500261 0.01120030 0.26274510 0.77254902 0.45490196
v -0.00196111 -0.00500261 0.01131170 0.26274510 0.77254902 0.45490196
v -0.00194513 -0.00500261 0.01131957 0.26274510 0.77254902 0.45490196
v -0.00174271 -0.00500261 0.01140003 0.26274510 0.77254902 0.45490196
v -0.00172140 -0.00500261 0.01140735 0.26274510 0.77254902 0.45490196
v -0.00150833 -0.00500261 0.01145517 0.26274510 0.77254902 0.45490196
v -0.00148170 -0.00500261 0.01146079 0.26274510 0.77254902 0.45490196
v -0.00126862 -0.00500261 0.01147655 0.26274510 0.77254902 0.45490196
v -0.00123666 -0.00500261 0.01147824 0.26274510 0.77254902 0.45490196
v 0.05008763 -0.00500261 0.01147824 0.26274510 0.77254902 0.45490196
v 0.05015688 -0.00500261 0.01147317 0.26274510 0.77254902 0.45490196
v 0.01159574 0.00220431 0.01147880 0.26274510 0.77254902 0.45490196
f 1540 1541 1542
f 1540 1542 1543
f 1540 1543 1544
f 1540 1544 1545
f 1540 1545 1546
f 1540 1546 1547
f 1540 1547 1548
f 1540 1548 1549
f 1540 1549 1550
f 1540 1550 1551
f 1540 1551 1552
f 1540 1552 1553
f 1540 1553 1575
f 1540 1575 1554
f 1540 1554 1541
f 1541 1555 1556
f 1541 1556 1542
f 1541 1554 1557
f 1541 1557 1558
f 1541 1558 1555
f 1542 1559 1560
f 1542 1560 1561
f 1542 1561 1543
f 1542 1556 1562
f 1542 1562 1563
f 1542 1563 1559
f 1543 1564 1565
f 1543 1565 1544
f 1543 1561 1564
f 1544 1565 1545
f 1545 1565 1566
f 1545 1566 1567
f 1545 1567 1546
f 1546 1567 1568
f 1546 1568 1547
f 1547 1568 1569
f 1547 1569 1548
f 1548 1569 1549
f 1549 1569 1570
f 1549 1570 1571
f 1549 1571 1550
f 1550 1571 1551
f 1551 1572 1552
f 1551 1571 1573
f 1551 1573 1574
f 1551 1574 1572
f 1552 1572 1574
f 1552 1574 1593
f 1552 1593 1592
f 1552 1592 1610
f 1552 1610 1609
f 1552 1609 1608
f 1552 1608 1630
f 1552 1630 1629
f 1552 1629 1650
f 1552 1650 1649
f 1552 1649 1652
f 1552 1652 1688
f 1552 1688 1687
f 1552 1687 1686
f 1552 1686 1712
f 1552 1712 1711
f 1552 1711 1714
f 1552 1714 1690
f 1552 1690 1654
f 1552 1654 1632
f 1552 1632 1612
f 1552 1612 1594
f 1552 1594 1575
f 1552 1575 1553
f 1554 1575 1594
f 1554 1594 1611
f 1554 1611 1631
f 1554 1631 1653
f 1554 1653 1672
f 1554 1672 1671
f 1554 1671 1670
f 1554 1670 1669
f 1554 1669 1668
f 1554 1668 1667
f 1554 1667 1666
f 1554 1666 1665
f 1554 1665 1664
f 1554 1664 1663
f 1554 1663 1662
f 1554 1662 1661
f 1554 1661 1660
f 1554 1660 1659
f 1554 1659 1658
f 1554 1658 1657
f 1554 1657 1693
f 1554 1693 1716
f 1554 1716 1734
f 1554 1734 1758
f 1554 1758 1740
f 1554 1740 1741
f 1554 1741 1723
f 1554 1723 1722
f 1554 1722 1725
f 1554 1725 1701
f 1554 1701 1700
f 1554 1700 1697
f 1554 1697 1676
f 1554 1676 1675
f 1554 1675 1640
f 1554 1640 1639
f 1554 1639 1635
f 1554 1635 1619
f 1554 1619 1614
f 1554 1614 1596
f 1554 1596 1595
f 1554 1595 1583
f 1554 1583 1582
f 1554 1582 1581
f 1554 1581 1577
f 1554 1577 1563
f 1554 1563 1562
f 1554 1562 1576
f 1554 1576 1558
f 1554 1558 1557
f 1555 1558 1562
f 1555 1562 1556
f 1558 1576 1562
f 1559 1563 1577
f 1559 1577 1560
f 1560 1577 1561
f 1561 1578 1579
f 1561 1579 1580
f 1561 1580 1564
f 1561 1577 1581
f 1561 1581 1582
f 1561 1582 1583
f 1561 1583 1578
f 1564 1580 1565
f 1565 1584 1585
f 1565 1585 1566
f 1565 1580 1584
f 1566 1585 1567
f 1567 1585 1586
f 1567 1586 1587
f 1567 1587 1568
f 1568 1587 1569
f 1569 1587 1588
f 1569 1588 1589
f 1569 1589 1570
f 1570 1589 1571
f 1571 1589 1590
f 1571 1590 1591
f 1571 1591 1573
f 1573 1592 1593
f 1573 1593 1574
f 1573 1591 1592
f 1578 1583 1595
f 1578 1595 1596
f 1578 1596 1579
f 1579 1597 1598
f 1579 1598 1599
f 1579 1599 1580
f 1579 1596 1615
f 1579 1615 1597
f 1580 1599 1600
f 1580 1600 1584
f 1584 1600 1585
f 1585 1600 1601
f 1585 1601 1602
f 1585 1602 1586
f 1586 1602 1587
f 1587 1602 1603
f 1587 1603 1604
f 1587 1604 1588
f 1588 1604 1589
f 1589 1604 1605
f 1589 1605 1606
f 1589 1606 1590
f 1590 1606 1591
f 1591 1606 1607
f 1591 1607 1608
f 1591 1608 1609
f 1591 1609 1610
f 1591 1610 1592
f 1594 1612 1613
f 1594 1613 1611
f 1596 1614 1615
f 1597 1615 1614
f 1597 1614 1598
f 1598 1616 1617
f 1598 1617 1618
f 1598 1618 1599
f 1598 1614 1619
f 1598 1619 1634
f 1598 1634 1616
f 1599 1620 1600
f 1599 1618 1620
f 1600 1621 1622
f 1600 1622 1601
f 1600 1620 1621
f 1601 1622 1602
f 1602 1623 1624
f 1602 1624 1603
f 1602 1622 1623
f 1603 1624 1604
f 1604 1624 1625
f 1604 1625 1626
f 1604 1626 1605
f 1605 1626 1606
f 1606 1626 1627
f 1606 1627 1628
f 1606 1628 1607
f 1607 1629 1630
f 1607 1630 1608
f 1607 1628 1629
f 1611 1613 1631
f 1612 1632 1655
f 1612 1655 1691
f 1612 1691 1715
f 1612 1715 1733
f 1612 1733 1757
f 1612 1757 1756
f 1612 1756 1753
f 1612 1753 1755
f 1612 1755 1752
f 1612 1752 1751
f 1612 1751 1750
f 1612 1750 1749
f 1612 1749 1747
f 1612 1747 1748
f 1612 1748 1746
f 1612 1746 1745
f 1612 1745 1744
f 1612 1744 1743
f 1612 1743 1742
f 1612 1742 1738
f 1612 1738 1769
f 1612 1769 1768
f 1612 1768 1767
f 1612 1767 1766
f 1612 1766 1765
f 1612 1765 1764
f 1612 1764 1763
f 1612 1763 1762
f 1612 1762 1761
f 1612 1761 1760
f 1612 1760 1759
f 1612 1759 1735
f 1612 1735 1719
f 1612 1719 1718
f 1612 1718 1717
f 1612 1717 1696
f 1612 1696 1695
f 1612 1695 1694
f 1612 1694 1692
f 1612 1692 1656
f 1612 1656 1633
f 1612 1633 1613
f 1613 1633 1653
f 1613 1653 1631
f 1616 1634 1635
f 1616 1635 1617
f 1617 1635 1636
f 1617 1636 1639
f 1617 1639 1618
f 1618 1637 1638
f 1618 1638 1620
f 1618 1639 1640
f 1618 1640 1641
f 1618 1641 1637
f 1619 1635 1634
f 1620 1638 1642
f 1620 1642 1621
f 1621 1642 1622
f 1622 1643 1644
f 1622 1644 1623
f 1622 1642 1643
f 1623 1644 1624
f 1624 1644 1645
f 1624 1645 1646
f 1624 1646 1625
f 1625 1646 1626
f 1626 1646 1647
f 1626 1647 1627
f 1627 1647 1648
f 1627 1648 1628
f 1628 1649 1650
f 1628 1650 1629
f 1628 1648 1651
f 1628 1651 1652
f 1628 1652 1649
f 1632 1654 1689
f 1632 1689 1655
f 1633 1656 1657
f 1633 1657 1658
f 1633 1658 1659
f 1633 1659 1660
f 1633 1660 1661
f 1633 1661 1662
f 1633 1662 1663
f 1633 1663 1664
f 1633 1664 1665
f 1633 1665 1666
f 1633 1666 1667
f 1633 1667 1668
f 1633 1668 1669
f 1633 1669 1670
f 1633 1670 1671
f 1633 1671 1672
f 1633 1672 1653
f 1635 1639 1636
f 1637 1673 1674
f 1637 1674 1638
f 1637 1641 1675
f 1637 1675 1676
f 1637 1676 1697
f 1637 1697 1673
f 1638 1677 1642
f 1638 1674 1677
f 1640 1675 1641
f 1642 1677 1678
f 1642 1678 1679
f 1642 1679 1643
f 1643 1679 1644
f 1644 1680 1681
f 1644 1681 1645
f 1644 1679 1680
f 1645 1681 1646
f 1646 1681 1682
f 1646 1682 1683
f 1646 1683 1647
f 1647 1683 1684
f 1647 1684 1648
f 1648 1684 1651
f 1651 1684 1685
f 1651 1685 1686
f 1651 1686 1687
f 1651 1687 1688
f 1651 1688 1652
f 1654 1690 1689
f 1655 1689 1713
f 1655 1713 1691
f 1656 1692 1657
f 1657 1692 1694
f 1657 1694 1695
f 1657 1695 1696
f 1657 1696 1693
f 1673 1697 1674
f 1674 1698 1699
f 1674 1699 1677
f 1674 1697 1700
f 1674 1700 1701
f 1674 1701 1702
f 1674 1702 1698
f 1677 1699 1703
f 1677 1703 1678
f 1678 1703 1679
f 1679 1703 1704
f 1679 1704 1705
f 1679 1705 1680
f 1680 1705 1681
f 1681 1706 1682
f 1681 1705 1706
f 1682 1707 1708
f 1682 1708 1683
f 1682 1706 1707
f 1683 1708 1709
f 1683 1709 1684
f 1684 1709 1685
f 1685 1709 1710
f 1685 1710 1711
f 1685 1711 1712
f 1685 1712 1686
f 1689 1690 1710
f 1689 1710 1709
f 1689 1709 1713
f 1690 1714 1710
f 1691 1713 1715
f 1693 1696 1717
f 1693 1717 1718
f 1693 1718 1719
f 1693 1719 1716
f 1698 1720 1721
f 1698 1721 1699
f 1698 1702 1725
f 1698 1725 1722
f 1698 1722 1723
f 1698 1723 1720
f 1699 1721 1724
f 1699 1724 1703
f 1701 1725 1702
f 1703 1724 1726
f 1703 1726 1727
f 1703 1727 1704
f 1704 1727 1705
f 1705 1727 1728
f 1705 1728 1729
f 1705 1729 1706
f 1706 1729 1707
f 1707 1729 1730
f 1707 1730 1708
f 1708 1730 1731
f 1708 1731 1709
f 1709 1731 1713
f 1710 1714 1711
f 1713 1731 1732
f 1713 1732 1715
f 1715 1732 1733
f 1716 1719 1735
f 1716 1735 1734
f 1720 1723 1736
f 1720 1736 1721
f 1721 1737 1738
f 1721 1738 1724
f 1721 1736 1739
f 1721 1739 1740
f 1721 1740 1758
f 1721 1758 1770
f 1721 1770 1737
f 1723 1741 1739
f 1723 1739 1736
f 1724 1738 1742
f 1724 1742 1743
f 1724 1743 1744
f 1724 1744 1726
f 1726 1744 1745
f 1726 1745 1746
f 1726 1746 1727
f 1727 1747 1728
f 1727 1746 1748
f 1727 1748 1747
f 1728 1747 1749
f 1728 1749 1750
f 1728 1750 1729
f 1729 1751 1752
f 1729 1752 1730
f 1729 1750 1751
f 1730 1753 1754
f 1730 1754 1731
f 1730 1752 1755
f 1730 1755 1753
f 1731 1754 1756
f 1731 1756 1757
f 1731 1757 1733
f 1731 1733 1732
f 1734 1735 1759
f 1734 1759 1760
f 1734 1760 1761
f 1734 1761 1762
f 1734 1762 1763
f 1734 1763 1764
f 1734 1764 1765
f 1734 1765 1766
f 1734 1766 1767
f 1734 1767 1758
f 1737 1768 1769
f 1737 1769 1738
f 1737 1770 1767
f 1737 1767 1768
f 1739 1741 1740
f 1753 1756 1754
f 1758 1767 1770

o geometry_11
v -0.02176672 0.00573926 -0.00578461 0.56470588 0.01568627 0.61568627
v -0.02176672 -0.00572981 -0.00578461 0.56470588 0.01568627 0.61568627
v -0.02196559 0.00573926 -0.00988665 0.56470588 0.01568627 0.61568627
v -0.04998356 0.00573926 -0.00578461 0.56470588 0.01568627 0.61568627
v -0.02197664 -0.00572981 -0.01010364 0.56470588 0.01568627 0.61568627
v -0.04998356 -0.00572981 -0.00578461 0.56470588 0.01568627 0.61568627
v -0.02198216 0.00573926 -0.01020652 0.56470588 0.01568627 0.61568627
v -0.04998356 0.00573926 -0.01014637 0.56470588 0.01568627 0.61568627
v -0.02198216 -0.00572981 -0.01020877 0.56470588 0.01568627 0.61568627
v -0.04998356 -0.00572981 -0.01014637 0.56470588 0.01568627 0.61568627
v -0.02199321 0.00573926 -0.01032513 0.56470588 0.01568627 0.61568627
v -0.04997804 0.00573926 -0.01020090 0.56470588 0.01568627 0.61568627
v -0.04997804 -0.00572981 -0.01020146 0.56470588 0.01568627 0.61568627
v -0.02199321 -0.00572981 -0.01032345 0.56470588 0.01568627 0.61568627
v -0.02201531 -0.00572981 -0.01044094 0.56470588 0.01568627 0.61568627
v -0.02201531 0.00573926 -0.01043869 0.56470588 0.01568627 0.61568627
v -0.04995870 0.00573926 -0.01038585 0.56470588 0.01568627 0.61568627
v -0.04995870 -0.00572981 -0.01038585 0.56470588 0.01568627 0.61568627
v -0.02204845 -0.00572981 -0.01055168 0.56470588 0.01568627 0.61568627
v -0.02204845 0.00573926 -0.01055449 0.56470588 0.01568627 0.61568627
v -0.04990622 0.00573926 -0.01056517 0.56470588 0.01568627 0.61568627
v -0.04992556 0.00000023 -0.01050221 0.56470588 0.01568627 0.61568627
v -0.04990622 -0.00572981 -0.01056517 0.56470588 0.01568627 0.61568627
v -0.02209264 -0.00572981 -0.01066524 0.56470588 0.01568627 0.61568627
v -0.02208988 0.00573926 -0.01066243 0.56470588 0.01568627 0.61568627
v -0.04988966 0.00573926 -0.01061858 0.56470588 0.01568627 0.61568627
v -0.04988966 -0.00572981 -0.01061858 0.56470588 0.01568627 0.61568627
v -0.02214236 -0.00572981 -0.01076867 0.56470588 0.01568627 0.61568627
v -0.02214512 0.00573926 -0.01077205 0.56470588 0.01568627 0.61568627
v -0.04986479 0.00573926 -0.01066805 0.56470588 0.01568627 0.61568627
v -0.04986479 -0.00572981 -0.01066861 0.56470588 0.01568627 0.61568627
v -0.02220865 -0.00572981 -0.01087436 0.56470588 0.01568627 0.61568627
v -0.02220589 0.00573926 -0.01087098 0.56470588 0.01568627 0.61568627
v -0.04977917 0.00573926 -0.01083669 0.56470588 0.01568627 0.61568627
v -0.04977917 -0.00572981 -0.01083669 0.56470588 0.01568627 0.61568627
v -0.02228046 -0.00572981 -0.01096824 0.56470588 0.01568627 0.61568627
v -0.02228322 0.00573926 -0.01097161 0.56470588 0.01568627 0.61568627
v -0.04966040 0.00573926 -0.01098848 0.56470588 0.01568627 0.61568627
v -0.04966040 -0.00572981 -0.01098848 0.56470588 0.01568627 0.61568627
v -0.02236056 -0.00572981 -0.01105874 0.56470588 0.01568627 0.61568627
v -0.02236056 0.00573926 -0.01105874 0.56470588 0.01568627 0.61568627
v -0.04962450 0.00573926 -0.01103345 0.56470588 0.01568627 0.61568627
v -0.04962450 -0.00572981 -0.01103345 0.56470588 0.01568627 0.61568627
v -0.02236885 0.00573926 -0.01106605 0.56470588 0.01568627 0.61568627
v -0.02254838 -0.00572981 -0.01122065 0.56470588 0.01568627 0.61568627
v -0.04958307 0.00573926 -0.01107224 0.56470588 0.01568627 0.61568627
v -0.04958307 -0.00572981 -0.01107280 0.56470588 0.01568627 0.61568627
v -0.02254838 0.00573926 -0.01122065 0.56470588 0.01568627 0.61568627
v -0.02274448 -0.00572981 -0.01134207 0.56470588 0.01568627 0.61568627
v -0.02255942 0.00573926 -0.01122795 0.56470588 0.01568627 0.61568627
v -0.04948087 0.00573926 -0.01116499 0.56470588 0.01568627 0.61568627
v -0.04948087 -0.00572981 -0.01116499 0.56470588 0.01568627 0.61568627
v -0.02276105 -0.00572981 -0.01135163 0.56470588 0.01568627 0.61568627
v -0.02276105 0.00573926 -0.01135163 0.56470588 0.01568627 0.61568627
v -0.04943668 0.00573926 -0.01120378 0.56470588 0.01568627 0.61568627
v -0.04943668 -0.00572981 -0.01120378 0.56470588 0.01568627 0.61568627
v -0.02297649 -0.00572981 -0.01143989 0.56470588 0.01568627 0.61568627
v -0.02299583 0.00573926 -0.01144776 0.56470588 0.01568627 0.61568627
v -0.04922124 0.00573926 -0.01134207 0.56470588 0.01568627 0.61568627
v -0.04922124 -0.00572981 -0.01134207 0.56470588 0.01568627 0.61568627
v -0.02299583 -0.00572981 -0.01144776 0.56470588 0.01568627 0.61568627
v -0.02322231 -0.00572981 -0.01150116 0.56470588 0.01568627 0.61568627
v -0.02324717 0.00573926 -0.01150678 0.56470588 0.01568627 0.61568627
v -0.04916600 0.00573926 -0.01136512 0.56470588 0.01568627 0.61568627
v -0.04916600 -0.00572981 -0.01136512 0.56470588 0.01568627 0.61568627
v -0.02324717 -0.00572981 -0.01150678 0.56470588 0.01568627 0.61568627
v -0.02327203 0.00573926 -0.01150903 0.56470588 0.01568627 0.61568627
v -0.04897818 0.00573926 -0.01144326 0.56470588 0.01568627 0.61568627
v -0.04897818 -0.00572981 -0.01144326 0.56470588 0.01568627 0.61568627
v -0.02327203 -0.00572981 -0.01150903 0.56470588 0.01568627 0.61568627
v -0.02350404 0.00000023 -0.01152702 0.56470588 0.01568627 0.61568627
v -0.02350404 0.00573926 -0.01152646 0.56470588 0.01568627 0.61568627
v -0.04892018 0.00573926 -0.01145787 0.56470588 0.01568627 0.61568627
v -0.04892018 -0.00572981 -0.01145787 0.56470588 0.01568627 0.61568627
v -0.02350404 -0.00572981 -0.01152702 0.56470588 0.01568627 0.61568627
v -0.04845892 0.00000023 -0.01152702 0.56470588 0.01568627 0.61568627
v -0.04845892 0.00573926 -0.01152646 0.56470588 0.01568627 0.61568627
v -0.04878208 0.00573926 -0.01149160 0.56470588 0.01568627 0.61568627
v -0.04878208 -0.00572981 -0.01149160 0.56470588 0.01568627 0.61568627
v -0.04845892 -0.00572981 -0.01152702 0.56470588 0.01568627 0.61568627
v -0.04866331 0.00573926 -0.01151072 0.56470588 0.01568627 0.61568627
v -0.04851969 0.00573926 -0.01152196 0.56470588 0.01568627 0.61568627
v -0.04872408 0.00573926 -0.01150566 0.56470588 0.01568627 0.61568627
v -0.04872408 -0.00572981 -0.01150566 0.56470588 0.01568627 0.61568627
v -0.04866331 -0.00572981 -0.01151072 0.56470588 0.01568627 0.61568627
f 1771 1772 1773
f 1771 1773 1777
f 1771 1777 1781
f 1771 1781 1786
f 1771 1786 1790
f 1771 1790 1795
f 1771 1795 1799
f 1771 1799 1803
f 1771 1803 1807
f 1771 1807 1811
f 1771 1811 1814
f 1771 1814 1818
f 1771 1818 1820
f 1771 1820 1824
f 1771 1824 1828
f 1771 1828 1833
f 1771 1833 1837
f 1771 1837 1842
f 1771 1842 1847
f 1771 1847 1852
f 1771 1852 1851
f 1771 1851 1853
f 1771 1853 1848
f 1771 1848 1843
f 1771 1843 1838
f 1771 1838 1834
f 1771 1834 1829
f 1771 1829 1825
f 1771 1825 1821
f 1771 1821 1816
f 1771 1816 1812
f 1771 1812 1808
f 1771 1808 1804
f 1771 1804 1800
f 1771 1800 1796
f 1771 1796 1791
f 1771 1791 1787
f 1771 1787 1782
f 1771 1782 1778
f 1771 1778 1774
f 1771 1774 1776
f 1771 1776 1772
f 1772 1775 1773
f 1772 1776 1780
f 1772 1780 1783
f 1772 1783 1788
f 1772 1788 1793
f 1772 1793 1797
f 1772 1797 1801
f 1772 1801 1805
f 1772 1805 1809
f 1772 1809 1813
f 1772 1813 1817
f 1772 1817 1822
f 1772 1822 1826
f 1772 1826 1830
f 1772 1830 1835
f 1772 1835 1839
f 1772 1839 1844
f 1772 1844 1849
f 1772 1849 1854
f 1772 1854 1855
f 1772 1855 1850
f 1772 1850 1845
f 1772 1845 1840
f 1772 1840 1836
f 1772 1836 1832
f 1772 1832 1831
f 1772 1831 1827
f 1772 1827 1823
f 1772 1823 1819
f 1772 1819 1815
f 1772 1815 1810
f 1772 1810 1806
f 1772 1806 1802
f 1772 1802 1798
f 1772 1798 1794
f 1772 1794 1789
f 1772 1789 1785
f 1772 1785 1784
f 1772 1784 1779
f 1772 1779 1775
f 1773 1775 1777
f 1774 1778 1780
f 1774 1780 1776
f 1775 1779 1777
f 1777 1779 1781
f 1778 1782 1783
f 1778 1783 1780
f 1779 1784 1781
f 1781 1784 1785
f 1781 1785 1786
f 1782 1787 1783
f 1783 1787 1788
f 1785 1789 1790
f 1785 1790 1786
f 1787 1791 1792
f 1787 1792 1788
f 1788 1792 1793
f 1789 1794 1795
f 1789 1795 1790
f 1791 1796 1797
f 1791 1797 1793
f 1791 1793 1792
f 1794 1798 1795
f 1795 1798 1799
f 1796 1800 1801
f 1796 1801 1797
f 1798 1802 1803
f 1798 1803 1799
f 1800 1804 1801
f 1801 1804 1805
f 1802 1806 1803
f 1803 1806 1807
f 1804 1808 1809
f 1804 1809 1805
f 1806 1810 1807
f 1807 1810 1811
f 1808 1812 1813
f 1808 1813 1809
f 1810 1814 1811
f 1810 1815 1814
f 1812 1816 1817
f 1812 1817 1813
f 1814 1815 1818
f 1815 1819 1820
f 1815 1820 1818
f 1816 1821 1817
f 1817 1821 1822
f 1819 1823 1824
f 1819 1824 1820
f 1821 1825 1826
f 1821 1826 1822
f 1823 1827 1824
f 1824 1827 1828
f 1825 1829 1830
f 1825 1830 1826
f 1827 1831 1828
f 1828 1831 1832
f 1828 1832 1833
f 1829 1834 1835
f 1829 1835 1830
f 1832 1836 1833
f 1833 1836 1840
f 1833 1840 1837
f 1834 1838 1839
f 1834 1839 1835
f 1837 1840 1845
f 1837 1845 1841
f 1837 1841 1842
f 1838 1843 1844
f 1838 1844 1839
f 1841 1845 1850
f 1841 1850 1846
f 1841 1846 1847
f 1841 1847 1842
f 1843 1848 1849
f 1843 1849 1844
f 1846 1850 1855
f 1846 1855 1851
f 1846 1851 1852
f 1846 1852 1847
f 1848 1853 1854
f 1848 1854 1849
f 1851 1855 1854
f 1851 1854 1853

o geometry_12
v -0.00280542 0.01200332 0.01009767 0.61176471 0.61568627 0.94117647
v -0.00280542 0.01198144 0.01032889 0.61176471 0.61568627 0.94117647
v -0.00280542 0.01200332 0.00573149 0.61176471 0.61568627 0.94117647
v -0.02098872 0.01200332 0.01009767 0.61176471 0.61568627 0.94117647
v -0.00280542 0.01198008 0.01033733 0.61176471 0.61568627 0.94117647
v -0.02098872 0.01198555 0.01028501 0.61176471 0.61568627 0.94117647
v -0.02098872 0.01198008 0.01033733 0.61176471 0.61568627 0.94117647
v -0.00280542 0.00521633 0.00573149 0.61176471 0.61568627 0.94117647
v -0.02098872 0.01200332 0.00573149 0.61176471 0.61568627 0.94117647
v -0.00280542 0.01197803 0.01034577 0.61176471 0.61568627 0.94117647
v -0.02098872 0.01197871 0.01034464 0.61176471 0.61568627 0.94117647
v -0.00280542 0.00502081 0.01001891 0.61176471 0.61568627 0.94117647
v -0.02098872 0.00521633 0.00573149 0.61176471 0.61568627 0.94117647
v -0.01150279 0.01197256 0.01036658 0.61176471 0.61568627 0.94117647
v -0.00280542 0.01192265 0.01054436 0.61176471 0.61568627 0.94117647
v -0.02098872 0.01196230 0.01040315 0.61176471 0.61568627 0.94117647
v -0.00280542 0.00502013 0.01003747 0.61176471 0.61568627 0.94117647
v -0.02098872 0.00502013 0.01003747 0.61176471 0.61568627 0.94117647
v -0.02098872 0.00502081 0.01001947 0.61176471 0.61568627 0.94117647
v -0.01188016 0.01193974 0.01048360 0.61176471 0.61568627 0.94117647
v -0.00280542 0.01191787 0.01056123 0.61176471 0.61568627 0.94117647
v -0.01188194 0.01193974 0.01048360 0.61176471 0.61568627 0.94117647
v -0.02098872 0.01193359 0.01050498 0.61176471 0.61568627 0.94117647
v -0.02098872 0.01191718 0.01056292 0.61176471 0.61568627 0.94117647
v -0.00280542 0.00502013 0.01014886 0.61176471 0.61568627 0.94117647
v -0.02098872 0.00502013 0.01014886 0.61176471 0.61568627 0.94117647
v -0.00280542 0.01191513 0.01056967 0.61176471 0.61568627 0.94117647
v -0.02098872 0.01191513 0.01056967 0.61176471 0.61568627 0.94117647
v -0.00280542 0.00502901 0.01025969 0.61176471 0.61568627 0.94117647
v -0.01187838 0.00502355 0.01020456 0.61176471 0.61568627 0.94117647
v -0.02098872 0.00502901 0.01025969 0.61176471 0.61568627 0.94117647
v -0.00280542 0.01191171 0.01057755 0.61176471 0.61568627 0.94117647
v -0.02098872 0.01191240 0.01057642 0.61176471 0.61568627 0.94117647
v -0.00280542 0.00504679 0.01036996 0.61176471 0.61568627 0.94117647
v -0.02098872 0.00504679 0.01036996 0.61176471 0.61568627 0.94117647
v -0.00280542 0.01186659 0.01067094 0.61176471 0.61568627 0.94117647
v -0.02098872 0.01181259 0.01078176 0.61176471 0.61568627 0.94117647
v -0.00280542 0.00507482 0.01047797 0.61176471 0.61568627 0.94117647
v -0.01188016 0.00506046 0.01042396 0.61176471 0.61568627 0.94117647
v -0.02098872 0.00507413 0.01047797 0.61176471 0.61568627 0.94117647
v -0.00280542 0.01181327 0.01078008 0.61176471 0.61568627 0.94117647
v -0.02098872 0.01180507 0.01079414 0.61176471 0.61568627 0.94117647
v -0.01188194 0.01180917 0.01078795 0.61176471 0.61568627 0.94117647
v -0.00280542 0.01180917 0.01078795 0.61176471 0.61568627 0.94117647
v -0.00280542 0.00511105 0.01058374 0.61176471 0.61568627 0.94117647
v -0.01188016 0.00509259 0.01053085 0.61176471 0.61568627 0.94117647
v -0.01188372 0.00511105 0.01058374 0.61176471 0.61568627 0.94117647
v -0.02098872 0.00511105 0.01058317 0.61176471 0.61568627 0.94117647
v -0.02098872 0.01166971 0.01097923 0.61176471 0.61568627 0.94117647
v -0.01150279 0.01171962 0.01091116 0.61176471 0.61568627 0.94117647
v -0.00280542 0.01180439 0.01079527 0.61176471 0.61568627 0.94117647
v -0.00280542 0.00515617 0.01068669 0.61176471 0.61568627 0.94117647
v -0.01190686 0.00513361 0.01063549 0.61176471 0.61568627 0.94117647
v -0.02098872 0.00515617 0.01068556 0.61176471 0.61568627 0.94117647
v -0.02098872 0.01166014 0.01098992 0.61176471 0.61568627 0.94117647
v -0.01188194 0.01166561 0.01098485 0.61176471 0.61568627 0.94117647
v -0.00280542 0.01168133 0.01096348 0.61176471 0.61568627 0.94117647
v -0.00280542 0.00521017 0.01078514 0.61176471 0.61568627 0.94117647
v -0.02098872 0.00520949 0.01078401 0.61176471 0.61568627 0.94117647
v -0.01188372 0.00515617 0.01068669 0.61176471 0.61568627 0.94117647
v -0.02098872 0.01161502 0.01103324 0.61176471 0.61568627 0.94117647
v -0.01188194 0.01148787 0.01115532 0.61176471 0.61568627 0.94117647
v -0.00280542 0.01166561 0.01098485 0.61176471 0.61568627 0.94117647
v -0.00280542 0.00527238 0.01087965 0.61176471 0.61568627 0.94117647
v -0.01188016 0.00524094 0.01083240 0.61176471 0.61568627 0.94117647
v -0.01188372 0.00521017 0.01078514 0.61176471 0.61568627 0.94117647
v -0.01191576 0.00524094 0.01083240 0.61176471 0.61568627 0.94117647
v -0.02098872 0.00527102 0.01087796 0.61176471 0.61568627 0.94117647
v -0.02098872 0.01152684 0.01111762 0.61176471 0.61568627 0.94117647
v -0.02098872 0.01149265 0.01115025 0.61176471 0.61568627 0.94117647
v -0.02098872 0.01148172 0.01115925 0.61176471 0.61568627 0.94117647
v -0.02098872 0.01128825 0.01128921 0.61176471 0.61568627 0.94117647
v -0.00280542 0.01148035 0.01116038 0.61176471 0.61568627 0.94117647
v -0.00280542 0.01148787 0.01115532 0.61176471 0.61568627 0.94117647
v -0.00280542 0.00541526 0.01104786 0.61176471 0.61568627 0.94117647
v -0.01188372 0.00541868 0.01105236 0.61176471 0.61568627 0.94117647
v -0.01188016 0.00527443 0.01088247 0.61176471 0.61568627 0.94117647
v -0.01188194 0.00527443 0.01088247 0.61176471 0.61568627 0.94117647
v -0.02098872 0.00527648 0.01088472 0.61176471 0.61568627 0.94117647
v -0.02098872 0.01127526 0.01129596 0.61176471 0.61568627 0.94117647
v -0.01188194 0.01128210 0.01129315 0.61176471 0.61568627 0.94117647
v -0.00280542 0.01128210 0.01129315 0.61176471 0.61568627 0.94117647
v -0.00280542 0.00542278 0.01105574 0.61176471 0.61568627 0.94117647
v -0.02098872 0.00541868 0.01105236 0.61176471 0.61568627 0.94117647
v -0.00280542 0.00558617 0.01119526 0.61176471 0.61568627 0.94117647
v -0.02098872 0.01123151 0.01131565 0.61176471 0.61568627 0.94117647
v -0.01188194 0.01119801 0.01133084 0.61176471 0.61568627 0.94117647
v -0.00280542 0.01117682 0.01134040 0.61176471 0.61568627 0.94117647
v -0.02098872 0.00559232 0.01119976 0.61176471 0.61568627 0.94117647
v -0.00280542 0.00559915 0.01120426 0.61176471 0.61568627 0.94117647
v -0.01188372 0.00559232 0.01119976 0.61176471 0.61568627 0.94117647
v -0.02098872 0.01105445 0.01139498 0.61176471 0.61568627 0.94117647
v -0.01188194 0.01108248 0.01138260 0.61176471 0.61568627 0.94117647
v -0.01188016 0.01108248 0.01138260 0.61176471 0.61568627 0.94117647
v -0.00280542 0.01105445 0.01139498 0.61176471 0.61568627 0.94117647
v -0.02098872 0.00560462 0.01120764 0.61176471 0.61568627 0.94117647
v -0.00280542 0.00577963 0.01131396 0.61176471 0.61568627 0.94117647
v -0.01188016 0.00578578 0.01131790 0.61176471 0.61568627 0.94117647
v -0.02098872 0.01081929 0.01145517 0.61176471 0.61568627 0.94117647
v -0.01188194 0.01084185 0.01144954 0.61176471 0.61568627 0.94117647
v -0.01150279 0.01090337 0.01143379 0.61176471 0.61568627 0.94117647
v -0.00280542 0.01096011 0.01141917 0.61176471 0.61568627 0.94117647
v -0.01188194 0.00578578 0.01131790 0.61176471 0.61568627 0.94117647
v -0.02098872 0.00578852 0.01131903 0.61176471 0.61568627 0.94117647
v -0.00280542 0.00578852 0.01131903 0.61176471 0.61568627 0.94117647
v -0.00280542 0.00579740 0.01132296 0.61176471 0.61568627 0.94117647
v -0.02098872 0.01081245 0.01145686 0.61176471 0.61568627 0.94117647
v -0.00280542 0.01081245 0.01145686 0.61176471 0.61568627 0.94117647
v -0.01188016 0.01084185 0.01144954 0.61176471 0.61568627 0.94117647
v -0.00280542 0.01083911 0.01145011 0.61176471 0.61568627 0.94117647
v -0.02098872 0.00579740 0.01132296 0.61176471 0.61568627 0.94117647
v -0.00280542 0.00600181 0.01140679 0.61176471 0.61568627 0.94117647
v -0.02098872 0.01074272 0.01146305 0.61176471 0.61568627 0.94117647
v -0.00280542 0.01080288 0.01145798 0.61176471 0.61568627 0.94117647
v -0.02098872 0.00600181 0.01140679 0.61176471 0.61568627 0.94117647
v -0.00280542 0.00621305 0.01145686 0.61176471 0.61568627 0.94117647
v -0.01188016 0.00611324 0.01143323 0.61176471 0.61568627 0.94117647
v -0.02098872 0.00601343 0.01140960 0.61176471 0.61568627 0.94117647
v -0.02098872 0.01056225 0.01147880 0.61176471 0.61568627 0.94117647
v -0.00280542 0.01056225 0.01147880 0.61176471 0.61568627 0.94117647
v -0.00280542 0.00622740 0.01145967 0.61176471 0.61568627 0.94117647
v -0.01188372 0.00622740 0.01146023 0.61176471 0.61568627 0.94117647
v -0.02098872 0.00622740 0.01146023 0.61176471 0.61568627 0.94117647
v -0.02098872 0.00645915 0.01147880 0.61176471 0.61568627 0.94117647
v -0.00280542 0.00659451 0.01147880 0.61176471 0.61568627 0.94117647
v -0.00280542 0.00624244 0.01146136 0.61176471 0.61568627 0.94117647
v -0.01188372 0.00645915 0.01147880 0.61176471 0.61568627 0.94117647
v -0.00280542 0.00645847 0.01147824 0.61176471 0.61568627 0.94117647
v -0.00280542 0.00644206 0.01147711 0.61176471 0.61568627 0.94117647
f 1856 1857 1860
f 1856 1860 1865
f 1856 1865 1870
f 1856 1870 1876
f 1856 1876 1882
f 1856 1882 1887
f 1856 1887 1891
f 1856 1891 1896
f 1856 1896 1899
f 1856 1899 1906
f 1856 1906 1912
f 1856 1912 1918
f 1856 1918 1929
f 1856 1929 1928
f 1856 1928 1937
f 1856 1937 1943
f 1856 1943 1950
f 1856 1950 1957
f 1856 1957 1965
f 1856 1965 1963
f 1856 1963 1969
f 1856 1969 1975
f 1856 1975 1980
f 1856 1980 1983
f 1856 1983 1984
f 1856 1984 1981
f 1856 1981 1976
f 1856 1976 1971
f 1856 1971 1967
f 1856 1967 1961
f 1856 1961 1960
f 1856 1960 1952
f 1856 1952 1945
f 1856 1945 1940
f 1856 1940 1938
f 1856 1938 1930
f 1856 1930 1919
f 1856 1919 1913
f 1856 1913 1907
f 1856 1907 1900
f 1856 1900 1893
f 1856 1893 1889
f 1856 1889 1884
f 1856 1884 1880
f 1856 1880 1872
f 1856 1872 1867
f 1856 1867 1863
f 1856 1863 1858
f 1856 1858 1864
f 1856 1864 1859
f 1856 1859 1857
f 1857 1859 1861
f 1857 1861 1862
f 1857 1862 1860
f 1858 1863 1868
f 1858 1868 1864
f 1859 1864 1868
f 1859 1868 1874
f 1859 1874 1873
f 1859 1873 1881
f 1859 1881 1886
f 1859 1886 1890
f 1859 1890 1895
f 1859 1895 1903
f 1859 1903 1909
f 1859 1909 1914
f 1859 1914 1923
f 1859 1923 1934
f 1859 1934 1939
f 1859 1939 1944
f 1859 1944 1951
f 1859 1951 1959
f 1859 1959 1966
f 1859 1966 1970
f 1859 1970 1973
f 1859 1973 1978
f 1859 1978 1979
f 1859 1979 1974
f 1859 1974 1968
f 1859 1968 1962
f 1859 1962 1954
f 1859 1954 1947
f 1859 1947 1941
f 1859 1941 1935
f 1859 1935 1927
f 1859 1927 1926
f 1859 1926 1925
f 1859 1925 1924
f 1859 1924 1916
f 1859 1916 1910
f 1859 1910 1904
f 1859 1904 1897
f 1859 1897 1892
f 1859 1892 1888
f 1859 1888 1883
f 1859 1883 1879
f 1859 1879 1878
f 1859 1878 1871
f 1859 1871 1866
f 1859 1866 1862
f 1859 1862 1861
f 1860 1862 1866
f 1860 1866 1865
f 1863 1867 1868
f 1865 1869 1870
f 1865 1866 1869
f 1866 1871 1877
f 1866 1877 1875
f 1866 1875 1869
f 1867 1872 1873
f 1867 1873 1874
f 1867 1874 1868
f 1869 1875 1870
f 1870 1875 1877
f 1870 1877 1878
f 1870 1878 1879
f 1870 1879 1876
f 1871 1878 1877
f 1872 1880 1881
f 1872 1881 1873
f 1876 1879 1883
f 1876 1883 1882
f 1880 1884 1885
f 1880 1885 1881
f 1881 1885 1886
f 1882 1883 1888
f 1882 1888 1887
f 1884 1889 1890
f 1884 1890 1886
f 1884 1886 1885
f 1887 1888 1891
f 1888 1892 1891
f 1889 1893 1894
f 1889 1894 1895
f 1889 1895 1890
f 1891 1892 1896
f 1892 1897 1898
f 1892 1898 1899
f 1892 1899 1896
f 1893 1900 1901
f 1893 1901 1895
f 1893 1895 1894
f 1895 1902 1903
f 1895 1901 1900
f 1895 1900 1902
f 1897 1904 1905
f 1897 1905 1906
f 1897 1906 1898
f 1898 1906 1899
f 1900 1907 1908
f 1900 1908 1902
f 1902 1908 1903
f 1903 1908 1909
f 1904 1910 1911
f 1904 1911 1912
f 1904 1912 1905
f 1905 1912 1906
f 1907 1913 1914
f 1907 1914 1915
f 1907 1915 1908
f 1908 1915 1909
f 1909 1915 1914
f 1910 1916 1911
f 1911 1916 1917
f 1911 1917 1929
f 1911 1929 1918
f 1911 1918 1912
f 1913 1919 1920
f 1913 1920 1922
f 1913 1922 1921
f 1913 1921 1914
f 1914 1921 1922
f 1914 1922 1923
f 1916 1924 1917
f 1917 1924 1925
f 1917 1925 1926
f 1917 1926 1927
f 1917 1927 1928
f 1917 1928 1929
f 1919 1930 1931
f 1919 1931 1932
f 1919 1932 1923
f 1919 1923 1920
f 1920 1923 1922
f 1923 1933 1934
f 1923 1932 1933
f 1927 1935 1936
f 1927 1936 1937
f 1927 1937 1928
f 1930 1938 1931
f 1931 1939 1933
f 1931 1933 1932
f 1931 1938 1940
f 1931 1940 1939
f 1933 1939 1934
f 1935 1941 1936
f 1936 1941 1942
f 1936 1942 1943
f 1936 1943 1937
f 1939 1940 1944
f 1940 1945 1946
f 1940 1946 1944
f 1941 1947 1942
f 1942 1947 1948
f 1942 1948 1943
f 1943 1949 1950
f 1943 1948 1949
f 1944 1946 1945
f 1944 1945 1951
f 1945 1952 1953
f 1945 1953 1951
f 1947 1954 1955
f 1947 1955 1956
f 1947 1956 1950
f 1947 1950 1949
f 1947 1949 1948
f 1950 1956 1957
f 1951 1958 1959
f 1951 1953 1958
f 1952 1960 1953
f 1953 1960 1961
f 1953 1961 1966
f 1953 1966 1958
f 1954 1962 1963
f 1954 1963 1964
f 1954 1964 1955
f 1955 1964 1956
f 1956 1964 1957
f 1957 1964 1965
f 1958 1966 1959
f 1961 1967 1970
f 1961 1970 1966
f 1962 1968 1969
f 1962 1969 1963
f 1963 1965 1964
f 1967 1971 1972
f 1967 1972 1973
f 1967 1973 1970
f 1968 1974 1969
f 1969 1974 1975
f 1971 1976 1977
f 1971 1977 1978
f 1971 1978 1973
f 1971 1973 1972
f 1974 1979 1982
f 1974 1982 1980
f 1974 1980 1975
f 1976 1981 1977
f 1977 1982 1979
f 1977 1979 1978
f 1977 1981 1982
f 1980 1982 1983
f 1981 1984 1982
f 1982 1984 1983