# https://github.com/mikedh/trimesh
v -0.04866230 -0.01164956 -0.01103394
v -0.04845956 -0.01166634 -0.01103394
v -0.04891098 -0.01173512 -0.01083684
v -0.04911948 -0.01164322 -0.01083684
v -0.04868876 -0.01179140 -0.01083684
v -0.04845956 -0.01181034 -0.01083684
v -0.04845956 -0.01148880 -0.01120408
v -0.04862968 -0.01147472 -0.01120408
v -0.04894938 -0.01136474 -0.01120408
v -0.04908924 -0.01127218 -0.01120408
v -0.04879462 -0.01143296 -0.01120408
v -0.04859188 -0.01127218 -0.01134208
v -0.04845956 -0.01128312 -0.01134208
v -0.04947060 -0.01136474 -0.01083684
v -0.04904330 -0.01151850 -0.01103394
v -0.04885886 -0.01159978 -0.01103394
v -0.04930794 -0.01151850 -0.01083684
v -0.04921000 -0.01140818 -0.01103394
v -0.04935388 -0.01127218 -0.01103394
v -0.04894938 -0.01183482 -0.01061878
v -0.04845956 -0.01191646 -0.01061878
v -0.04870824 -0.01189588 -0.01061878
v -0.04917562 -0.01173512 -0.01061878
v -0.04942430 -0.01164956 -0.01038636
v -0.04943918 -0.01166634 -0.01014666
v -0.04897288 -0.01189588 -0.01038636
v -0.04872018 -0.01195988 -0.01038636
v -0.04845956 -0.01198144 -0.01038636
v -0.04898080 -0.01191646 -0.01014666
v -0.04872420 -0.01198144 -0.01014666
v -0.04845956 -0.01200332 -0.01014666
v -0.04921000 -0.01179140 -0.01038636
v -0.04922156 -0.01181034 -0.01014666
v -0.04955662 -0.01143296 -0.01061878
v -0.04938010 -0.01159978 -0.01061878
v -0.04960928 -0.01147472 -0.01038636
v -0.04962702 -0.01148880 -0.01014666
v -0.04975934 -0.01127218 -0.01038636
v -0.04977938 -0.01128312 -0.01014666
v -0.04894938 -0.01111462 -0.01134208
v -0.04921000 -0.01115806 -0.01120408
v -0.04872018 -0.01123968 -0.01134208
v -0.04884056 -0.01118662 -0.01134208
v -0.04872018 -0.01098956 -0.01144378
v -0.04855008 -0.01104808 -0.01144378
v -0.04863784 -0.01102586 -0.01144378
v -0.04845956 -0.01105556 -0.01144378
v -0.04879462 -0.01094032 -0.01144378
v -0.04885886 -0.01087958 -0.01144378
v -0.04904330 -0.01102586 -0.01134208
v -0.04930794 -0.01102586 -0.01120408
v -0.04911948 -0.01092302 -0.01134208
v -0.04938010 -0.01087958 -0.01120408
v -0.04947060 -0.01111462 -0.01103394
v -0.04960256 -0.01118662 -0.01083684
v -0.04955662 -0.01094032 -0.01103394
v -0.04969980 -0.01098956 -0.01083684
v -0.04942430 -0.01072370 -0.01120408
v -0.04943918 -0.01056292 -0.01120408
v -0.04891098 -0.01080924 -0.01144378
v -0.04894938 -0.01073142 -0.01144378
v -0.04855008 -0.01079796 -0.01150604
v -0.04845956 -0.01081304 -0.01150604
v -0.04850552 -0.01080924 -0.01150604
v -0.04866230 -0.01072370 -0.01150604
v -0.04859188 -0.01077954 -0.01150604
v -0.04862968 -0.01075452 -0.01150604
v -0.04917562 -0.01080924 -0.01134208
v -0.04897288 -0.01064846 -0.01144378
v -0.04898080 -0.01056292 -0.01144378
v -0.04868876 -0.01068798 -0.01150604
v -0.04870824 -0.01064846 -0.01150604
v -0.04872018 -0.01060636 -0.01150604
v -0.04872420 -0.01056292 -0.01150604
v -0.04845956 -0.01056292 -0.01152702
v -0.04921000 -0.01068798 -0.01134208
v -0.04922156 -0.01056292 -0.01134208
v -0.04960928 -0.01075452 -0.01103394
v -0.04975934 -0.01077954 -0.01083684
v -0.04962702 -0.01056292 -0.01103394
v -0.04977938 -0.01056292 -0.01083684
v -0.04969980 -0.01123968 -0.01061878
v -0.04980530 -0.01102586 -0.01061878
v -0.04986990 -0.01104808 -0.01038636
v -0.04989166 -0.01105556 -0.01014666
v -0.04986990 -0.01079796 -0.01061878
v -0.04989166 -0.01056292 -0.01061878
v -0.04993762 -0.01080924 -0.01038636
v -0.04996042 -0.01081304 -0.01014666
v -0.04996042 -0.01056292 -0.01038636
v -0.04998356 -0.01056292 -0.01014666
v -0.03614056 -0.01182360 -0.01080958
v -0.03614056 -0.01168434 -0.01100930
v -0.03614056 -0.01166634 -0.01103394
v -0.03614056 -0.01164414 -0.01105520
v -0.03614056 -0.01179234 -0.01086148
v -0.03614056 -0.01181034 -0.01083684
v -0.03614056 -0.01172034 -0.01096002
v -0.03614056 -0.01148880 -0.01120408
v -0.03614056 -0.01151098 -0.01118280
v -0.03614056 -0.01146308 -0.01122132
v -0.03614056 -0.01125468 -0.01135480
v -0.03614056 -0.01141166 -0.01125582
v -0.03614056 -0.01130882 -0.01132484
v -0.03614056 -0.01128312 -0.01134208
v -0.03614056 -0.01155536 -0.01114028
v -0.03614056 -0.01185014 -0.01075506
v -0.03614056 -0.01190320 -0.01064604
v -0.03614056 -0.01191646 -0.01061878
v -0.03614056 -0.01192458 -0.01058972
v -0.03614056 -0.01195708 -0.01047352
v -0.03614056 -0.01197332 -0.01041542
v -0.03614056 -0.01198144 -0.01038636
v -0.03614056 -0.01198418 -0.01035640
v -0.03614056 -0.01198964 -0.01029648
v -0.03614056 -0.01200058 -0.01017664
v -0.03614056 -0.01200332 -0.01014666
v -0.03614056 -0.01114090 -0.01140564
v -0.03614056 -0.01108400 -0.01143106
v -0.03614056 -0.01105556 -0.01144378
v -0.03614056 -0.01102524 -0.01145156
v -0.03614056 -0.01090398 -0.01148270
v -0.03614056 -0.01084336 -0.01149826
v -0.03614056 -0.01081304 -0.01150604
v -0.03614056 -0.01078178 -0.01150866
v -0.03614056 -0.01065672 -0.01151916
v -0.03614056 -0.01059418 -0.01152440
v -0.03614056 -0.01056292 -0.01152702
v -0.03641084 -0.00976732 -0.01152702
v -0.03614056 -0.01200332 -0.00761602
v -0.03598102 -0.00897174 -0.01152702
v -0.04222030 -0.00607706 -0.01152702
v -0.02382156 -0.01166634 -0.01103394
v -0.02382156 -0.01177434 -0.01088612
v -0.02382156 -0.01181034 -0.01083684
v -0.02382156 -0.01170234 -0.01098466
v -0.02382156 -0.01148880 -0.01120408
v -0.02382156 -0.01143738 -0.01123858
v -0.02382156 -0.01133454 -0.01130758
v -0.02382156 -0.01128312 -0.01134208
v -0.02382156 -0.01162194 -0.01107648
v -0.02382156 -0.01153318 -0.01116154
v -0.02382156 -0.01183686 -0.01078232
v -0.02382156 -0.01188992 -0.01067328
v -0.02382156 -0.01191646 -0.01061878
v -0.02382156 -0.01193270 -0.01056066
v -0.02382156 -0.01196520 -0.01044446
v -0.02382156 -0.01198144 -0.01038636
v -0.02382156 -0.01198690 -0.01032644
v -0.02382156 -0.01199784 -0.01020660
v -0.02382156 -0.01200332 -0.01014666
v -0.02382156 -0.01122622 -0.01136750
v -0.02382156 -0.01111246 -0.01141834
v -0.02382156 -0.01105556 -0.01144378
v -0.02382156 -0.01099494 -0.01145934
v -0.02382156 -0.01087368 -0.01149048
v -0.02382156 -0.01081304 -0.01150604
v -0.02382156 -0.01075052 -0.01151128
v -0.02382156 -0.01062546 -0.01152178
v -0.02382156 -0.01056292 -0.01152702
v -0.02436212 -0.00897174 -0.01152702
v -0.02350248 -0.00738054 -0.01152702
v -0.02324512 -0.00713730 -0.01150718
v -0.02299516 -0.00690104 -0.01144828
v -0.02275976 -0.00667856 -0.01135200
v -0.02254570 -0.00647624 -0.01122108
v -0.02235912 -0.00629990 -0.01105930
v -0.02227784 -0.00622308 -0.01096826
v -0.02220538 -0.00615460 -0.01087132
v -0.02214224 -0.00609492 -0.01076916
v -0.02208890 -0.00604450 -0.01066252
v -0.02204572 -0.00600370 -0.01055216
v -0.05038356 -0.00958615 -0.00575974
v -0.04998356 -0.00960266 -0.00577556
v -0.04943918 -0.01166634 -0.00002412
v -0.04898080 -0.01191646 -0.00002412
v -0.04910118 -0.01186340 -0.00002412
v -0.04872420 -0.01198144 -0.00002412
v -0.04885250 -0.01194896 -0.00002412
v -0.04859188 -0.01199238 -0.00002412
v -0.04845956 -0.01200332 -0.00002412
v -0.04922156 -0.01181034 -0.00002412
v -0.04933036 -0.01173834 -0.00002412
v -0.04953310 -0.01157756 -0.00002412
v -0.04962702 -0.01148880 -0.00002412
v -0.04970320 -0.01138596 -0.00002412
v -0.04977938 -0.01128312 -0.00002412
v -0.04983552 -0.01116934 -0.00002412
v -0.04989166 -0.01105556 -0.00002412
v -0.04992604 -0.01093430 -0.00002412
v -0.04996042 -0.01081304 -0.00002412
v -0.04997198 -0.01068798 -0.00002412
v -0.04998356 -0.01056292 -0.00002412
v -0.04998356 -0.01008280 -0.00220966
v -0.03614056 -0.01200332 -0.00255476
v -0.02382156 -0.01200332 -0.00508540
v -0.03598102 -0.00159120 -0.01152702
v -0.02201302 -0.00597280 -0.01043888
v -0.02199104 -0.00595202 -0.01032352
v -0.02197992 -0.00594152 -0.01020688
v -0.02337380 -0.00012162 -0.01151710
v -0.02149198 -0.00548034 -0.00008432
v -0.02149198 -0.00046118 -0.00008432
v -0.01150256 -0.01182360 -0.01080958
v -0.01150256 -0.01168434 -0.01100930
v -0.01150256 -0.01166634 -0.01103394
v -0.01150256 -0.01164414 -0.01105520
v -0.01150256 -0.01175634 -0.01091076
v -0.01150256 -0.01179234 -0.01086148
v -0.01150256 -0.01181034 -0.01083684
v -0.01150256 -0.01172034 -0.01096002
v -0.01150256 -0.01148880 -0.01120408
v -0.01150256 -0.01151098 -0.01118280
v -0.01150256 -0.01146308 -0.01122132
v -0.01150256 -0.01125468 -0.01135480
v -0.01150256 -0.01136024 -0.01129032
v -0.01150256 -0.01141166 -0.01125582
v -0.01150256 -0.01130882 -0.01132484
v -0.01150256 -0.01128312 -0.01134208
v -0.01150256 -0.01159976 -0.01109774
v -0.01150256 -0.01155536 -0.01114028
v -0.01150256 -0.01185014 -0.01075506
v -0.01150256 -0.01187666 -0.01070054
v -0.01150256 -0.01190320 -0.01064604
v -0.01150256 -0.01191646 -0.01061878
v -0.01150256 -0.01192458 -0.01058972
v -0.01150256 -0.01195708 -0.01047352
v -0.01150256 -0.01194082 -0.01053162
v -0.01150256 -0.01197332 -0.01041542
v -0.01150256 -0.01198144 -0.01038636
v -0.01150256 -0.01198418 -0.01035640
v -0.01150256 -0.01198964 -0.01029648
v -0.01150256 -0.01199512 -0.01023656
v -0.01150256 -0.01200058 -0.01017664
v -0.01150256 -0.01200332 -0.01014666
v -0.01150256 -0.01119778 -0.01138022
v -0.01150256 -0.01114090 -0.01140564
v -0.01150256 -0.01108400 -0.01143106
v -0.01150256 -0.01105556 -0.01144378
v -0.01150256 -0.01102524 -0.01145156
v -0.01150256 -0.01096462 -0.01146712
v -0.01150256 -0.01090398 -0.01148270
v -0.01150256 -0.01084336 -0.01149826
v -0.01150256 -0.01081304 -0.01150604
v -0.01150256 -0.01078178 -0.01150866
v -0.01150256 -0.01071924 -0.01151390
v -0.01150256 -0.01065672 -0.01151916
v -0.01150256 -0.01059418 -0.01152440
v -0.01150256 -0.01056292 -0.01152702
v -0.01150256 -0.01200332 -0.00761602
v -0.01204312 -0.00897174 -0.01152702
v -0.01231338 -0.00817614 -0.01152702
v -0.01188356 -0.00738054 -0.01152702
v -0.01175488 -0.00725892 -0.01151710
v -0.01188356 -0.00713730 -0.01150718
v -0.01175858 -0.00701916 -0.01147774
v -0.01188356 -0.00690104 -0.01144828
v -0.01176586 -0.00678980 -0.01140014
v -0.01188356 -0.00667856 -0.01135200
v -0.01177654 -0.00657740 -0.01128654
v -0.01188356 -0.00647624 -0.01122108
v -0.01179028 -0.00638808 -0.01114020
v -0.01188356 -0.00629990 -0.01105930
v -0.01184292 -0.00626150 -0.01101378
v -0.01188356 -0.00622308 -0.01096826
v -0.01191980 -0.00618884 -0.01091980
v -0.01188356 -0.00615460 -0.01087132
v -0.01191514 -0.00612476 -0.01082024
v -0.01188356 -0.00609492 -0.01076916
v -0.01191024 -0.00606972 -0.01071584
v -0.01188356 -0.00604450 -0.01066252
v -0.01190516 -0.00602410 -0.01060734
v -0.01188356 -0.00600370 -0.01055216
v 0.00081644 -0.01166634 -0.01103394
v 0.00081644 -0.01173834 -0.01093538
v 0.00081644 -0.01181034 -0.01083684
v 0.00081644 -0.01148880 -0.01120408
v 0.00081644 -0.01138596 -0.01127308
v 0.00081644 -0.01128312 -0.01134208
v 0.00081644 -0.01157756 -0.01111900
v 0.00081644 -0.01186340 -0.01072780
v 0.00081644 -0.01191646 -0.01061878
v 0.00081644 -0.01194894 -0.01050256
v 0.00081644 -0.01198144 -0.01038636
v 0.00081644 -0.01199238 -0.01026652
v 0.00081644 -0.01200332 -0.01014666
v 0.00081644 -0.01116934 -0.01139292
v 0.00081644 -0.01105556 -0.01144378
v 0.00081644 -0.01093430 -0.01147490
v 0.00081644 -0.01081304 -0.01150604
v 0.00081644 -0.01068798 -0.01151654
v 0.00081644 -0.01056292 -0.01152702
v 0.01313544 -0.01182360 -0.01080958
v 0.01313544 -0.01168434 -0.01100930
v 0.01313544 -0.01166634 -0.01103394
v 0.01313544 -0.01164414 -0.01105520
v 0.01313544 -0.01175634 -0.01091076
v 0.01313544 -0.01179234 -0.01086148
v 0.01313544 -0.01181034 -0.01083684
v 0.01313544 -0.01172034 -0.01096002
v 0.01313544 -0.01148880 -0.01120408
v 0.01313544 -0.01151098 -0.01118280
v 0.01313544 -0.01146308 -0.01122132
v 0.01313544 -0.01125468 -0.01135480
v 0.01313544 -0.01136024 -0.01129032
v 0.01313544 -0.01141166 -0.01125582
v 0.01313544 -0.01130882 -0.01132484
v 0.01313544 -0.01128312 -0.01134208
v 0.01313544 -0.01159976 -0.01109774
v 0.01313544 -0.01155536 -0.01114028
v 0.01313544 -0.01185014 -0.01075506
v 0.01313544 -0.01187666 -0.01070054
v 0.01313544 -0.01190320 -0.01064604
v 0.01313544 -0.01191646 -0.01061878
v 0.01313544 -0.01192458 -0.01058972
v 0.01313544 -0.01195708 -0.01047352
v 0.01313544 -0.01194082 -0.01053162
v 0.01313544 -0.01197332 -0.01041542
v 0.01313544 -0.01198144 -0.01038636
v 0.01313544 -0.01198418 -0.01035640
v 0.01313544 -0.01198964 -0.01029648
v 0.01313544 -0.01199512 -0.01023656
v 0.01313544 -0.01200058 -0.01017664
v 0.01313544 -0.01200332 -0.01014666
v 0.01313544 -0.01119778 -0.01138022
v 0.01313544 -0.01114090 -0.01140564
v 0.01313544 -0.01108400 -0.01143106
v 0.01313544 -0.01105556 -0.01144378
v 0.01313544 -0.01102524 -0.01145156
v 0.01313544 -0.01096462 -0.01146712
v 0.01313544 -0.01090398 -0.01148270
v 0.01313544 -0.01084336 -0.01149826
v 0.01313544 -0.01081304 -0.01150604
v 0.01313544 -0.01078178 -0.01150866
v 0.01313544 -0.01071924 -0.01151390
v 0.01313544 -0.01065672 -0.01151916
v 0.01313544 -0.01059418 -0.01152440
v 0.01313544 -0.01056292 -0.01152702
v 0.01286516 -0.00976732 -0.01152702
v 0.01313544 -0.01200332 -0.00761602
v -0.00077198 -0.00690104 -0.01144828
v -0.00026466 -0.00738054 -0.01152702
v -0.00052202 -0.00713730 -0.01150718
v -0.00100738 -0.00667856 -0.01135200
v -0.00122144 -0.00647624 -0.01122108
v -0.00140802 -0.00629990 -0.01105930
v -0.00148930 -0.00622308 -0.01096826
v -0.00156176 -0.00615460 -0.01087132
v -0.00162490 -0.00609492 -0.01076916
v -0.00167824 -0.00604450 -0.01066252
v -0.00172142 -0.00600370 -0.01055216
v 0.01232462 -0.00817614 -0.01152702
v -0.01150256 -0.01200332 -0.00255476
v 0.00081644 -0.01200332 -0.00002412
v 0.01313544 -0.01200332 -0.00255476
v -0.01189992 -0.00598824 -0.01049552
v -0.01188356 -0.00597280 -0.01043888
v -0.01189456 -0.00596240 -0.01038120
v -0.01188356 -0.00595202 -0.01032352
v -0.01188912 -0.00594676 -0.01026520
v -0.01188356 -0.00594152 -0.01020688
v -0.00175410 -0.00597280 -0.01043888
v -0.00177610 -0.00595202 -0.01032352
v -0.00178720 -0.00594152 -0.01020688
v 0.01232462 -0.00289468 -0.01152702
v -0.01668778 -0.00571092 -0.00514560
v -0.01139562 -0.00548034 -0.00008432
v -0.00227516 -0.00548034 -0.00008432
v -0.05038356 -0.00958615 0.00571152
v -0.04998356 -0.00960266 0.00572734
v -0.04230006 -0.01200332 0.00377184
v -0.02382156 -0.01200332 0.00503716
v -0.03614056 -0.01200332 0.00756780
v -0.04943918 -0.01166634 0.01009844
v -0.04942430 -0.01164958 0.01033814
v -0.04898080 -0.01191646 0.01009844
v -0.04872420 -0.01198144 0.01009844
v -0.04845956 -0.01200332 0.01009844
v -0.04897288 -0.01189590 0.01033814
v -0.04872018 -0.01195990 0.01033814
v -0.04845956 -0.01198144 0.01033814
v -0.04922156 -0.01181034 0.01009844
v -0.04921000 -0.01179140 0.01033814
v -0.04894938 -0.01183484 0.01057056
v -0.04845956 -0.01191646 0.01057056
v -0.04870824 -0.01189590 0.01057056
v -0.04917562 -0.01173512 0.01057056
v -0.04962702 -0.01148880 0.01009844
v -0.04960928 -0.01147474 0.01033814
v -0.04977938 -0.01128312 0.01009844
v -0.04975934 -0.01127218 0.01033814
v -0.04955662 -0.01143296 0.01057056
v -0.04938010 -0.01159980 0.01057056
v -0.04891098 -0.01173512 0.01078862
v -0.04911948 -0.01164322 0.01078862
v -0.04868876 -0.01179140 0.01078862
v -0.04845956 -0.01181034 0.01078862
v -0.04866230 -0.01164958 0.01098572
v -0.04845956 -0.01166634 0.01098572
v -0.04947060 -0.01136476 0.01078862
v -0.04930794 -0.01151850 0.01078862
v -0.04904330 -0.01151850 0.01098572
v -0.04885886 -0.01159980 0.01098572
v -0.04921000 -0.01140818 0.01098572
v -0.04935388 -0.01127218 0.01098572
v -0.04845956 -0.01148880 0.01115586
v -0.04862968 -0.01147474 0.01115586
v -0.04894938 -0.01136476 0.01115586
v -0.04908924 -0.01127218 0.01115586
v -0.04879462 -0.01143296 0.01115586
v -0.04859188 -0.01127218 0.01129386
v -0.04845956 -0.01128312 0.01129386
v -0.04989166 -0.01105558 0.01009844
v -0.04986990 -0.01104808 0.01033814
v -0.04969980 -0.01123970 0.01057056
v -0.04980530 -0.01102586 0.01057056
v -0.04996042 -0.01081304 0.01009844
v -0.04993762 -0.01080926 0.01033814
v -0.04998356 -0.01056294 0.01009844
v -0.04996042 -0.01056294 0.01033814
v -0.04986990 -0.01079796 0.01057056
v -0.04989166 -0.01056294 0.01057056
v -0.04960256 -0.01118664 0.01078862
v -0.04947060 -0.01111464 0.01098572
v -0.04969980 -0.01098958 0.01078862
v -0.04955662 -0.01094032 0.01098572
v -0.04921000 -0.01115806 0.01115586
v -0.04894938 -0.01111464 0.01129386
v -0.04872018 -0.01123970 0.01129386
v -0.04884056 -0.01118664 0.01129386
v -0.04930794 -0.01102586 0.01115586
v -0.04904330 -0.01102586 0.01129386
v -0.04938010 -0.01087960 0.01115586
v -0.04911948 -0.01092302 0.01129386
v -0.04872018 -0.01098958 0.01139554
v -0.04855008 -0.01104808 0.01139554
v -0.04863784 -0.01102586 0.01139554
v -0.04845956 -0.01105558 0.01139554
v -0.04879462 -0.01094032 0.01139554
v -0.04885886 -0.01087960 0.01139554
v -0.04975934 -0.01077954 0.01078862
v -0.04960928 -0.01075454 0.01098572
v -0.04977938 -0.01056294 0.01078862
v -0.04962702 -0.01056294 0.01098572
v -0.04942430 -0.01072370 0.01115586
v -0.04943918 -0.01056294 0.01115586
v -0.04917562 -0.01080926 0.01129386
v -0.04891098 -0.01080926 0.01139554
v -0.04894938 -0.01073142 0.01139554
v -0.04855008 -0.01079796 0.01145782
v -0.04850552 -0.01080926 0.01145782
v -0.04845956 -0.01081304 0.01145782
v -0.04866230 -0.01072370 0.01145782
v -0.04859188 -0.01077954 0.01145782
v -0.04862968 -0.01075454 0.01145782
v -0.04921000 -0.01068800 0.01129386
v -0.04922156 -0.01056294 0.01129386
v -0.04897288 -0.01064848 0.01139554
v -0.04898080 -0.01056294 0.01139554
v -0.04868876 -0.01068800 0.01145782
v -0.04870824 -0.01064848 0.01145782
v -0.04872018 -0.01060636 0.01145782
v -0.04872420 -0.01056294 0.01145782
v -0.04845956 -0.01056294 0.01147878
v -0.03614056 -0.01200332 0.01009844
v -0.03614056 -0.01200060 0.01012840
v -0.03614056 -0.01198966 0.01024826
v -0.03614056 -0.01198418 0.01030818
v -0.03614056 -0.01198144 0.01033814
v -0.03614056 -0.01197332 0.01036720
v -0.03614056 -0.01194084 0.01048340
v -0.03614056 -0.01192458 0.01054150
v -0.03614056 -0.01191646 0.01057056
v -0.03614056 -0.01190320 0.01059782
v -0.03614056 -0.01185014 0.01070684
v -0.03614056 -0.01182362 0.01076136
v -0.03614056 -0.01181034 0.01078862
v -0.03614056 -0.01179234 0.01081326
v -0.03614056 -0.01172034 0.01091180
v -0.03614056 -0.01168434 0.01096108
v -0.03614056 -0.01166634 0.01098572
v -0.03614056 -0.01164414 0.01100698
v -0.03614056 -0.01159976 0.01104952
v -0.03614056 -0.01151100 0.01113458
v -0.03614056 -0.01148880 0.01115586
v -0.03614056 -0.01146310 0.01117310
v -0.03614056 -0.01141168 0.01120760
v -0.03614056 -0.01130884 0.01127660
v -0.03614056 -0.01128312 0.01129386
v -0.03614056 -0.01125468 0.01130656
v -0.03614056 -0.01114090 0.01135742
v -0.03614056 -0.01108402 0.01138284
v -0.03614056 -0.01105558 0.01139554
v -0.03614056 -0.01102526 0.01140334
v -0.03614056 -0.01090400 0.01143446
v -0.03614056 -0.01084336 0.01145004
v -0.03614056 -0.01081304 0.01145782
v -0.03614056 -0.01078178 0.01146044
v -0.03614056 -0.01065672 0.01147092
v -0.03614056 -0.01059420 0.01147616
v -0.03614056 -0.01056294 0.01147878
v -0.03665482 -0.00953674 0.01147878
v -0.03549306 -0.00851056 0.01147878
v -0.02382156 -0.01200332 0.01009844
v -0.02382156 -0.01199786 0.01015836
v -0.02382156 -0.01198692 0.01027822
v -0.02382156 -0.01198144 0.01033814
v -0.02382156 -0.01196520 0.01039624
v -0.02382156 -0.01193270 0.01051244
v -0.02382156 -0.01191646 0.01057056
v -0.02382156 -0.01188994 0.01062506
v -0.02382156 -0.01183688 0.01073410
v -0.02382156 -0.01181034 0.01078862
v -0.02382156 -0.01177434 0.01083790
v -0.02382156 -0.01170234 0.01093644
v -0.02382156 -0.01166634 0.01098572
v -0.02382156 -0.01162196 0.01102824
v -0.02382156 -0.01153318 0.01111332
v -0.02382156 -0.01148880 0.01115586
v -0.02382156 -0.01143738 0.01119036
v -0.02382156 -0.01133454 0.01125936
v -0.02382156 -0.01128312 0.01129386
v -0.02382156 -0.01122624 0.01131928
v -0.02382156 -0.01111246 0.01137012
v -0.02382156 -0.01105558 0.01139554
v -0.02382156 -0.01099494 0.01141112
v -0.02382156 -0.01087368 0.01144226
v -0.02382156 -0.01081304 0.01145782
v -0.02382156 -0.01075052 0.01146306
v -0.02382156 -0.01062546 0.01147354
v -0.02382156 -0.01056294 0.01147878
v -0.02485006 -0.00851056 0.01147878
v -0.02252658 -0.00645818 0.01147878
v -0.02228160 -0.00622664 0.01146084
v -0.04197632 -0.00425528 0.01147878
v -0.04998356 -0.00048014 0.00791290
v -0.02100402 -0.00501914 0.01003824
v -0.02204300 -0.00600112 0.01140746
v -0.02181698 -0.00578750 0.01132004
v -0.02127060 -0.00527110 0.01088028
v -0.02142568 -0.00541768 0.01105298
v -0.02160940 -0.00559132 0.01120084
v -0.02100362 -0.00501876 0.01014964
v -0.02103250 -0.00504606 0.01037070
v -0.02101314 -0.00502776 0.01026068
v -0.02106160 -0.00507358 0.01047892
v -0.02110024 -0.00511010 0.01058468
v -0.02114818 -0.00515540 0.01068726
v -0.02120508 -0.00520918 0.01078602
v -0.02900982 -0.00220290 0.01147878
v -0.01150256 -0.01200332 0.00250652
v 0.01313544 -0.01200332 0.00250652
v -0.01150256 -0.01200332 0.00756780
v -0.01150256 -0.01200332 0.01009844
v -0.01150256 -0.01200060 0.01012840
v -0.01150256 -0.01199512 0.01018834
v -0.01150256 -0.01198966 0.01024826
v -0.01150256 -0.01198418 0.01030818
v -0.01150256 -0.01198144 0.01033814
v -0.01150256 -0.01197332 0.01036720
v -0.01150256 -0.01195708 0.01042530
v -0.01150256 -0.01194084 0.01048340
v -0.01150256 -0.01192458 0.01054150
v -0.01150256 -0.01191646 0.01057056
v -0.01150256 -0.01190320 0.01059782
v -0.01150256 -0.01187666 0.01065232
v -0.01150256 -0.01185014 0.01070684
v -0.01150256 -0.01182362 0.01076136
v -0.01150256 -0.01181034 0.01078862
v -0.01150256 -0.01179234 0.01081326
v -0.01150256 -0.01175634 0.01086254
v -0.01150256 -0.01172034 0.01091180
v -0.01150256 -0.01168434 0.01096108
v -0.01150256 -0.01166634 0.01098572
v -0.01150256 -0.01164414 0.01100698
v -0.01150256 -0.01159976 0.01104952
v -0.01150256 -0.01155538 0.01109204
v -0.01150256 -0.01151100 0.01113458
v -0.01150256 -0.01148880 0.01115586
v -0.01150256 -0.01146310 0.01117310
v -0.01150256 -0.01141168 0.01120760
v -0.01150256 -0.01136026 0.01124210
v -0.01150256 -0.01130884 0.01127660
v -0.01150256 -0.01128312 0.01129386
v -0.01150256 -0.01125468 0.01130656
v -0.01150256 -0.01119780 0.01133198
v -0.01150256 -0.01114090 0.01135742
v -0.01150256 -0.01108402 0.01138284
v -0.01150256 -0.01105558 0.01139554
v -0.01150256 -0.01102526 0.01140334
v -0.01150256 -0.01096462 0.01141890
v -0.01150256 -0.01090400 0.01143446
v -0.01150256 -0.01084336 0.01145004
v -0.01150256 -0.01081304 0.01145782
v -0.01150256 -0.01078178 0.01146044
v -0.01150256 -0.01071926 0.01146568
v -0.01150256 -0.01065672 0.01147092
v -0.01150256 -0.01059420 0.01147616
v -0.01150256 -0.01056294 0.01147878
v -0.01253106 -0.00851056 0.01147878
v -0.01304532 -0.00748436 0.01147878
v -0.01188356 -0.00645818 0.01147878
v -0.01200606 -0.00634240 0.01146982
v -0.01188356 -0.00622664 0.01146084
v -0.01200286 -0.00611388 0.01143416
v 0.01313544 -0.01200332 0.00756780
v 0.00081644 -0.01200332 0.01009844
v 0.00081644 -0.01199238 0.01021830
v 0.00081644 -0.01198144 0.01033814
v 0.00081644 -0.01194896 0.01045434
v 0.00081644 -0.01191646 0.01057056
v 0.00081644 -0.01186340 0.01067958
v 0.00081644 -0.01181034 0.01078862
v 0.00081644 -0.01173834 0.01088716
v 0.00081644 -0.01166634 0.01098572
v 0.00081644 -0.01157756 0.01107078
v 0.00081644 -0.01148880 0.01115586
v 0.00081644 -0.01138596 0.01122486
v 0.00081644 -0.01128312 0.01129386
v 0.00081644 -0.01116934 0.01134470
v 0.00081644 -0.01105558 0.01139554
v 0.00081644 -0.01093432 0.01142668
v 0.00081644 -0.01081304 0.01145782
v 0.00081644 -0.01068798 0.01146830
v 0.00081644 -0.01056294 0.01147878
v 0.01313544 -0.01200332 0.01009844
v 0.01313544 -0.01200060 0.01012840
v 0.01313544 -0.01199512 0.01018834
v 0.01313544 -0.01198966 0.01024826
v 0.01313544 -0.01198418 0.01030818
v 0.01313544 -0.01198144 0.01033814
v 0.01313544 -0.01197332 0.01036720
v 0.01313544 -0.01195708 0.01042530
v 0.01313544 -0.01194084 0.01048340
v 0.01313544 -0.01192458 0.01054150
v 0.01313544 -0.01191646 0.01057056
v 0.01313544 -0.01190320 0.01059782
v 0.01313544 -0.01187666 0.01065232
v 0.01313544 -0.01185014 0.01070684
v 0.01313544 -0.01182362 0.01076136
v 0.01313544 -0.01181034 0.01078862
v 0.01313544 -0.01179234 0.01081326
v 0.01313544 -0.01175634 0.01086254
v 0.01313544 -0.01172034 0.01091180
v 0.01313544 -0.01168434 0.01096108
v 0.01313544 -0.01166634 0.01098572
v 0.01313544 -0.01164414 0.01100698
v 0.01313544 -0.01159976 0.01104952
v 0.01313544 -0.01155538 0.01109204
v 0.01313544 -0.01151100 0.01113458
v 0.01313544 -0.01148880 0.01115586
v 0.01313544 -0.01146310 0.01117310
v 0.01313544 -0.01141168 0.01120760
v 0.01313544 -0.01136026 0.01124210
v 0.01313544 -0.01130884 0.01127660
v 0.01313544 -0.01128312 0.01129386
v 0.01313544 -0.01125468 0.01130656
v 0.01313544 -0.01119780 0.01133198
v 0.01313544 -0.01114090 0.01135742
v 0.01313544 -0.01108402 0.01138284
v 0.01313544 -0.01105558 0.01139554
v 0.01313544 -0.01102526 0.01140334
v 0.01313544 -0.01096462 0.01141890
v 0.01313544 -0.01090400 0.01143446
v 0.01313544 -0.01084336 0.01145004
v 0.01313544 -0.01081304 0.01145782
v 0.01313544 -0.01078178 0.01146044
v 0.01313544 -0.01071926 0.01146568
v 0.01313544 -0.01065672 0.01147092
v 0.01313544 -0.01059420 0.01147616
v 0.01313544 -0.01056294 0.01147878
v 0.01262118 -0.00953674 0.01147878
v -0.00124056 -0.00645818 0.01147878
v -0.00148554 -0.00622664 0.01146084
v 0.01159268 -0.00748436 0.01147878
v -0.01188356 -0.00501914 0.01003824
v -0.01188356 -0.00600112 0.01140746
v -0.01199658 -0.00589432 0.01136374
v -0.01198736 -0.00568942 0.01126044
v -0.01188356 -0.00578750 0.01132004
v -0.01188356 -0.00527110 0.01088028
v -0.01188356 -0.00541768 0.01105298
v -0.01196110 -0.00534440 0.01096664
v -0.01188356 -0.00559132 0.01120084
v -0.01197542 -0.00550450 0.01112690
v -0.01188376 -0.00501896 0.01009394
v -0.01188356 -0.00501876 0.01014964
v -0.01188832 -0.00502326 0.01020516
v -0.01188356 -0.00502776 0.01026068
v -0.01187388 -0.00503692 0.01031568
v -0.01188356 -0.00504606 0.01037070
v -0.01188356 -0.00507358 0.01047892
v -0.01186424 -0.00509184 0.01053180
v -0.01185512 -0.00518230 0.01073664
v -0.01185960 -0.00513274 0.01063596
v -0.01188356 -0.00511010 0.01058468
v -0.01188356 -0.00515540 0.01068726
v -0.01186902 -0.00505982 0.01042480
v -0.01188356 -0.00520918 0.01078602
v -0.01191632 -0.00524014 0.01083314
v -0.00276312 -0.00501914 0.01003824
v -0.00276352 -0.00501876 0.01014964
v -0.00275400 -0.00502776 0.01026068
v -0.00273464 -0.00504606 0.01037070
v -0.00270552 -0.00507358 0.01047892
v -0.00266688 -0.00511010 0.01058468
v -0.00261896 -0.00515540 0.01068726
v -0.00172414 -0.00600112 0.01140746
v -0.00195016 -0.00578750 0.01132004
v -0.00249654 -0.00527110 0.01088028
v -0.00234144 -0.00541768 0.01105298
v -0.00215772 -0.00559132 0.01120084
v -0.00256204 -0.00520918 0.01078602
v 0.01159268 -0.00425528 0.01147878
v 0.00517606 -0.00212764 0.01147878
v -0.04943918 0.00000000 -0.01120408
v -0.04898080 0.00000000 -0.01144376
v -0.04910118 0.00000000 -0.01139292
v -0.04872420 0.00000000 -0.01150604
v -0.04885250 0.00000000 -0.01147490
v -0.04859188 0.00000000 -0.01151652
v -0.04845956 0.00000000 -0.01152702
v -0.04922156 0.00000000 -0.01134208
v -0.04933036 0.00000000 -0.01127308
v -0.04953310 0.00000000 -0.01111900
v -0.04962702 0.00000000 -0.01103394
v -0.04970320 0.00000000 -0.01093538
v -0.04977938 0.00000000 -0.01083684
v -0.04983552 0.00000000 -0.01072780
v -0.04989166 0.00000000 -0.01061876
v -0.04992604 0.00000000 -0.01050256
v -0.04996042 0.00000000 -0.01038636
v -0.04997198 0.00000000 -0.01026652
v -0.04998356 0.00000000 -0.01014666
v -0.04998356 0.00048014 -0.00796112
v -0.04222030 0.00448586 -0.01152700
v -0.02974176 0.00289468 -0.01152700
v -0.02350248 0.00000000 -0.01152702
v -0.02201302 0.00597280 -0.01043888
v -0.02199104 0.00595202 -0.01032352
v -0.02197992 0.00594152 -0.01020688
v -0.04998356 0.00000000 -0.00577556
v -0.02149198 0.00548032 -0.00008432
v -0.03598102 0.00897174 -0.01152700
v -0.04943918 0.01056292 -0.01120406
v -0.04942430 0.01081304 -0.01118800
v -0.04898080 0.01056292 -0.01144376
v -0.04872420 0.01056292 -0.01150604
v -0.04845956 0.01056292 -0.01152700
v -0.04922156 0.01056292 -0.01134208
v -0.04897288 0.01081304 -0.01142406
v -0.04872018 0.01081304 -0.01148538
v -0.04845956 0.01081304 -0.01150604
v -0.04921000 0.01081304 -0.01132392
v -0.04962702 0.01056292 -0.01103394
v -0.04977938 0.01056292 -0.01083684
v -0.04960928 0.01081304 -0.01102044
v -0.04975934 0.01081304 -0.01082634
v -0.04894938 0.01105556 -0.01136554
v -0.04845956 0.01105556 -0.01144376
v -0.04870824 0.01105556 -0.01142406
v -0.04917562 0.01105556 -0.01126998
v -0.04955662 0.01105556 -0.01098042
v -0.04938010 0.01105556 -0.01114030
v -0.04989166 0.01056292 -0.01061876
v -0.04986990 0.01081304 -0.01061160
v -0.04996042 0.01056292 -0.01038636
v -0.04998356 0.01056292 -0.01014666
v -0.04993762 0.01081304 -0.01038272
v -0.04996042 0.01081304 -0.01014666
v -0.04969980 0.01105556 -0.01079522
v -0.04980530 0.01105556 -0.01059030
v -0.04986990 0.01105556 -0.01037190
v -0.04989166 0.01105556 -0.01014666
v -0.04891098 0.01128312 -0.01126998
v -0.04911948 0.01128312 -0.01118192
v -0.04868876 0.01128312 -0.01132392
v -0.04845956 0.01128312 -0.01134208
v -0.04866230 0.01148880 -0.01118800
v -0.04845956 0.01148880 -0.01120406
v -0.04947060 0.01128312 -0.01091506
v -0.04930794 0.01128312 -0.01106240
v -0.04904330 0.01148880 -0.01106240
v -0.04885886 0.01148880 -0.01114030
v -0.04921000 0.01148880 -0.01095668
v -0.04935388 0.01148880 -0.01082634
v -0.04845956 0.01166634 -0.01103394
v -0.04862968 0.01166634 -0.01102044
v -0.04894938 0.01166634 -0.01091506
v -0.04908924 0.01166634 -0.01082634
v -0.04879462 0.01166634 -0.01098042
v -0.04859188 0.01181034 -0.01082634
v -0.04845956 0.01181034 -0.01083684
v -0.04960256 0.01128312 -0.01074436
v -0.04969980 0.01128312 -0.01055552
v -0.04947060 0.01148880 -0.01067536
v -0.04955662 0.01148880 -0.01050832
v -0.04975934 0.01128312 -0.01035424
v -0.04977938 0.01128312 -0.01014666
v -0.04960928 0.01148880 -0.01033028
v -0.04962702 0.01148880 -0.01014666
v -0.04921000 0.01166634 -0.01071698
v -0.04894938 0.01181034 -0.01067536
v -0.04872018 0.01181034 -0.01079520
v -0.04884056 0.01181034 -0.01074436
v -0.04930794 0.01166634 -0.01059030
v -0.04938010 0.01166634 -0.01045012
v -0.04904330 0.01181034 -0.01059030
v -0.04911948 0.01181034 -0.01049174
v -0.04872018 0.01191646 -0.01055552
v -0.04855008 0.01191646 -0.01061160
v -0.04863784 0.01191646 -0.01059030
v -0.04845956 0.01191646 -0.01061876
v -0.04879462 0.01191646 -0.01050832
v -0.04885886 0.01191646 -0.01045012
v -0.04942430 0.01166634 -0.01030074
v -0.04943918 0.01166632 -0.01014666
v -0.04917562 0.01181034 -0.01038272
v -0.04921000 0.01181034 -0.01026650
v -0.04922156 0.01181034 -0.01014666
v -0.04891098 0.01191646 -0.01038272
v -0.04894938 0.01191646 -0.01030812
v -0.04855008 0.01198144 -0.01037190
v -0.04850552 0.01198144 -0.01038272
v -0.04845956 0.01198144 -0.01038636
v -0.04866230 0.01198144 -0.01030074
v -0.04859188 0.01198144 -0.01035424
v -0.04862968 0.01198144 -0.01033028
v -0.04897288 0.01191646 -0.01022864
v -0.04898080 0.01191646 -0.01014666
v -0.04868876 0.01198144 -0.01026650
v -0.04870824 0.01198144 -0.01022864
v -0.04872018 0.01198144 -0.01018828
v -0.04872420 0.01198144 -0.01014666
v -0.04845956 0.01200332 -0.01014666
v -0.03641084 0.00976732 -0.01152700
v -0.03614056 0.01056292 -0.01152700
v -0.03614056 0.01059418 -0.01152438
v -0.03614056 0.01071926 -0.01151390
v -0.03614056 0.01078178 -0.01150866
v -0.03614056 0.01081304 -0.01150604
v -0.03614056 0.01084336 -0.01149826
v -0.03614056 0.01090400 -0.01148268
v -0.03614056 0.01102526 -0.01145154
v -0.03614056 0.01105556 -0.01144376
v -0.03614056 0.01108402 -0.01143106
v -0.03614056 0.01119780 -0.01138020
v -0.03614056 0.01125468 -0.01135478
v -0.03614056 0.01128312 -0.01134208
v -0.03614056 0.01130884 -0.01132482
v -0.03614056 0.01136024 -0.01129032
v -0.03614056 0.01146308 -0.01122132
v -0.03614056 0.01148880 -0.01120406
v -0.03614056 0.01151098 -0.01118280
v -0.03614056 0.01155536 -0.01114026
v -0.03614056 0.01164414 -0.01105520
v -0.03614056 0.01166634 -0.01103394
v -0.03614056 0.01168434 -0.01100930
v -0.03614056 0.01175634 -0.01091074
v -0.03614056 0.01179234 -0.01086146
v -0.03614056 0.01181034 -0.01083684
v -0.03614056 0.01182360 -0.01080958
v -0.03614056 0.01185014 -0.01075506
v -0.03614056 0.01190320 -0.01064602
v -0.03614056 0.01191646 -0.01061876
v -0.03614056 0.01192458 -0.01058972
v -0.03614056 0.01195706 -0.01047350
v -0.03614056 0.01197332 -0.01041540
v -0.03614056 0.01198144 -0.01038636
v -0.03614056 0.01198418 -0.01035640
v -0.03614056 0.01198964 -0.01029646
v -0.03614056 0.01200058 -0.01017662
v -0.03614056 0.01200332 -0.01014666
v -0.03614056 0.01200332 -0.00761602
v -0.02254570 0.00647624 -0.01122108
v -0.02275976 0.00667856 -0.01135200
v -0.02299516 0.00690104 -0.01144828
v -0.02324512 0.00713730 -0.01150718
v -0.02350248 0.00738054 -0.01152700
v -0.02220538 0.00615460 -0.01087132
v -0.02235912 0.00629990 -0.01105930
v -0.02227784 0.00622308 -0.01096826
v -0.02214224 0.00609492 -0.01076914
v -0.02208890 0.00604450 -0.01066250
v -0.02204572 0.00600370 -0.01055216
v -0.02436212 0.00897174 -0.01152700
v -0.02382156 0.01056292 -0.01152700
v -0.02382156 0.01062546 -0.01152176
v -0.02382156 0.01075052 -0.01151128
v -0.02382156 0.01081304 -0.01150604
v -0.02382156 0.01087368 -0.01149048
v -0.02382156 0.01099494 -0.01145934
v -0.02382156 0.01105556 -0.01144376
v -0.02382156 0.01111246 -0.01141834
v -0.02382156 0.01122624 -0.01136750
v -0.02382156 0.01128312 -0.01134208
v -0.02382156 0.01133454 -0.01130758
v -0.02382156 0.01143738 -0.01123856
v -0.02382156 0.01148880 -0.01120406
v -0.02382156 0.01153318 -0.01116154
v -0.02382156 0.01162194 -0.01107646
v -0.02382156 0.01166634 -0.01103394
v -0.02382156 0.01170234 -0.01098466
v -0.02382156 0.01177434 -0.01088610
v -0.02382156 0.01181034 -0.01083684
v -0.02382156 0.01183688 -0.01078232
v -0.02382156 0.01188992 -0.01067328
v -0.02382156 0.01191646 -0.01061876
v -0.02382156 0.01193270 -0.01056066
v -0.02382156 0.01196520 -0.01044446
v -0.02382156 0.01198144 -0.01038636
v -0.02382156 0.01198690 -0.01032642
v -0.02382156 0.01199786 -0.01020658
v -0.02382156 0.01200332 -0.01014666
v -0.05038356 0.00929831 -0.00575974
v -0.05038356 0.00958615 -0.00575974
v -0.04998356 0.00960266 -0.00577556
v -0.05038356 0.00958615 -0.00556757
v -0.03614056 0.01200332 -0.00255474
v -0.02382156 0.01200332 -0.00508538
v -0.01186722 0.00598824 -0.01049552
v -0.01188356 0.00597280 -0.01043888
v -0.01189456 0.00596240 -0.01038120
v -0.01188356 0.00595202 -0.01032352
v -0.01187802 0.00594676 -0.01026520
v -0.01188356 0.00594152 -0.01020688
v -0.00026466 0.00000000 -0.01152702
v -0.00039334 0.00012162 -0.01151710
v 0.00602998 0.00224294 -0.01152700
v -0.00175410 0.00597280 -0.01043888
v -0.00177610 0.00595202 -0.01032352
v -0.00178720 0.00594152 -0.01020688
v 0.01232462 0.00448586 -0.01152700
v -0.00707936 0.00571092 -0.00514560
v -0.01237152 0.00548032 -0.00008432
v -0.00227516 0.00046118 -0.00008432
v -0.00227516 0.00548032 -0.00008432
v -0.01184734 0.00618884 -0.01091978
v -0.01191514 0.00612476 -0.01082022
v -0.01188356 0.00615460 -0.01087132
v -0.01192420 0.00626150 -0.01101378
v -0.01188356 0.00629990 -0.01105930
v -0.01188356 0.00622308 -0.01096826
v -0.01188356 0.00647624 -0.01122108
v -0.01188356 0.00667856 -0.01135200
v -0.01199060 0.00657740 -0.01128654
v -0.01197686 0.00638806 -0.01114018
v -0.01188356 0.00609492 -0.01076914
v -0.01188356 0.00604450 -0.01066250
v -0.01185690 0.00606972 -0.01071582
v -0.01186198 0.00602410 -0.01060734
v -0.01188356 0.00600370 -0.01055216
v -0.01200126 0.00678980 -0.01140014
v -0.01188356 0.00690104 -0.01144828
v -0.01200856 0.00701916 -0.01147774
v -0.01188356 0.00713730 -0.01150718
v -0.01201224 0.00725892 -0.01151710
v -0.01188356 0.00738054 -0.01152700
v -0.01231338 0.00817614 -0.01152700
v -0.01204312 0.00897174 -0.01152700
v -0.01150256 0.01056292 -0.01152700
v -0.01150256 0.01059418 -0.01152438
v -0.01150256 0.01065672 -0.01151914
v -0.01150256 0.01071926 -0.01151390
v -0.01150256 0.01078178 -0.01150866
v -0.01150256 0.01081304 -0.01150604
v -0.01150256 0.01084336 -0.01149826
v -0.01150256 0.01090400 -0.01148268
v -0.01150256 0.01096462 -0.01146712
v -0.01150256 0.01102526 -0.01145154
v -0.01150256 0.01105556 -0.01144376
v -0.01150256 0.01108402 -0.01143106
v -0.01150256 0.01114090 -0.01140564
v -0.01150256 0.01119780 -0.01138020
v -0.01150256 0.01125468 -0.01135478
v -0.01150256 0.01128312 -0.01134208
v -0.01150256 0.01130884 -0.01132482
v -0.01150256 0.01136024 -0.01129032
v -0.01150256 0.01141166 -0.01125582
v -0.01150256 0.01146308 -0.01122132
v -0.01150256 0.01148880 -0.01120406
v -0.01150256 0.01151098 -0.01118280
v -0.01150256 0.01155536 -0.01114026
v -0.01150256 0.01159976 -0.01109774
v -0.01150256 0.01164414 -0.01105520
v -0.01150256 0.01166634 -0.01103394
v -0.01150256 0.01168434 -0.01100930
v -0.01150256 0.01172034 -0.01096002
v -0.01150256 0.01175634 -0.01091074
v -0.01150256 0.01179234 -0.01086146
v -0.01150256 0.01181034 -0.01083684
v -0.01150256 0.01182360 -0.01080958
v -0.01150256 0.01185014 -0.01075506
v -0.01150256 0.01187666 -0.01070054
v -0.01150256 0.01190320 -0.01064602
v -0.01150256 0.01191646 -0.01061876
v -0.01150256 0.01192458 -0.01058972
v -0.01150256 0.01194082 -0.01053160
v -0.01150256 0.01195706 -0.01047350
v -0.01150256 0.01197332 -0.01041540
v -0.01150256 0.01198144 -0.01038636
v -0.01150256 0.01198418 -0.01035640
v -0.01150256 0.01198964 -0.01029646
v -0.01150256 0.01199512 -0.01023654
v -0.01150256 0.01200058 -0.01017662
v -0.01150256 0.01200332 -0.01014666
v -0.01150256 0.01200332 -0.00761602
v -0.00156176 0.00615460 -0.01087132
v -0.00140802 0.00629990 -0.01105930
v -0.00148930 0.00622308 -0.01096826
v -0.00122144 0.00647624 -0.01122108
v -0.00100738 0.00667856 -0.01135200
v -0.00162490 0.00609492 -0.01076914
v -0.00167824 0.00604450 -0.01066250
v -0.00172142 0.00600370 -0.01055216
v -0.00077198 0.00690104 -0.01144828
v -0.00052202 0.00713730 -0.01150718
v -0.00026466 0.00738054 -0.01152700
v 0.01232462 0.00817614 -0.01152700
v 0.00081644 0.01056292 -0.01152700
v 0.00081644 0.01068798 -0.01151652
v 0.00081644 0.01081304 -0.01150604
v 0.00081644 0.01093430 -0.01147490
v 0.00081644 0.01105556 -0.01144376
v 0.00081644 0.01116934 -0.01139292
v 0.00081644 0.01128312 -0.01134208
v 0.00081644 0.01138596 -0.01127308
v 0.00081644 0.01148880 -0.01120406
v 0.00081644 0.01157756 -0.01111900
v 0.00081644 0.01166634 -0.01103394
v 0.00081644 0.01173834 -0.01093538
v 0.00081644 0.01181034 -0.01083684
v 0.00081644 0.01186340 -0.01072780
v 0.00081644 0.01191646 -0.01061876
v 0.00081644 0.01194894 -0.01050256
v 0.00081644 0.01198144 -0.01038636
v 0.00081644 0.01199238 -0.01026650
v 0.00081644 0.01200332 -0.01014666
v 0.01286516 0.00976732 -0.01152700
v 0.01313544 0.01056292 -0.01152700
v 0.01313544 0.01059418 -0.01152438
v 0.01313544 0.01065672 -0.01151914
v 0.01313544 0.01071926 -0.01151390
v 0.01313544 0.01078178 -0.01150866
v 0.01313544 0.01081304 -0.01150604
v 0.01313544 0.01084336 -0.01149826
v 0.01313544 0.01090400 -0.01148268
v 0.01313544 0.01096462 -0.01146712
v 0.01313544 0.01102526 -0.01145154
v 0.01313544 0.01105556 -0.01144376
v 0.01313544 0.01108402 -0.01143106
v 0.01313544 0.01114090 -0.01140564
v 0.01313544 0.01119780 -0.01138020
v 0.01313544 0.01125468 -0.01135478
v 0.01313544 0.01128312 -0.01134208
v 0.01313544 0.01130884 -0.01132482
v 0.01313544 0.01136024 -0.01129032
v 0.01313544 0.01141166 -0.01125582
v 0.01313544 0.01146308 -0.01122132
v 0.01313544 0.01148880 -0.01120406
v 0.01313544 0.01151098 -0.01118280
v 0.01313544 0.01155536 -0.01114026
v 0.01313544 0.01159976 -0.01109774
v 0.01313544 0.01164414 -0.01105520
v 0.01313544 0.01166634 -0.01103394
v 0.01313544 0.01168434 -0.01100930
v 0.01313544 0.01172034 -0.01096002
v 0.01313544 0.01175634 -0.01091074
v 0.01313544 0.01179234 -0.01086146
v 0.01313544 0.01181034 -0.01083684
v 0.01313544 0.01182360 -0.01080958
v 0.01313544 0.01185014 -0.01075506
v 0.01313544 0.01187666 -0.01070054
v 0.01313544 0.01190320 -0.01064602
v 0.01313544 0.01191646 -0.01061876
v 0.01313544 0.01192458 -0.01058972
v 0.01313544 0.01194082 -0.01053160
v 0.01313544 0.01195706 -0.01047350
v 0.01313544 0.01197332 -0.01041540
v 0.01313544 0.01198144 -0.01038636
v 0.01313544 0.01198418 -0.01035640
v 0.01313544 0.01198964 -0.01029646
v 0.01313544 0.01199512 -0.01023654
v 0.01313544 0.01200058 -0.01017662
v 0.01313544 0.01200332 -0.01014666
v 0.01313544 0.01200332 -0.00761602
v -0.01150256 0.01200332 -0.00255474
v 0.01313544 0.01200332 -0.00255474
v -0.04998356 0.00000000 0.00572734
v -0.04998356 0.00000000 0.01009844
v -0.04997198 0.00000000 0.01021830
v -0.04996042 0.00000000 0.01033814
v -0.04992604 0.00000000 0.01045436
v -0.04989166 0.00000000 0.01057056
v -0.04983552 0.00000000 0.01067958
v -0.04977938 0.00000000 0.01078862
v -0.04970320 0.00000000 0.01088718
v -0.04962702 0.00000000 0.01098572
v -0.04953310 0.00000000 0.01107078
v -0.04943918 0.00000000 0.01115586
v -0.04933036 0.00000000 0.01122486
v -0.04922156 0.00000000 0.01129386
v -0.04910118 0.00000000 0.01134470
v -0.04898080 0.00000000 0.01139556
v -0.04885250 0.00000000 0.01142668
v -0.04872420 0.00000000 0.01145782
v -0.04859188 0.00000000 0.01146830
v -0.04845956 0.00000000 0.01147880
v -0.03549306 0.00205238 0.01147880
v -0.02100402 0.00501914 0.01003824
v -0.02100362 0.00501876 0.01014964
v -0.02103250 0.00504606 0.01037070
v -0.02101314 0.00502774 0.01026068
v -0.02106160 0.00507356 0.01047892
v -0.02110024 0.00511008 0.01058468
v -0.02114818 0.00515538 0.01068726
v -0.02120508 0.00520916 0.01078602
v -0.02127060 0.00527108 0.01088030
v -0.02142568 0.00541768 0.01105298
v -0.02160940 0.00559130 0.01120084
v -0.02181698 0.00578748 0.01132004
v -0.02204300 0.00600112 0.01140746
v -0.04998356 0.01008278 0.00216144
v -0.04998356 0.01056292 -0.00002410
v -0.04997198 0.01068798 -0.00002410
v -0.04996042 0.01081304 -0.00002410
v -0.04992604 0.01093430 -0.00002410
v -0.04989166 0.01105556 -0.00002410
v -0.04983552 0.01116934 -0.00002410
v -0.04977938 0.01128312 -0.00002410
v -0.04970320 0.01138596 -0.00002410
v -0.04962702 0.01148878 -0.00002410
v -0.04953310 0.01157756 -0.00002410
v -0.04943918 0.01166632 -0.00002410
v -0.04933036 0.01173834 -0.00002410
v -0.04922156 0.01181034 -0.00002410
v -0.04910118 0.01186340 -0.00002410
v -0.04898080 0.01191646 -0.00002410
v -0.04885250 0.01194894 -0.00002410
v -0.04872420 0.01198144 -0.00002410
v -0.04859188 0.01199238 -0.00002410
v -0.04845956 0.01200332 -0.00002410
v -0.05038356 0.00958615 0.00571152
v -0.04998356 0.00960266 0.00572734
v -0.04230006 0.01200332 0.00377186
v -0.02382156 0.01200332 0.00503718
v -0.04197632 0.00630764 0.01147880
v -0.03549306 0.00851054 0.01147880
v -0.03614056 0.01200332 0.00756782
v -0.04998356 0.01056292 0.01009846
v -0.04996042 0.01056292 0.01033814
v -0.04996042 0.01081304 0.01009846
v -0.04993762 0.01081304 0.01033450
v -0.04989166 0.01056292 0.01057056
v -0.04986990 0.01081304 0.01056338
v -0.04989166 0.01105556 0.01009846
v -0.04986990 0.01105556 0.01032370
v -0.04980530 0.01105556 0.01054208
v -0.04969980 0.01105556 0.01074700
v -0.04977938 0.01056292 0.01078862
v -0.04962702 0.01056292 0.01098572
v -0.04975934 0.01081304 0.01077814
v -0.04960928 0.01081304 0.01097224
v -0.04943918 0.01056292 0.01115586
v -0.04942430 0.01081304 0.01113980
v -0.04922156 0.01056292 0.01129386
v -0.04898080 0.01056292 0.01139556
v -0.04872420 0.01056292 0.01145782
v -0.04845956 0.01056292 0.01147880
v -0.04921000 0.01081304 0.01127570
v -0.04897288 0.01081304 0.01137584
v -0.04872018 0.01081304 0.01143718
v -0.04845956 0.01081304 0.01145782
v -0.04955662 0.01105556 0.01093222
v -0.04938010 0.01105556 0.01109210
v -0.04917562 0.01105556 0.01122178
v -0.04894938 0.01105556 0.01131732
v -0.04870824 0.01105556 0.01137584
v -0.04845956 0.01105556 0.01139556
v -0.04977938 0.01128312 0.01009846
v -0.04975934 0.01128312 0.01030604
v -0.04962702 0.01148878 0.01009846
v -0.04960928 0.01148878 0.01028208
v -0.04969980 0.01128312 0.01050732
v -0.04960256 0.01128312 0.01069616
v -0.04955662 0.01148878 0.01046010
v -0.04947060 0.01148878 0.01062716
v -0.04943918 0.01166632 0.01009846
v -0.04942430 0.01166632 0.01025252
v -0.04922156 0.01181034 0.01009846
v -0.04921000 0.01181034 0.01021830
v -0.04917562 0.01181034 0.01033450
v -0.04898080 0.01191644 0.01009846
v -0.04897288 0.01191644 0.01018042
v -0.04872420 0.01198144 0.01009846
v -0.04845956 0.01200332 0.01009846
v -0.04872018 0.01198144 0.01014008
v -0.04870824 0.01198144 0.01018042
v -0.04868876 0.01198144 0.01021830
v -0.04894938 0.01191644 0.01025992
v -0.04891098 0.01191644 0.01033450
v -0.04866230 0.01198144 0.01025252
v -0.04862968 0.01198144 0.01028208
v -0.04859188 0.01198144 0.01030604
v -0.04855008 0.01198144 0.01032370
v -0.04850552 0.01198144 0.01033450
v -0.04845956 0.01198144 0.01033814
v -0.04938010 0.01166632 0.01040192
v -0.04930794 0.01166632 0.01054208
v -0.04911948 0.01181034 0.01044354
v -0.04904330 0.01181034 0.01054208
v -0.04921000 0.01166632 0.01066878
v -0.04894938 0.01181034 0.01062716
v -0.04884056 0.01181034 0.01069616
v -0.04872018 0.01181034 0.01074700
v -0.04885886 0.01191644 0.01040192
v -0.04879462 0.01191644 0.01046010
v -0.04872018 0.01191644 0.01050732
v -0.04863784 0.01191644 0.01054208
v -0.04855008 0.01191644 0.01056338
v -0.04845956 0.01191644 0.01057056
v -0.04947060 0.01128312 0.01086686
v -0.04930794 0.01128312 0.01101420
v -0.04935388 0.01148878 0.01077814
v -0.04921000 0.01148878 0.01090848
v -0.04904330 0.01148878 0.01101420
v -0.04885886 0.01148878 0.01109210
v -0.04911948 0.01128312 0.01113372
v -0.04891098 0.01128312 0.01122178
v -0.04868876 0.01128312 0.01127570
v -0.04845956 0.01128312 0.01129386
v -0.04866230 0.01148878 0.01113980
v -0.04845956 0.01148878 0.01115586
v -0.04908924 0.01166632 0.01077814
v -0.04894938 0.01166632 0.01086686
v -0.04879462 0.01166632 0.01093222
v -0.04859188 0.01181034 0.01077814
v -0.04845956 0.01181034 0.01078862
v -0.04862968 0.01166632 0.01097224
v -0.04845956 0.01166632 0.01098572
v -0.03665482 0.00953672 0.01147880
v -0.03614056 0.01056292 0.01147880
v -0.03614056 0.01059418 0.01147618
v -0.03614056 0.01071924 0.01146570
v -0.03614056 0.01078178 0.01146046
v -0.03614056 0.01081304 0.01145782
v -0.03614056 0.01084336 0.01145004
v -0.03614056 0.01090398 0.01143448
v -0.03614056 0.01102524 0.01140334
v -0.03614056 0.01105556 0.01139556
v -0.03614056 0.01108400 0.01138284
v -0.03614056 0.01119778 0.01133200
v -0.03614056 0.01200332 0.01009846
v -0.03614056 0.01200058 0.01012842
v -0.03614056 0.01198964 0.01024826
v -0.03614056 0.01198416 0.01030818
v -0.03614056 0.01198144 0.01033814
v -0.03614056 0.01197330 0.01036720
v -0.03614056 0.01194082 0.01048340
v -0.03614056 0.01192458 0.01054150
v -0.03614056 0.01191644 0.01057056
v -0.03614056 0.01190318 0.01059782
v -0.03614056 0.01187666 0.01065234
v -0.03614056 0.01155536 0.01109206
v -0.03614056 0.01128312 0.01129386
v -0.03614056 0.01130882 0.01127662
v -0.03614056 0.01136024 0.01124212
v -0.03614056 0.01125468 0.01130658
v -0.03614056 0.01146308 0.01117310
v -0.03614056 0.01151098 0.01113460
v -0.03614056 0.01148878 0.01115586
v -0.03614056 0.01172032 0.01091182
v -0.03614056 0.01181034 0.01078862
v -0.03614056 0.01179234 0.01081326
v -0.03614056 0.01164412 0.01100698
v -0.03614056 0.01166632 0.01098572
v -0.03614056 0.01168432 0.01096108
v -0.03614056 0.01182360 0.01076136
v -0.02252658 0.00645816 0.01147880
v -0.02228160 0.00622662 0.01146084
v -0.02485006 0.00851054 0.01147880
v -0.02382156 0.01056292 0.01147880
v -0.02382156 0.01062544 0.01147356
v -0.02382156 0.01075050 0.01146308
v -0.02382156 0.01081304 0.01145782
v -0.02382156 0.01087366 0.01144226
v -0.02382156 0.01099494 0.01141112
v -0.02382156 0.01105556 0.01139556
v -0.02382156 0.01111246 0.01137014
v -0.02382156 0.01122622 0.01131928
v -0.02382156 0.01200332 0.01009846
v -0.02382156 0.01199784 0.01015838
v -0.02382156 0.01198690 0.01027822
v -0.02382156 0.01198144 0.01033814
v -0.02382156 0.01196518 0.01039626
v -0.02382156 0.01193270 0.01051246
v -0.02382156 0.01191644 0.01057056
v -0.02382156 0.01188992 0.01062508
v -0.02382156 0.01183686 0.01073412
v -0.02382156 0.01153316 0.01111332
v -0.02382156 0.01162194 0.01102826
v -0.02382156 0.01128312 0.01129386
v -0.02382156 0.01133454 0.01125936
v -0.02382156 0.01143736 0.01119036
v -0.02382156 0.01148878 0.01115586
v -0.02382156 0.01170232 0.01093644
v -0.02382156 0.01181034 0.01078862
v -0.02382156 0.01177434 0.01083790
v -0.02382156 0.01166632 0.01098572
v -0.01188356 0.00501914 0.01003824
v -0.01188336 0.00501894 0.01009394
v -0.01188356 0.00501876 0.01014964
v -0.01187880 0.00502324 0.01020516
v -0.01188356 0.00502774 0.01026068
v -0.01189326 0.00503690 0.01031570
v -0.01188356 0.00504606 0.01037070
v -0.01189812 0.00505980 0.01042480
v -0.01188356 0.00507356 0.01047892
v -0.01190288 0.00509182 0.01053180
v -0.01188356 0.00511008 0.01058468
v -0.01190754 0.00513274 0.01063598
v -0.01188356 0.00515538 0.01068726
v -0.01191202 0.00518228 0.01073664
v -0.01188356 0.00520916 0.01078602
v -0.01191632 0.00524012 0.01083316
v -0.01188356 0.00527108 0.01088030
v -0.01180602 0.00534438 0.01096664
v -0.01188356 0.00541768 0.01105298
v -0.01179170 0.00550448 0.01112690
v -0.01188356 0.00559130 0.01120084
v -0.01177978 0.00568940 0.01126044
v -0.01188356 0.00578748 0.01132004
v -0.01177056 0.00589430 0.01136376
v -0.01188356 0.00600112 0.01140746
v -0.00276312 0.00501914 0.01003824
v -0.00276352 0.00501876 0.01014964
v -0.00275400 0.00502774 0.01026068
v -0.00273464 0.00504606 0.01037070
v -0.00270552 0.00507356 0.01047892
v -0.00266688 0.00511008 0.01058468
v -0.00261896 0.00515538 0.01068726
v 0.01159268 0.00220288 0.01147880
v -0.00256204 0.00520916 0.01078602
v -0.00249654 0.00527108 0.01088030
v -0.00234144 0.00541768 0.01105298
v -0.00215772 0.00559130 0.01120084
v -0.00195016 0.00578748 0.01132004
v -0.00172414 0.00600112 0.01140746
v -0.01150256 0.01200332 0.00250654
v 0.00081644 0.01200332 -0.00002410
v 0.01313544 0.01200332 0.00250654
v -0.01176426 0.00611388 0.01143416
v -0.01188356 0.00622662 0.01146084
v -0.01176108 0.00634240 0.01146982
v -0.01188356 0.00645816 0.01147880
v -0.01304532 0.00748436 0.01147880
v -0.01253106 0.00851054 0.01147880
v -0.01150256 0.01200332 0.00756782
v -0.01150256 0.01056292 0.01147880
v -0.01150256 0.01059418 0.01147618
v -0.01150256 0.01065672 0.01147094
v -0.01150256 0.01071924 0.01146570
v -0.01150256 0.01078178 0.01146046
v -0.01150256 0.01081304 0.01145782
v -0.01150256 0.01084336 0.01145004
v -0.01150256 0.01090398 0.01143448
v -0.01150256 0.01096462 0.01141890
v -0.01150256 0.01102524 0.01140334
v -0.01150256 0.01105556 0.01139556
v -0.01150256 0.01108400 0.01138284
v -0.01150256 0.01114090 0.01135742
v -0.01150256 0.01119778 0.01133200
v -0.01150256 0.01200332 0.01009846
v -0.01150256 0.01200058 0.01012842
v -0.01150256 0.01199510 0.01018834
v -0.01150256 0.01198964 0.01024826
v -0.01150256 0.01198416 0.01030818
v -0.01150256 0.01198144 0.01033814
v -0.01150256 0.01197330 0.01036720
v -0.01150256 0.01194082 0.01048340
v -0.01150256 0.01195706 0.01042530
v -0.01150256 0.01192458 0.01054150
v -0.01150256 0.01191644 0.01057056
v -0.01150256 0.01190318 0.01059782
v -0.01150256 0.01187666 0.01065234
v -0.01150256 0.01185012 0.01070686
v -0.01150256 0.01155536 0.01109206
v -0.01150256 0.01159974 0.01104952
v -0.01150256 0.01128312 0.01129386
v -0.01150256 0.01130882 0.01127662
v -0.01150256 0.01141166 0.01120760
v -0.01150256 0.01136024 0.01124212
v -0.01150256 0.01125468 0.01130658
v -0.01150256 0.01146308 0.01117310
v -0.01150256 0.01151098 0.01113460
v -0.01150256 0.01148878 0.01115586
v -0.01150256 0.01172032 0.01091182
v -0.01150256 0.01181034 0.01078862
v -0.01150256 0.01179234 0.01081326
v -0.01150256 0.01175634 0.01086254
v -0.01150256 0.01164412 0.01100698
v -0.01150256 0.01166632 0.01098572
v -0.01150256 0.01168432 0.01096108
v -0.01150256 0.01182360 0.01076136
v -0.00148554 0.00622662 0.01146084
v -0.00124056 0.00645816 0.01147880
v 0.01159268 0.00748436 0.01147880
v 0.01313544 0.01200332 0.00756782
v 0.00081644 0.01056292 0.01147880
v 0.00081644 0.01068798 0.01146832
v 0.00081644 0.01081304 0.01145782
v 0.00081644 0.01093430 0.01142670
v 0.00081644 0.01105556 0.01139556
v 0.00081644 0.01116934 0.01134470
v 0.00081644 0.01200332 0.01009846
v 0.00081644 0.01199238 0.01021830
v 0.00081644 0.01198144 0.01033814
v 0.00081644 0.01194894 0.01045436
v 0.00081644 0.01191644 0.01057056
v 0.00081644 0.01186340 0.01067960
v 0.00081644 0.01157756 0.01107080
v 0.00081644 0.01128312 0.01129386
v 0.00081644 0.01138594 0.01122486
v 0.00081644 0.01148878 0.01115586
v 0.00081644 0.01181034 0.01078862
v 0.00081644 0.01173834 0.01088718
v 0.00081644 0.01166632 0.01098572
v 0.01262118 0.00953672 0.01147880
v 0.01313544 0.01056292 0.01147880
v 0.01313544 0.01059418 0.01147618
v 0.01313544 0.01065672 0.01147094
v 0.01313544 0.01071924 0.01146570
v 0.01313544 0.01078178 0.01146046
v 0.01313544 0.01081304 0.01145782
v 0.01313544 0.01084336 0.01145004
v 0.01313544 0.01090398 0.01143448
v 0.01313544 0.01096462 0.01141890
v 0.01313544 0.01102524 0.01140334
v 0.01313544 0.01105556 0.01139556
v 0.01313544 0.01108400 0.01138284
v 0.01313544 0.01114090 0.01135742
v 0.01313544 0.01119778 0.01133200
v 0.01313544 0.01200332 0.01009846
v 0.01313544 0.01200058 0.01012842
v 0.01313544 0.01199510 0.01018834
v 0.01313544 0.01198964 0.01024826
v 0.01313544 0.01198416 0.01030818
v 0.01313544 0.01198144 0.01033814
v 0.01313544 0.01197330 0.01036720
v 0.01313544 0.01194082 0.01048340
v 0.01313544 0.01195706 0.01042530
v 0.01313544 0.01192458 0.01054150
v 0.01313544 0.01191644 0.01057056
v 0.01313544 0.01190318 0.01059782
v 0.01313544 0.01187666 0.01065234
v 0.01313544 0.01185012 0.01070686
v 0.01313544 0.01155536 0.01109206
v 0.01313544 0.01159974 0.01104952
v 0.01313544 0.01128312 0.01129386
v 0.01313544 0.01130882 0.01127662
v 0.01313544 0.01141166 0.01120760
v 0.01313544 0.01136024 0.01124212
v 0.01313544 0.01125468 0.01130658
v 0.01313544 0.01146308 0.01117310
v 0.01313544 0.01151098 0.01113460
v 0.01313544 0.01148878 0.01115586
v 0.01313544 0.01172032 0.01091182
v 0.01313544 0.01181034 0.01078862
v 0.01313544 0.01179234 0.01081326
v 0.01313544 0.01175634 0.01086254
v 0.01313544 0.01164412 0.01100698
v 0.01313544 0.01166632 0.01098572
v 0.01313544 0.01168432 0.01096108
v 0.01313544 0.01182360 0.01076136
v 0.02545444 -0.01166634 -0.01103394
v 0.02545444 -0.01177434 -0.01088612
v 0.02545444 -0.01181034 -0.01083684
v 0.02545444 -0.01170234 -0.01098466
v 0.02545444 -0.01148880 -0.01120408
v 0.02545444 -0.01143738 -0.01123858
v 0.02545444 -0.01133454 -0.01130758
v 0.02545444 -0.01128312 -0.01134208
v 0.02545444 -0.01162194 -0.01107648
v 0.02545444 -0.01153318 -0.01116154
v 0.02545444 -0.01183686 -0.01078232
v 0.02545444 -0.01188992 -0.01067328
v 0.02545444 -0.01191646 -0.01061878
v 0.02545444 -0.01193270 -0.01056066
v 0.02545444 -0.01196520 -0.01044446
v 0.02545444 -0.01198144 -0.01038636
v 0.02545444 -0.01198690 -0.01032644
v 0.02545444 -0.01199784 -0.01020660
v 0.02545444 -0.01200332 -0.01014666
v 0.02545444 -0.01122622 -0.01136750
v 0.02545444 -0.01111246 -0.01141834
v 0.02545444 -0.01105556 -0.01144378
v 0.02545444 -0.01099494 -0.01145934
v 0.02545444 -0.01087368 -0.01149048
v 0.02545444 -0.01081304 -0.01150604
v 0.02545444 -0.01075052 -0.01151128
v 0.02545444 -0.01062546 -0.01152178
v 0.02545444 -0.01056292 -0.01152702
v 0.02491390 -0.00897174 -0.01152702
v 0.03777344 -0.01182360 -0.01080958
v 0.03777344 -0.01168434 -0.01100930
v 0.03777344 -0.01166634 -0.01103394
v 0.03777344 -0.01164414 -0.01105520
v 0.03777344 -0.01179234 -0.01086148
v 0.03777344 -0.01181034 -0.01083684
v 0.03777344 -0.01172034 -0.01096002
v 0.03777344 -0.01148880 -0.01120408
v 0.03777344 -0.01151098 -0.01118280
v 0.03777344 -0.01146308 -0.01122132
v 0.03777344 -0.01125468 -0.01135480
v 0.03777344 -0.01141166 -0.01125582
v 0.03777344 -0.01130882 -0.01132484
v 0.03777344 -0.01128312 -0.01134208
v 0.03777344 -0.01155536 -0.01114028
v 0.03777344 -0.01185014 -0.01075506
v 0.03777344 -0.01190320 -0.01064604
v 0.03777344 -0.01191646 -0.01061878
v 0.03777344 -0.01192458 -0.01058972
v 0.03777344 -0.01195708 -0.01047352
v 0.03777344 -0.01197332 -0.01041542
v 0.03777344 -0.01198144 -0.01038636
v 0.03777344 -0.01198418 -0.01035640
v 0.03777344 -0.01198964 -0.01029648
v 0.03777344 -0.01200058 -0.01017664
v 0.03777344 -0.01200332 -0.01014666
v 0.03777344 -0.01114090 -0.01140564
v 0.03777344 -0.01108400 -0.01143106
v 0.03777344 -0.01105556 -0.01144378
v 0.03777344 -0.01102524 -0.01145156
v 0.03777344 -0.01090398 -0.01148270
v 0.03777344 -0.01084336 -0.01149826
v 0.03777344 -0.01081304 -0.01150604
v 0.03777344 -0.01078178 -0.01150866
v 0.03777344 -0.01065672 -0.01151916
v 0.03777344 -0.01059418 -0.01152440
v 0.03777344 -0.01056292 -0.01152702
v 0.03750316 -0.00976732 -0.01152702
v 0.03777344 -0.01200332 -0.00761602
v 0.02545444 -0.01200332 -0.00508540
v 0.03777344 -0.01200332 -0.00255476
v 0.03750316 -0.00448586 -0.01152702
v 0.05009244 -0.01166634 -0.01103394
v 0.05009244 -0.01181034 -0.01083684
v 0.05035708 -0.01164956 -0.01102046
v 0.05035708 -0.01179140 -0.01082636
v 0.05009244 -0.01148880 -0.01120408
v 0.05009244 -0.01128312 -0.01134208
v 0.05035708 -0.01147472 -0.01118800
v 0.05035708 -0.01127218 -0.01132392
v 0.05061368 -0.01159978 -0.01098042
v 0.05085444 -0.01151850 -0.01091506
v 0.05061368 -0.01143296 -0.01114030
v 0.05085444 -0.01136474 -0.01106240
v 0.05107204 -0.01140818 -0.01082636
v 0.05107204 -0.01127218 -0.01095668
v 0.05009244 -0.01191646 -0.01061878
v 0.05035708 -0.01189588 -0.01061160
v 0.05061368 -0.01183482 -0.01059030
v 0.05061368 -0.01173512 -0.01079522
v 0.05085444 -0.01164322 -0.01074438
v 0.05085444 -0.01173512 -0.01055552
v 0.05009244 -0.01198144 -0.01038636
v 0.05009244 -0.01200332 -0.01014666
v 0.05035708 -0.01195988 -0.01038272
v 0.05061368 -0.01189588 -0.01037190
v 0.05035708 -0.01198144 -0.01014666
v 0.05061368 -0.01191646 -0.01014666
v 0.05085444 -0.01179140 -0.01035424
v 0.05107204 -0.01164956 -0.01033028
v 0.05085444 -0.01181034 -0.01014666
v 0.05107204 -0.01166634 -0.01014666
v 0.05107204 -0.01151850 -0.01067538
v 0.05107204 -0.01159978 -0.01050832
v 0.05125988 -0.01127218 -0.01071700
v 0.05125988 -0.01136474 -0.01059030
v 0.05125988 -0.01143296 -0.01045014
v 0.05125988 -0.01147472 -0.01030074
v 0.05125988 -0.01148880 -0.01014666
v 0.05141226 -0.01127218 -0.01026652
v 0.05141226 -0.01128312 -0.01014666
v 0.05009244 -0.01105556 -0.01144378
v 0.05061368 -0.01123968 -0.01127000
v 0.05085444 -0.01118662 -0.01118192
v 0.05035708 -0.01104808 -0.01142406
v 0.05061368 -0.01102586 -0.01136554
v 0.05085444 -0.01098956 -0.01127000
v 0.05107204 -0.01111462 -0.01106240
v 0.05107204 -0.01094032 -0.01114030
v 0.05009244 -0.01081304 -0.01150604
v 0.05009244 -0.01056292 -0.01152702
v 0.05035708 -0.01080924 -0.01148540
v 0.05061368 -0.01079796 -0.01142406
v 0.05085444 -0.01077954 -0.01132392
v 0.05107204 -0.01075452 -0.01118800
v 0.05035708 -0.01056292 -0.01150604
v 0.05061368 -0.01056292 -0.01144378
v 0.05085444 -0.01056292 -0.01134208
v 0.05107204 -0.01056292 -0.01120408
v 0.05125988 -0.01115806 -0.01082636
v 0.05125988 -0.01102586 -0.01091506
v 0.05125988 -0.01087958 -0.01098042
v 0.05125988 -0.01072370 -0.01102046
v 0.05125988 -0.01056292 -0.01103394
v 0.05141226 -0.01068798 -0.01082636
v 0.05141226 -0.01056292 -0.01083684
v 0.05141226 -0.01118662 -0.01049176
v 0.05141226 -0.01111462 -0.01059030
v 0.05141226 -0.01102586 -0.01067538
v 0.05141226 -0.01092302 -0.01074438
v 0.05152452 -0.01094032 -0.01045014
v 0.05152452 -0.01087958 -0.01050832
v 0.05141226 -0.01123968 -0.01038272
v 0.05152452 -0.01098956 -0.01038272
v 0.05152452 -0.01102586 -0.01030814
v 0.05152452 -0.01104808 -0.01022864
v 0.05152452 -0.01105556 -0.01014666
v 0.05141226 -0.01080924 -0.01079522
v 0.05152452 -0.01080924 -0.01055552
v 0.05152452 -0.01073142 -0.01059030
v 0.05152452 -0.01064846 -0.01061160
v 0.05152452 -0.01056292 -0.01061878
v 0.05159328 -0.01075452 -0.01030074
v 0.05159328 -0.01072370 -0.01033028
v 0.05159328 -0.01079796 -0.01022864
v 0.05159328 -0.01080924 -0.01018828
v 0.05159328 -0.01081304 -0.01014666
v 0.05159328 -0.01077954 -0.01026652
v 0.05159328 -0.01064846 -0.01037190
v 0.05159328 -0.01060636 -0.01038272
v 0.05159328 -0.01068798 -0.01035424
v 0.05159328 -0.01056292 -0.01038636
v 0.05161644 -0.01056292 -0.01014666
v 0.05161644 -0.00960266 -0.00577556
v 0.05009244 -0.01200332 -0.00002412
v 0.05022476 -0.01199238 -0.00002412
v 0.05035708 -0.01198144 -0.00002412
v 0.05048538 -0.01194896 -0.00002412
v 0.05061368 -0.01191646 -0.00002412
v 0.05073406 -0.01186340 -0.00002412
v 0.05085444 -0.01181034 -0.00002412
v 0.05096324 -0.01173834 -0.00002412
v 0.05107204 -0.01166634 -0.00002412
v 0.05116596 -0.01157756 -0.00002412
v 0.05125988 -0.01148880 -0.00002412
v 0.05133608 -0.01138596 -0.00002412
v 0.05141226 -0.01128312 -0.00002412
v 0.05146840 -0.01116934 -0.00002412
v 0.05152452 -0.01105556 -0.00002412
v 0.05155890 -0.01093430 -0.00002412
v 0.05159328 -0.01081304 -0.00002412
v 0.05160486 -0.01068798 -0.00002412
v 0.05161644 -0.01056292 -0.00002412
v 0.06358768 -0.00910866 -0.00530216
v 0.07555890 -0.00861466 -0.00482874
v 0.07568770 -0.00860416 -0.00481868
v 0.07581508 -0.00858338 -0.00479878
v 0.07594012 -0.00855246 -0.00476916
v 0.07606196 -0.00851166 -0.00473004
v 0.07617970 -0.00846124 -0.00468174
v 0.07629250 -0.00840156 -0.00462454
v 0.07639954 -0.00833308 -0.00455892
v 0.07650006 -0.00825626 -0.00448530
v 0.07667866 -0.00807992 -0.00431630
v 0.07682320 -0.00787760 -0.00412242
v 0.07692952 -0.00765512 -0.00390922
v 0.07699454 -0.00741886 -0.00368282
v 0.07701642 -0.00717562 -0.00344970
v 0.05161644 -0.00048014 -0.00796112
v 0.05760206 -0.00504832 -0.00553886
v 0.06358768 -0.00049400 -0.00530216
v 0.07587760 -0.00001546 -0.00478396
v 0.07600104 -0.00002040 -0.00474960
v 0.07634602 -0.00003424 -0.00459172
v 0.07658936 -0.00008818 -0.00440080
v 0.07675092 -0.00010116 -0.00421936
v 0.07687636 -0.00011124 -0.00401582
v 0.07696204 -0.00011814 -0.00379602
v 0.07700548 -0.00012162 -0.00356626
v 0.02545444 -0.01200332 0.00503716
v 0.04393294 -0.01200332 0.00377184
v 0.02545444 -0.01200332 0.01009844
v 0.02545444 -0.01199786 0.01015836
v 0.02545444 -0.01198692 0.01027822
v 0.02545444 -0.01198144 0.01033814
v 0.02545444 -0.01196520 0.01039624
v 0.02545444 -0.01193270 0.01051244
v 0.02545444 -0.01191646 0.01057056
v 0.02545444 -0.01188994 0.01062506
v 0.02545444 -0.01183688 0.01073410
v 0.02545444 -0.01181034 0.01078862
v 0.02545444 -0.01177434 0.01083790
v 0.02545444 -0.01170234 0.01093644
v 0.02545444 -0.01166634 0.01098572
v 0.02545444 -0.01162196 0.01102824
v 0.02545444 -0.01153318 0.01111332
v 0.02545444 -0.01148880 0.01115586
v 0.02545444 -0.01143738 0.01119036
v 0.02545444 -0.01133454 0.01125936
v 0.02545444 -0.01128312 0.01129386
v 0.02545444 -0.01122624 0.01131928
v 0.02545444 -0.01111246 0.01137012
v 0.02545444 -0.01105558 0.01139554
v 0.02545444 -0.01099494 0.01141112
v 0.02545444 -0.01087368 0.01144226
v 0.02545444 -0.01081304 0.01145782
v 0.02545444 -0.01075052 0.01146306
v 0.02545444 -0.01062546 0.01147354
v 0.02545444 -0.01056294 0.01147878
v 0.02442594 -0.00851056 0.01147878
v 0.03777344 -0.01200332 0.00756780
v 0.03777344 -0.01200332 0.01009844
v 0.03777344 -0.01200060 0.01012840
v 0.03777344 -0.01198966 0.01024826
v 0.03777344 -0.01198418 0.01030818
v 0.03777344 -0.01198144 0.01033814
v 0.03777344 -0.01197332 0.01036720
v 0.03777344 -0.01194084 0.01048340
v 0.03777344 -0.01192458 0.01054150
v 0.03777344 -0.01191646 0.01057056
v 0.03777344 -0.01190320 0.01059782
v 0.03777344 -0.01185014 0.01070684
v 0.03777344 -0.01182362 0.01076136
v 0.03777344 -0.01181034 0.01078862
v 0.03777344 -0.01179234 0.01081326
v 0.03777344 -0.01172034 0.01091180
v 0.03777344 -0.01168434 0.01096108
v 0.03777344 -0.01166634 0.01098572
v 0.03777344 -0.01164414 0.01100698
v 0.03777344 -0.01159976 0.01104952
v 0.03777344 -0.01151100 0.01113458
v 0.03777344 -0.01148880 0.01115586
v 0.03777344 -0.01146310 0.01117310
v 0.03777344 -0.01141168 0.01120760
v 0.03777344 -0.01130884 0.01127660
v 0.03777344 -0.01128312 0.01129386
v 0.03777344 -0.01125468 0.01130656
v 0.03777344 -0.01114090 0.01135742
v 0.03777344 -0.01108402 0.01138284
v 0.03777344 -0.01105558 0.01139554
v 0.03777344 -0.01102526 0.01140334
v 0.03777344 -0.01090400 0.01143446
v 0.03777344 -0.01084336 0.01145004
v 0.03777344 -0.01081304 0.01145782
v 0.03777344 -0.01078178 0.01146044
v 0.03777344 -0.01065672 0.01147092
v 0.03777344 -0.01059420 0.01147616
v 0.03777344 -0.01056294 0.01147878
v 0.03725918 -0.00953674 0.01147878
v 0.03725918 -0.00630766 0.01147878
v 0.02442594 -0.00205238 0.01147878
v 0.04367580 -0.00315384 0.01147878
v 0.05161644 -0.01008280 0.00216144
v 0.05161644 -0.00960266 0.00572734
v 0.06358768 -0.00910866 0.00044930
v 0.06358768 -0.00910866 0.00525394
v 0.07667866 -0.00807992 0.00426808
v 0.07682320 -0.00787760 0.00407420
v 0.07692952 -0.00765512 0.00386100
v 0.07617970 -0.00846124 0.00463350
v 0.07650006 -0.00825628 0.00443708
v 0.07629250 -0.00840158 0.00457632
v 0.07639954 -0.00833308 0.00451070
v 0.07594012 -0.00855248 0.00472094
v 0.07555890 -0.00861466 0.00478052
v 0.07568770 -0.00860416 0.00477046
v 0.07581508 -0.00858338 0.00475056
v 0.07606196 -0.00851166 0.00468182
v 0.07701642 -0.00717562 0.00340148
v 0.07699454 -0.00741886 0.00363460
v 0.05009244 -0.01200332 0.01009844
v 0.05009244 -0.01198144 0.01033814
v 0.05035708 -0.01198144 0.01009844
v 0.05061368 -0.01191646 0.01009844
v 0.05035708 -0.01195990 0.01033450
v 0.05061368 -0.01189590 0.01032368
v 0.05085444 -0.01181034 0.01009844
v 0.05107204 -0.01166634 0.01009844
v 0.05085444 -0.01179140 0.01030602
v 0.05107204 -0.01164958 0.01028206
v 0.05009244 -0.01191646 0.01057056
v 0.05035708 -0.01189590 0.01056338
v 0.05061368 -0.01183484 0.01054208
v 0.05085444 -0.01173512 0.01050730
v 0.05061368 -0.01173512 0.01074700
v 0.05085444 -0.01164322 0.01069616
v 0.05107204 -0.01159980 0.01046010
v 0.05107204 -0.01151850 0.01062714
v 0.05125988 -0.01148880 0.01009844
v 0.05125988 -0.01147474 0.01025252
v 0.05141226 -0.01128312 0.01009844
v 0.05141226 -0.01127218 0.01021828
v 0.05125988 -0.01143296 0.01040190
v 0.05125988 -0.01136476 0.01054208
v 0.05125988 -0.01127218 0.01066876
v 0.05009244 -0.01181034 0.01078862
v 0.05009244 -0.01166634 0.01098572
v 0.05035708 -0.01179140 0.01077814
v 0.05035708 -0.01164958 0.01097224
v 0.05061368 -0.01159980 0.01093220
v 0.05085444 -0.01151850 0.01086684
v 0.05107204 -0.01140818 0.01077814
v 0.05107204 -0.01127218 0.01090846
v 0.05061368 -0.01143296 0.01109208
v 0.05085444 -0.01136476 0.01101418
v 0.05009244 -0.01148880 0.01115586
v 0.05009244 -0.01128312 0.01129386
v 0.05035708 -0.01147474 0.01113978
v 0.05035708 -0.01127218 0.01127570
v 0.05141226 -0.01123970 0.01033450
v 0.05152452 -0.01105558 0.01009844
v 0.05152452 -0.01104808 0.01018042
v 0.05152452 -0.01102586 0.01025990
v 0.05152452 -0.01098958 0.01033450
v 0.05141226 -0.01118664 0.01044352
v 0.05141226 -0.01111464 0.01054208
v 0.05152452 -0.01094032 0.01040190
v 0.05152452 -0.01087960 0.01046010
v 0.05141226 -0.01102586 0.01062714
v 0.05141226 -0.01092302 0.01069616
v 0.05159328 -0.01081304 0.01009844
v 0.05159328 -0.01080926 0.01014006
v 0.05159328 -0.01079796 0.01018042
v 0.05159328 -0.01077954 0.01021828
v 0.05159328 -0.01075454 0.01025252
v 0.05159328 -0.01072370 0.01028206
v 0.05161644 -0.01056294 0.01009844
v 0.05159328 -0.01068800 0.01030602
v 0.05159328 -0.01064848 0.01032368
v 0.05159328 -0.01060636 0.01033450
v 0.05159328 -0.01056294 0.01033814
v 0.05152452 -0.01080926 0.01050730
v 0.05152452 -0.01073142 0.01054208
v 0.05141226 -0.01080926 0.01074700
v 0.05152452 -0.01064848 0.01056338
v 0.05152452 -0.01056294 0.01057056
v 0.05107204 -0.01111464 0.01101418
v 0.05107204 -0.01094032 0.01109208
v 0.05009244 -0.01105558 0.01139554
v 0.05061368 -0.01123970 0.01122176
v 0.05085444 -0.01118664 0.01113370
v 0.05085444 -0.01098958 0.01122176
v 0.05035708 -0.01104808 0.01137584
v 0.05061368 -0.01102586 0.01131732
v 0.05009244 -0.01081304 0.01145782
v 0.05009244 -0.01056294 0.01147878
v 0.05107204 -0.01075454 0.01113978
v 0.05085444 -0.01077954 0.01127570
v 0.05061368 -0.01079796 0.01137584
v 0.05035708 -0.01080926 0.01143716
v 0.05107204 -0.01056294 0.01115586
v 0.05085444 -0.01056294 0.01129386
v 0.05035708 -0.01056294 0.01145782
v 0.05061368 -0.01056294 0.01139554
v 0.05125988 -0.01115806 0.01077814
v 0.05125988 -0.01102586 0.01086684
v 0.05125988 -0.01087960 0.01093220
v 0.05125988 -0.01072370 0.01097224
v 0.05141226 -0.01068800 0.01077814
v 0.05141226 -0.01056294 0.01078862
v 0.05125988 -0.01056294 0.01098572
v 0.05760206 -0.00455432 0.00549064
v 0.06957330 -0.00406032 0.00501722
v 0.07644980 -0.00003842 0.00447390
v 0.07634602 -0.00003424 0.00454352
v 0.07587760 -0.00001546 0.00473574
v 0.07600104 -0.00002040 0.00470138
v 0.02491390 0.00159120 -0.01152700
v 0.04379780 0.00303852 -0.01152700
v 0.02491390 0.00897174 -0.01152700
v 0.02545444 0.01056292 -0.01152700
v 0.02545444 0.01062546 -0.01152176
v 0.02545444 0.01075052 -0.01151128
v 0.02545444 0.01081304 -0.01150604
v 0.02545444 0.01087368 -0.01149048
v 0.02545444 0.01099494 -0.01145934
v 0.02545444 0.01105556 -0.01144376
v 0.02545444 0.01111246 -0.01141834
v 0.02545444 0.01122624 -0.01136750
v 0.02545444 0.01128312 -0.01134208
v 0.02545444 0.01133454 -0.01130758
v 0.02545444 0.01143738 -0.01123856
v 0.02545444 0.01148880 -0.01120406
v 0.02545444 0.01153318 -0.01116154
v 0.02545444 0.01162194 -0.01107646
v 0.02545444 0.01166634 -0.01103394
v 0.02545444 0.01170234 -0.01098466
v 0.02545444 0.01177434 -0.01088610
v 0.02545444 0.01181034 -0.01083684
v 0.02545444 0.01183688 -0.01078232
v 0.02545444 0.01188992 -0.01067328
v 0.02545444 0.01191646 -0.01061876
v 0.02545444 0.01193270 -0.01056066
v 0.02545444 0.01196520 -0.01044446
v 0.02545444 0.01198144 -0.01038636
v 0.02545444 0.01198690 -0.01032642
v 0.02545444 0.01199786 -0.01020658
v 0.02545444 0.01200332 -0.01014666
v 0.03750316 0.00607706 -0.01152700
v 0.03750316 0.00976732 -0.01152700
v 0.03777344 0.01056292 -0.01152700
v 0.03777344 0.01059418 -0.01152438
v 0.03777344 0.01071926 -0.01151390
v 0.03777344 0.01078178 -0.01150866
v 0.03777344 0.01081304 -0.01150604
v 0.03777344 0.01084336 -0.01149826
v 0.03777344 0.01090400 -0.01148268
v 0.03777344 0.01102526 -0.01145154
v 0.03777344 0.01105556 -0.01144376
v 0.03777344 0.01108402 -0.01143106
v 0.03777344 0.01119780 -0.01138020
v 0.03777344 0.01125468 -0.01135478
v 0.03777344 0.01128312 -0.01134208
v 0.03777344 0.01130884 -0.01132482
v 0.03777344 0.01136024 -0.01129032
v 0.03777344 0.01146308 -0.01122132
v 0.03777344 0.01148880 -0.01120406
v 0.03777344 0.01151098 -0.01118280
v 0.03777344 0.01155536 -0.01114026
v 0.03777344 0.01164414 -0.01105520
v 0.03777344 0.01166634 -0.01103394
v 0.03777344 0.01168434 -0.01100930
v 0.03777344 0.01175634 -0.01091074
v 0.03777344 0.01179234 -0.01086146
v 0.03777344 0.01181034 -0.01083684
v 0.03777344 0.01182360 -0.01080958
v 0.03777344 0.01185014 -0.01075506
v 0.03777344 0.01190320 -0.01064602
v 0.03777344 0.01191646 -0.01061876
v 0.03777344 0.01192458 -0.01058972
v 0.03777344 0.01195706 -0.01047350
v 0.03777344 0.01197332 -0.01041540
v 0.03777344 0.01198144 -0.01038636
v 0.03777344 0.01198418 -0.01035640
v 0.03777344 0.01198964 -0.01029646
v 0.03777344 0.01200058 -0.01017662
v 0.03777344 0.01200332 -0.01014666
v 0.03777344 0.01200332 -0.00761602
v 0.02545444 0.01200332 -0.00508538
v 0.03777344 0.01200332 -0.00255474
v 0.05009244 0.00000000 -0.01152702
v 0.05022476 0.00000000 -0.01151652
v 0.05035708 0.00000000 -0.01150604
v 0.05048538 0.00000000 -0.01147490
v 0.05061368 0.00000000 -0.01144376
v 0.05073406 0.00000000 -0.01139292
v 0.05085444 0.00000000 -0.01134208
v 0.05096324 0.00000000 -0.01127308
v 0.05107204 0.00000000 -0.01120408
v 0.05116596 0.00000000 -0.01111900
v 0.05125988 0.00000000 -0.01103394
v 0.05133608 0.00000000 -0.01093538
v 0.05141226 0.00000000 -0.01083684
v 0.05146840 0.00000000 -0.01072780
v 0.05152452 0.00000000 -0.01061876
v 0.05155890 0.00000000 -0.01050256
v 0.05159328 0.00000000 -0.01038636
v 0.05160486 0.00000000 -0.01026652
v 0.05161644 0.00000000 -0.01014666
v 0.05161644 0.00000000 -0.00577556
v 0.05760206 0.00455432 -0.00553886
v 0.07555890 0.00000000 -0.00482874
v 0.07562330 0.00000524 -0.00482372
v 0.07568770 0.00000000 -0.00481868
v 0.07575138 0.00001038 -0.00480872
v 0.07581508 0.00000000 -0.00479876
v 0.07594012 0.00000000 -0.00476916
v 0.07606196 0.00000000 -0.00473004
v 0.07612082 0.00002522 -0.00470588
v 0.07617970 0.00000000 -0.00468172
v 0.07623610 0.00002984 -0.00465314
v 0.07629250 0.00000000 -0.00462454
v 0.07639954 0.00000000 -0.00455892
v 0.07644980 0.00003840 -0.00452210
v 0.07650006 0.00000000 -0.00448530
v 0.07667866 0.00000000 -0.00431630
v 0.07682320 0.00000000 -0.00412242
v 0.07692952 0.00000000 -0.00390922
v 0.07699454 0.00000000 -0.00368282
v 0.06957330 0.00406032 -0.00506544
v 0.05009244 0.01056292 -0.01152700
v 0.05009244 0.01081304 -0.01150604
v 0.05035708 0.01056292 -0.01150604
v 0.05061368 0.01056292 -0.01144376
v 0.05085444 0.01056292 -0.01134208
v 0.05107204 0.01056292 -0.01120406
v 0.05035708 0.01080924 -0.01148538
v 0.05061368 0.01079796 -0.01142406
v 0.05085444 0.01077954 -0.01132392
v 0.05107204 0.01075452 -0.01118800
v 0.05009244 0.01105556 -0.01144376
v 0.05035708 0.01104808 -0.01142406
v 0.05061368 0.01102586 -0.01136554
v 0.05085444 0.01098956 -0.01126998
v 0.05061368 0.01123968 -0.01126998
v 0.05085444 0.01118664 -0.01118192
v 0.05107204 0.01094032 -0.01114030
v 0.05107204 0.01111462 -0.01106240
v 0.05125988 0.01056292 -0.01103394
v 0.05141226 0.01056292 -0.01083684
v 0.05141226 0.01068798 -0.01082634
v 0.05125988 0.01072370 -0.01102044
v 0.05125988 0.01087958 -0.01098042
v 0.05125988 0.01102586 -0.01091506
v 0.05125988 0.01115806 -0.01082634
v 0.05152452 0.01056292 -0.01061876
v 0.05152452 0.01064846 -0.01061160
v 0.05141226 0.01080924 -0.01079522
v 0.05152452 0.01073142 -0.01059030
v 0.05152452 0.01080924 -0.01055552
v 0.05159328 0.01056292 -0.01038636
v 0.05159328 0.01060636 -0.01038272
v 0.05159328 0.01064846 -0.01037190
v 0.05159328 0.01068798 -0.01035424
v 0.05161644 0.01056292 -0.01014666
v 0.05159328 0.01072370 -0.01033028
v 0.05159328 0.01075452 -0.01030074
v 0.05159328 0.01077954 -0.01026650
v 0.05159328 0.01079796 -0.01022864
v 0.05159328 0.01080924 -0.01018828
v 0.05159328 0.01081304 -0.01014666
v 0.05141226 0.01092302 -0.01074436
v 0.05141226 0.01102586 -0.01067536
v 0.05152452 0.01087958 -0.01050832
v 0.05152452 0.01094032 -0.01045012
v 0.05141226 0.01111462 -0.01059030
v 0.05141226 0.01118664 -0.01049174
v 0.05152452 0.01098956 -0.01038272
v 0.05152452 0.01102586 -0.01030812
v 0.05152452 0.01104808 -0.01022864
v 0.05152452 0.01105556 -0.01014666
v 0.05141226 0.01123968 -0.01038272
v 0.05009244 0.01128312 -0.01134208
v 0.05009244 0.01148880 -0.01120406
v 0.05035708 0.01127218 -0.01132392
v 0.05035708 0.01147472 -0.01118800
v 0.05061368 0.01143296 -0.01114030
v 0.05085444 0.01136474 -0.01106240
v 0.05107204 0.01127218 -0.01095668
v 0.05107204 0.01140818 -0.01082634
v 0.05061368 0.01159978 -0.01098042
v 0.05085444 0.01151850 -0.01091506
v 0.05009244 0.01166634 -0.01103394
v 0.05009244 0.01181034 -0.01083684
v 0.05035708 0.01164956 -0.01102044
v 0.05035708 0.01179138 -0.01082634
v 0.05107204 0.01151850 -0.01067536
v 0.05107204 0.01159978 -0.01050832
v 0.05009244 0.01191646 -0.01061876
v 0.05061368 0.01173512 -0.01079520
v 0.05085444 0.01164322 -0.01074436
v 0.05085444 0.01173512 -0.01055552
v 0.05035708 0.01189588 -0.01061160
v 0.05061368 0.01183482 -0.01059030
v 0.05009244 0.01198144 -0.01038636
v 0.05009244 0.01200332 -0.01014666
v 0.05107204 0.01164956 -0.01033028
v 0.05085444 0.01179138 -0.01035424
v 0.05107204 0.01166632 -0.01014666
v 0.05085444 0.01181034 -0.01014666
v 0.05061368 0.01189588 -0.01037190
v 0.05035708 0.01195988 -0.01038272
v 0.05035708 0.01198144 -0.01014666
v 0.05061368 0.01191646 -0.01014666
v 0.05125988 0.01127218 -0.01071698
v 0.05125988 0.01136474 -0.01059030
v 0.05125988 0.01143296 -0.01045012
v 0.05141226 0.01127218 -0.01026650
v 0.05141226 0.01128312 -0.01014666
v 0.05125988 0.01147472 -0.01030074
v 0.05125988 0.01148880 -0.01014666
v 0.05161644 0.00960266 -0.00577556
v 0.07699454 0.00741886 -0.00368280
v 0.07701642 0.00717562 -0.00344970
v 0.07555890 0.00861464 -0.00482874
v 0.07568770 0.00860414 -0.00481868
v 0.07581508 0.00858338 -0.00479876
v 0.07594012 0.00855246 -0.00476916
v 0.07606196 0.00851166 -0.00473004
v 0.07639954 0.00833308 -0.00455890
v 0.07629250 0.00840156 -0.00462454
v 0.07650006 0.00825626 -0.00448530
v 0.07617970 0.00846124 -0.00468172
v 0.07692952 0.00765512 -0.00390922
v 0.07682320 0.00787760 -0.00412242
v 0.07667866 0.00807992 -0.00431630
v 0.06358768 0.00910866 -0.00530214
v 0.06358768 0.00910864 -0.00049752
v 0.03725918 0.00425526 0.01147880
v 0.02545444 0.01200332 0.00503718
v 0.04393294 0.01200332 0.00377186
v 0.02442594 0.00851054 0.01147880
v 0.02545444 0.01056292 0.01147880
v 0.02545444 0.01062544 0.01147356
v 0.02545444 0.01075050 0.01146308
v 0.02545444 0.01081304 0.01145782
v 0.02545444 0.01087366 0.01144226
v 0.02545444 0.01099494 0.01141112
v 0.02545444 0.01105556 0.01139556
v 0.02545444 0.01111246 0.01137014
v 0.02545444 0.01122622 0.01131928
v 0.02545444 0.01200332 0.01009846
v 0.02545444 0.01199784 0.01015838
v 0.02545444 0.01198690 0.01027822
v 0.02545444 0.01198144 0.01033814
v 0.02545444 0.01196518 0.01039626
v 0.02545444 0.01193270 0.01051246
v 0.02545444 0.01191644 0.01057056
v 0.02545444 0.01188992 0.01062508
v 0.02545444 0.01183686 0.01073412
v 0.02545444 0.01153316 0.01111332
v 0.02545444 0.01162194 0.01102826
v 0.02545444 0.01128312 0.01129386
v 0.02545444 0.01133454 0.01125936
v 0.02545444 0.01143736 0.01119036
v 0.02545444 0.01148878 0.01115586
v 0.02545444 0.01170232 0.01093644
v 0.02545444 0.01181034 0.01078862
v 0.02545444 0.01177434 0.01083790
v 0.02545444 0.01166632 0.01098572
v 0.03777344 0.01200332 0.00756782
v 0.03725918 0.00953672 0.01147880
v 0.03777344 0.01056292 0.01147880
v 0.03777344 0.01059418 0.01147618
v 0.03777344 0.01071924 0.01146570
v 0.03777344 0.01078178 0.01146046
v 0.03777344 0.01081304 0.01145782
v 0.03777344 0.01084336 0.01145004
v 0.03777344 0.01090398 0.01143448
v 0.03777344 0.01102524 0.01140334
v 0.03777344 0.01105556 0.01139556
v 0.03777344 0.01108400 0.01138284
v 0.03777344 0.01119778 0.01133200
v 0.03777344 0.01200332 0.01009846
v 0.03777344 0.01200058 0.01012842
v 0.03777344 0.01198964 0.01024826
v 0.03777344 0.01198416 0.01030818
v 0.03777344 0.01198144 0.01033814
v 0.03777344 0.01197330 0.01036720
v 0.03777344 0.01194082 0.01048340
v 0.03777344 0.01192458 0.01054150
v 0.03777344 0.01191644 0.01057056
v 0.03777344 0.01190318 0.01059782
v 0.03777344 0.01187666 0.01065234
v 0.03777344 0.01155536 0.01109206
v 0.03777344 0.01128312 0.01129386
v 0.03777344 0.01130882 0.01127662
v 0.03777344 0.01136024 0.01124212
v 0.03777344 0.01125468 0.01130658
v 0.03777344 0.01146308 0.01117310
v 0.03777344 0.01151098 0.01113460
v 0.03777344 0.01148878 0.01115586
v 0.03777344 0.01172032 0.01091182
v 0.03777344 0.01181034 0.01078862
v 0.03777344 0.01179234 0.01081326
v 0.03777344 0.01164412 0.01100698
v 0.03777344 0.01166632 0.01098572
v 0.03777344 0.01168432 0.01096108
v 0.03777344 0.01182360 0.01076136
v 0.05161644 0.00000000 0.00572734
v 0.05760206 0.00504832 0.00549064
v 0.07701642 0.00000000 -0.00002410
v 0.06358768 0.00049400 0.00525394
v 0.07700548 0.00012162 0.00351804
v 0.07699454 0.00000000 0.00363460
v 0.07696204 0.00011812 0.00374780
v 0.07692952 0.00000000 0.00386100
v 0.07682320 0.00000000 0.00407420
v 0.07687636 0.00011124 0.00396760
v 0.07667866 0.00000000 0.00426810
v 0.07675092 0.00010116 0.00417114
v 0.07650006 0.00000000 0.00443708
v 0.07658936 0.00008816 0.00435258
v 0.07639954 0.00000000 0.00451070
v 0.07617970 0.00000000 0.00463352
v 0.07623610 0.00002982 0.00460492
v 0.07629250 0.00000000 0.00457632
v 0.07594012 0.00000000 0.00472094
v 0.07562330 0.00000524 0.00477550
v 0.07555890 0.00000000 0.00478052
v 0.07575138 0.00001038 0.00476052
v 0.07568770 0.00000000 0.00477046
v 0.07581508 0.00000000 0.00475056
v 0.07606196 0.00000000 0.00468182
v 0.07612082 0.00002520 0.00465766
v 0.05161644 0.00048012 0.00791290
v 0.05161644 0.00000000 0.01009844
v 0.05160486 0.00000000 0.01021830
v 0.05159328 0.00000000 0.01033814
v 0.05155890 0.00000000 0.01045436
v 0.05152452 0.00000000 0.01057056
v 0.05146840 0.00000000 0.01067958
v 0.05009244 0.00000000 0.01147880
v 0.05107204 0.00000000 0.01115586
v 0.05085444 0.00000000 0.01129386
v 0.05096324 0.00000000 0.01122486
v 0.05022476 0.00000000 0.01146830
v 0.05035708 0.00000000 0.01145782
v 0.05048538 0.00000000 0.01142668
v 0.05061368 0.00000000 0.01139556
v 0.05073406 0.00000000 0.01134470
v 0.05141226 0.00000000 0.01078862
v 0.05133608 0.00000000 0.01088718
v 0.05125988 0.00000000 0.01098572
v 0.05116596 0.00000000 0.01107078
v 0.05161644 0.01008278 0.00216144
v 0.05161644 0.01056292 -0.00002410
v 0.05160486 0.01068798 -0.00002410
v 0.05159328 0.01081304 -0.00002410
v 0.05155890 0.01093430 -0.00002410
v 0.05152452 0.01105556 -0.00002410
v 0.05146840 0.01116934 -0.00002410
v 0.05009244 0.01200332 -0.00002410
v 0.05107204 0.01166632 -0.00002410
v 0.05085444 0.01181034 -0.00002410
v 0.05096324 0.01173834 -0.00002410
v 0.05022476 0.01199238 -0.00002410
v 0.05035708 0.01198144 -0.00002410
v 0.05048538 0.01194894 -0.00002410
v 0.05061368 0.01191646 -0.00002410
v 0.05073406 0.01186340 -0.00002410
v 0.05141226 0.01128312 -0.00002410
v 0.05133608 0.01138596 -0.00002410
v 0.05125988 0.01148878 -0.00002410
v 0.05116596 0.01157756 -0.00002410
v 0.05161644 0.00960266 0.00572734
v 0.07701642 0.00717562 0.00340150
v 0.07699454 0.00741886 0.00363460
v 0.07692952 0.00765512 0.00386100
v 0.07682320 0.00787760 0.00407422
v 0.07667866 0.00807992 0.00426810
v 0.07650006 0.00825626 0.00443708
v 0.07639954 0.00833308 0.00451070
v 0.07629250 0.00840156 0.00457634
v 0.07617970 0.00846124 0.00463352
v 0.07594012 0.00855246 0.00472094
v 0.07555890 0.00861464 0.00478052
v 0.07568770 0.00860414 0.00477046
v 0.07581508 0.00858336 0.00475056
v 0.07606196 0.00851166 0.00468182
v 0.06358768 0.00910864 0.00525394
v 0.05161644 0.01056292 0.01009846
v 0.05159328 0.01056292 0.01033814
v 0.05159328 0.01081304 0.01009846
v 0.05157048 0.01081304 0.01033450
v 0.05152452 0.01056292 0.01057056
v 0.05150276 0.01081304 0.01056338
v 0.05152452 0.01105556 0.01009846
v 0.05150276 0.01105556 0.01032370
v 0.05143816 0.01105556 0.01054208
v 0.05133266 0.01105556 0.01074700
v 0.05009244 0.01056292 0.01147880
v 0.05009244 0.01081304 0.01145782
v 0.05107204 0.01056292 0.01115586
v 0.05085444 0.01056292 0.01129386
v 0.05035708 0.01056292 0.01145782
v 0.05061368 0.01056292 0.01139556
v 0.05105716 0.01081304 0.01113980
v 0.05084286 0.01081304 0.01127570
v 0.05060576 0.01081304 0.01137584
v 0.05035306 0.01081304 0.01143718
v 0.05101296 0.01105556 0.01109210
v 0.05009244 0.01105556 0.01139556
v 0.05080848 0.01105556 0.01122178
v 0.05034112 0.01105556 0.01137584
v 0.05058224 0.01105556 0.01131732
v 0.05141226 0.01056292 0.01078862
v 0.05125988 0.01056292 0.01098572
v 0.05139220 0.01081304 0.01077814
v 0.05124216 0.01081304 0.01097224
v 0.05118948 0.01105556 0.01093222
v 0.05110348 0.01148878 0.01062716
v 0.05009244 0.01200332 0.01009846
v 0.05013838 0.01198144 0.01033450
v 0.05009244 0.01198144 0.01033814
v 0.05107204 0.01166632 0.01009846
v 0.05085444 0.01181034 0.01009846
v 0.05084286 0.01181034 0.01021830
v 0.05105716 0.01166632 0.01025252
v 0.05080848 0.01181034 0.01033450
v 0.05035708 0.01198144 0.01009846
v 0.05061368 0.01191644 0.01009846
v 0.05035306 0.01198144 0.01014008
v 0.05034112 0.01198144 0.01018042
v 0.05032162 0.01198144 0.01021830
v 0.05060576 0.01191644 0.01018042
v 0.05029516 0.01198144 0.01025252
v 0.05026254 0.01198144 0.01028208
v 0.05022476 0.01198144 0.01030604
v 0.05058224 0.01191644 0.01025992
v 0.05018294 0.01198144 0.01032370
v 0.05054384 0.01191644 0.01033450
v 0.05009244 0.01191644 0.01057056
v 0.05101296 0.01166632 0.01040192
v 0.05094080 0.01166632 0.01054208
v 0.05075234 0.01181034 0.01044354
v 0.05067616 0.01181034 0.01054208
v 0.05058224 0.01181034 0.01062716
v 0.05035306 0.01181034 0.01074700
v 0.05047342 0.01181034 0.01069616
v 0.05084286 0.01166632 0.01066878
v 0.05049172 0.01191644 0.01040192
v 0.05042748 0.01191644 0.01046010
v 0.05035306 0.01191644 0.01050732
v 0.05018294 0.01191644 0.01056338
v 0.05027070 0.01191644 0.01054208
v 0.05141226 0.01128312 0.01009846
v 0.05139220 0.01128312 0.01030604
v 0.05125988 0.01148878 0.01009846
v 0.05124216 0.01148878 0.01028208
v 0.05133266 0.01128312 0.01050732
v 0.05123544 0.01128312 0.01069616
v 0.05118948 0.01148878 0.01046010
v 0.05110348 0.01128312 0.01086686
v 0.05094080 0.01128312 0.01101420
v 0.05098676 0.01148878 0.01077814
v 0.05084286 0.01148878 0.01090848
v 0.05049172 0.01148878 0.01109210
v 0.05067616 0.01148878 0.01101420
v 0.05009244 0.01128312 0.01129386
v 0.05009244 0.01148878 0.01115586
v 0.05032162 0.01128312 0.01127570
v 0.05054384 0.01128312 0.01122178
v 0.05075234 0.01128312 0.01113372
v 0.05029516 0.01148878 0.01113980
v 0.05009244 0.01181034 0.01078862
v 0.05009244 0.01166632 0.01098572
v 0.05058224 0.01166632 0.01086686
v 0.05042748 0.01166632 0.01093222
v 0.05022476 0.01181034 0.01077814
v 0.05072210 0.01166632 0.01077814
v 0.05026254 0.01166632 0.01097224
f 3 4 16
f 1 5 3
f 2 6 5
f 1 3 16
f 1 2 5
f 9 10 43
f 8 11 12
f 8 13 7
f 11 42 12
f 9 43 42
f 8 12 13
f 9 42 11
f 19 14 55
f 11 16 15
f 1 16 8
f 1 7 2
f 1 8 7
f 8 16 11
f 17 15 4
f 4 15 16
f 17 18 15
f 9 11 15
f 18 9 15
f 18 10 9
f 18 19 10
f 17 14 18
f 18 14 19
f 5 6 22
f 5 22 20
f 6 21 22
f 32 20 26
f 22 21 27
f 22 27 26
f 21 28 27
f 20 22 26
f 3 20 23
f 3 23 4
f 4 23 35
f 3 5 20
f 32 23 20
f 32 24 23
f 24 35 23
f 27 29 26
f 32 26 33
f 27 28 30
f 33 26 29
f 27 30 29
f 28 31 30
f 32 25 24
f 32 33 25
f 17 35 34
f 24 36 35
f 35 36 34
f 17 34 14
f 14 82 55
f 14 34 82
f 34 36 38
f 34 38 82
f 17 4 35
f 24 37 36
f 24 25 37
f 36 39 38
f 36 37 39
f 12 42 45
f 13 12 47
f 42 43 46
f 43 44 46
f 43 40 44
f 12 45 47
f 42 46 45
f 10 40 43
f 10 41 40
f 41 50 40
f 41 51 50
f 40 50 48
f 48 50 49
f 49 50 52
f 45 63 47
f 40 48 44
f 44 48 66
f 46 64 45
f 46 44 62
f 45 64 63
f 51 52 50
f 51 53 52
f 19 55 54
f 54 55 57
f 51 54 56
f 51 56 53
f 54 57 56
f 56 57 79
f 19 41 10
f 19 54 41
f 41 54 51
f 49 52 60
f 52 68 60
f 60 68 61
f 76 61 68
f 48 49 67
f 48 67 66
f 49 65 67
f 49 60 65
f 44 66 62
f 46 62 64
f 60 71 65
f 60 61 71
f 67 75 66
f 62 66 75
f 63 64 75
f 64 62 75
f 53 68 52
f 53 58 68
f 58 76 68
f 69 70 73
f 76 69 61
f 76 77 69
f 77 70 69
f 61 72 71
f 61 69 72
f 69 73 72
f 67 65 75
f 65 71 75
f 71 72 75
f 72 73 75
f 73 70 74
f 73 74 75
f 76 59 77
f 58 59 76
f 53 56 78
f 53 78 58
f 56 79 78
f 78 79 81
f 58 78 80
f 58 80 59
f 78 81 80
f 55 83 57
f 55 82 83
f 38 84 82
f 82 84 83
f 57 83 86
f 83 84 88
f 38 85 84
f 38 39 85
f 84 89 88
f 84 85 89
f 57 86 79
f 79 86 87
f 86 88 90
f 83 88 86
f 79 87 81
f 86 90 87
f 88 89 91
f 88 91 90
f 2 98 6
f 7 13 103
f 2 7 106
f 6 107 21
f 21 111 28
f 28 115 31
f 13 47 118
f 47 63 122
f 63 75 126
f 2 93 98
f 2 95 94
f 2 94 93
f 6 98 96
f 6 96 97
f 6 97 92
f 7 100 106
f 7 99 100
f 7 103 101
f 7 101 99
f 13 104 103
f 13 105 104
f 13 102 105
f 2 106 95
f 6 92 107
f 21 107 108
f 21 108 109
f 21 109 110
f 21 110 111
f 28 111 112
f 28 113 114
f 28 112 113
f 28 114 115
f 31 115 116
f 31 116 117
f 13 118 102
f 47 119 118
f 47 120 119
f 47 121 120
f 47 122 121
f 63 123 122
f 63 124 123
f 63 125 124
f 63 126 125
f 75 127 126
f 75 128 127
f 31 117 130
f 75 129 128
f 75 131 129
f 33 29 177
f 29 30 179
f 30 31 180
f 33 183 25
f 25 184 37
f 37 186 39
f 39 188 85
f 85 190 89
f 89 192 91
f 91 194 174
f 31 130 195
f 77 718 70
f 70 720 74
f 74 721 75
f 77 59 724
f 59 80 725
f 80 81 727
f 81 87 729
f 87 90 731
f 90 91 733
f 91 174 734
f 75 132 131
f 94 95 133
f 93 94 133
f 96 98 134
f 96 135 97
f 92 97 135
f 93 136 98
f 99 137 100
f 99 101 137
f 103 104 139
f 101 103 138
f 104 105 140
f 102 140 105
f 95 106 141
f 100 142 106
f 92 143 107
f 107 144 108
f 108 145 109
f 109 145 110
f 110 146 111
f 111 147 112
f 113 148 114
f 112 148 113
f 114 149 115
f 115 150 116
f 116 151 117
f 102 118 152
f 118 119 153
f 119 120 154
f 120 121 154
f 121 122 155
f 122 123 156
f 123 124 157
f 124 125 157
f 125 126 158
f 126 127 159
f 127 128 160
f 92 135 143
f 93 133 136
f 95 141 133
f 98 136 134
f 96 134 135
f 100 137 142
f 101 138 137
f 102 152 140
f 103 139 138
f 104 140 139
f 106 142 141
f 107 143 144
f 108 144 145
f 110 145 146
f 111 146 147
f 112 147 148
f 114 148 149
f 115 149 150
f 116 150 151
f 118 153 152
f 119 154 153
f 121 155 154
f 122 156 155
f 123 157 156
f 125 158 157
f 126 159 158
f 127 160 159
f 117 151 130
f 128 129 161
f 129 131 161
f 128 161 160
f 135 204 143
f 133 205 136
f 133 141 207
f 134 136 208
f 134 209 135
f 137 213 142
f 137 138 214
f 140 152 215
f 138 139 216
f 139 140 218
f 141 142 220
f 143 223 144
f 144 224 145
f 145 226 146
f 146 228 147
f 147 229 148
f 148 231 149
f 149 233 150
f 150 234 151
f 152 153 236
f 153 154 238
f 154 155 240
f 155 156 241
f 156 157 243
f 157 158 245
f 158 159 246
f 159 160 248
f 160 161 252
f 151 196 130
f 151 250 196
f 131 162 161
f 161 162 252
f 162 163 253
f 163 164 255
f 164 165 257
f 165 166 259
f 166 167 261
f 167 168 263
f 168 169 266
f 169 170 268
f 170 171 270
f 171 172 272
f 25 183 175
f 25 175 184
f 29 179 176
f 33 177 182
f 29 176 177
f 30 178 179
f 30 180 178
f 31 181 180
f 33 182 183
f 37 185 186
f 37 184 185
f 39 186 187
f 39 187 188
f 85 188 189
f 85 189 190
f 89 190 191
f 89 191 192
f 91 192 193
f 31 195 181
f 91 193 194
f 174 369 173
f 174 194 370
f 130 196 195
f 196 372 195
f 75 722 132
f 59 716 724
f 59 725 716
f 70 717 720
f 77 723 718
f 70 718 717
f 74 720 719
f 74 719 721
f 75 721 722
f 77 724 723
f 80 727 726
f 80 726 725
f 81 728 727
f 81 729 728
f 87 730 729
f 87 731 730
f 90 732 731
f 90 733 732
f 91 734 733
f 132 197 131
f 174 735 734
f 174 742 735
f 132 722 197
f 131 197 162
f 162 201 163
f 172 198 356
f 198 199 358
f 199 200 360
f 162 197 737
f 162 738 201
f 163 877 164
f 164 876 165
f 165 875 166
f 166 881 167
f 167 882 168
f 168 882 169
f 169 883 170
f 170 883 171
f 171 885 172
f 172 885 198
f 198 740 199
f 199 740 200
f 162 737 738
f 163 201 878
f 200 741 203
f 174 173 915
f 174 915 742
f 200 202 366
f 200 203 202
f 133 207 206
f 133 206 205
f 136 211 208
f 134 208 209
f 135 209 210
f 135 210 204
f 136 205 211
f 137 212 213
f 137 214 212
f 138 216 217
f 138 217 214
f 139 218 216
f 140 219 218
f 140 215 219
f 142 221 220
f 141 220 207
f 142 213 221
f 143 204 222
f 143 222 223
f 144 223 224
f 145 224 225
f 145 225 226
f 146 226 228
f 147 228 227
f 147 227 229
f 148 230 231
f 148 229 230
f 149 231 232
f 149 232 233
f 150 233 234
f 151 234 235
f 152 236 215
f 153 237 236
f 153 238 237
f 154 239 238
f 154 240 239
f 155 241 240
f 156 242 241
f 156 243 242
f 157 244 243
f 157 245 244
f 158 246 245
f 159 247 246
f 159 248 247
f 160 249 248
f 151 235 250
f 160 251 249
f 160 252 251
f 205 274 211
f 206 207 274
f 205 206 274
f 208 275 209
f 208 211 275
f 209 276 210
f 204 210 276
f 213 277 221
f 212 277 213
f 214 217 277
f 212 214 277
f 216 278 217
f 216 218 278
f 218 219 279
f 215 279 219
f 207 220 280
f 220 221 280
f 222 281 223
f 204 276 222
f 223 281 224
f 224 282 225
f 225 282 226
f 226 283 228
f 227 228 283
f 227 284 229
f 230 284 231
f 229 284 230
f 231 284 232
f 232 285 233
f 233 285 234
f 234 286 235
f 215 236 287
f 236 237 287
f 237 238 288
f 238 239 288
f 239 240 288
f 240 241 289
f 241 242 289
f 242 243 290
f 243 244 290
f 244 245 290
f 245 246 291
f 246 247 291
f 247 248 292
f 248 249 292
f 207 280 274
f 209 275 276
f 211 274 275
f 217 278 277
f 218 279 278
f 221 277 280
f 222 276 281
f 224 281 282
f 226 282 283
f 227 283 284
f 232 284 285
f 234 285 286
f 215 287 279
f 237 288 287
f 240 289 288
f 242 290 289
f 245 291 290
f 247 292 291
f 235 286 250
f 249 342 292
f 250 286 354
f 162 253 252
f 163 254 253
f 163 255 254
f 164 256 255
f 164 257 256
f 165 258 257
f 165 259 258
f 166 260 259
f 166 261 260
f 167 262 261
f 167 263 262
f 168 264 263
f 168 265 264
f 168 266 265
f 169 267 266
f 169 268 267
f 170 269 268
f 170 270 269
f 171 271 270
f 171 272 271
f 172 273 272
f 249 251 342
f 251 252 342
f 252 253 342
f 253 254 342
f 254 255 343
f 256 257 341
f 255 256 343
f 257 258 341
f 258 259 344
f 259 260 344
f 260 261 345
f 261 262 345
f 262 263 346
f 263 264 346
f 264 265 347
f 265 266 348
f 266 267 348
f 267 268 349
f 268 269 349
f 269 270 350
f 270 271 350
f 271 272 351
f 272 273 351
f 254 343 342
f 256 341 343
f 258 344 341
f 260 345 344
f 262 346 345
f 264 347 346
f 265 348 347
f 267 349 348
f 269 350 349
f 271 351 350
f 274 280 296
f 275 298 276
f 274 300 275
f 277 278 306
f 278 279 307
f 277 310 280
f 276 311 281
f 281 313 282
f 282 315 283
f 283 316 284
f 284 321 285
f 285 323 286
f 279 287 304
f 287 288 326
f 288 289 329
f 289 290 331
f 290 291 334
f 291 292 336
f 274 294 300
f 274 296 295
f 274 295 294
f 275 297 298
f 275 300 297
f 276 298 299
f 276 299 293
f 277 302 310
f 277 301 302
f 277 306 303
f 277 303 301
f 278 305 306
f 278 307 305
f 279 308 307
f 279 304 308
f 280 309 296
f 280 310 309
f 281 311 312
f 276 293 311
f 281 312 313
f 282 313 314
f 282 314 315
f 283 315 317
f 283 317 316
f 284 316 318
f 284 319 320
f 284 318 319
f 284 320 321
f 285 321 322
f 285 322 323
f 286 323 324
f 287 325 304
f 287 326 325
f 288 327 326
f 288 328 327
f 288 329 328
f 289 330 329
f 289 331 330
f 290 332 331
f 290 333 332
f 290 334 333
f 291 335 334
f 291 336 335
f 292 337 336
f 292 338 337
f 286 324 340
f 292 339 338
f 292 352 339
f 286 340 354
f 342 352 292
f 342 365 352
f 250 353 196
f 250 354 353
f 196 353 551
f 353 354 551
f 340 355 354
f 354 355 552
f 172 356 273
f 198 357 356
f 198 358 357
f 199 359 358
f 199 360 359
f 200 361 360
f 273 356 362
f 356 357 362
f 357 358 363
f 358 359 363
f 359 360 364
f 360 361 364
f 273 362 351
f 357 363 362
f 359 364 363
f 200 366 361
f 361 367 364
f 343 927 342
f 343 341 1017
f 343 928 927
f 341 344 1016
f 344 345 1012
f 345 346 1011
f 346 347 1010
f 347 348 1008
f 349 350 1014
f 350 351 1015
f 351 362 930
f 348 349 1013
f 362 363 931
f 363 364 932
f 342 927 929
f 342 929 365
f 361 366 367
f 364 367 368
f 202 367 366
f 364 368 936
f 193 370 194
f 174 370 369
f 181 195 371
f 183 374 175
f 175 374 184
f 176 179 376
f 182 177 382
f 176 376 177
f 178 377 179
f 178 180 377
f 181 378 180
f 182 382 183
f 185 388 186
f 184 388 185
f 186 390 187
f 187 390 188
f 188 413 189
f 189 413 190
f 190 417 191
f 191 417 192
f 192 419 193
f 181 371 378
f 193 419 370
f 195 373 371
f 370 1089 369
f 196 551 372
f 195 372 373
f 177 376 382
f 179 377 376
f 180 378 377
f 183 382 374
f 184 374 388
f 186 388 390
f 188 390 413
f 190 413 417
f 192 417 419
f 371 373 378
f 376 377 379
f 382 376 383
f 377 378 380
f 383 376 379
f 377 380 379
f 378 381 380
f 382 375 374
f 382 383 375
f 379 384 387
f 380 381 386
f 381 385 386
f 380 384 379
f 380 386 384
f 384 386 394
f 386 385 396
f 385 397 396
f 383 379 387
f 383 393 375
f 383 387 393
f 384 395 387
f 384 394 395
f 387 395 401
f 386 396 394
f 374 389 388
f 374 375 389
f 388 391 390
f 388 389 391
f 375 393 392
f 375 392 389
f 393 400 392
f 389 392 415
f 389 415 391
f 392 423 415
f 392 400 423
f 393 387 401
f 393 401 400
f 394 402 395
f 396 397 398
f 394 396 403
f 396 398 403
f 397 399 398
f 394 403 402
f 401 395 404
f 404 395 402
f 403 408 402
f 398 410 403
f 398 399 407
f 399 406 407
f 398 407 410
f 403 410 408
f 401 404 405
f 401 405 400
f 404 402 409
f 402 408 409
f 404 427 405
f 404 409 427
f 407 429 410
f 407 406 411
f 406 412 411
f 408 410 430
f 407 411 429
f 410 429 430
f 390 414 413
f 390 391 414
f 413 418 417
f 413 414 418
f 391 415 416
f 391 416 414
f 415 425 416
f 415 423 425
f 414 421 418
f 414 416 421
f 416 425 441
f 417 418 420
f 417 420 419
f 418 421 422
f 416 441 421
f 421 441 443
f 418 422 420
f 421 443 422
f 400 424 423
f 400 405 424
f 423 424 426
f 423 426 425
f 425 426 442
f 424 433 426
f 405 431 424
f 405 427 431
f 424 431 433
f 408 428 409
f 408 430 428
f 409 432 427
f 409 428 432
f 411 437 429
f 412 436 411
f 429 435 430
f 430 439 428
f 429 437 435
f 411 436 437
f 412 438 436
f 427 434 431
f 427 432 434
f 431 447 433
f 431 434 447
f 428 440 432
f 432 448 434
f 432 440 448
f 430 435 439
f 428 439 440
f 437 454 435
f 435 455 439
f 437 436 450
f 438 451 436
f 436 451 450
f 438 452 451
f 425 442 441
f 441 442 444
f 426 433 445
f 426 445 442
f 441 444 443
f 442 445 446
f 442 446 444
f 433 447 456
f 433 456 445
f 434 449 447
f 434 448 449
f 456 447 458
f 447 449 458
f 439 453 440
f 435 454 455
f 440 460 448
f 439 455 453
f 437 450 454
f 440 453 460
f 448 461 449
f 448 460 461
f 455 454 464
f 450 464 454
f 451 464 450
f 451 452 464
f 445 457 446
f 445 456 457
f 456 459 457
f 456 458 459
f 458 463 459
f 449 462 458
f 449 461 462
f 458 462 463
f 455 464 453
f 453 464 460
f 460 464 461
f 461 464 462
f 462 464 463
f 378 467 381
f 381 471 385
f 385 475 397
f 397 479 399
f 399 483 406
f 406 487 412
f 412 491 438
f 438 495 452
f 452 499 464
f 378 373 465
f 378 465 466
f 378 466 467
f 381 467 468
f 381 468 469
f 381 469 470
f 381 470 471
f 385 471 472
f 385 472 473
f 385 473 474
f 385 474 475
f 397 475 476
f 397 476 477
f 397 477 478
f 397 478 479
f 399 479 480
f 399 480 481
f 399 481 482
f 399 482 483
f 406 483 484
f 406 484 485
f 406 485 486
f 406 486 487
f 412 487 488
f 412 488 489
f 412 489 490
f 412 490 491
f 438 491 492
f 438 493 494
f 438 492 493
f 438 494 495
f 452 495 496
f 452 496 497
f 452 497 498
f 452 498 499
f 464 499 500
f 464 500 501
f 464 501 502
f 464 502 503
f 370 419 536
f 419 420 1091
f 420 422 1093
f 422 443 1095
f 443 444 1097
f 444 446 1099
f 446 457 1101
f 457 459 1103
f 459 463 1105
f 463 464 1107
f 464 503 535
f 372 504 373
f 372 553 504
f 373 504 465
f 465 504 466
f 466 505 467
f 467 506 468
f 468 507 469
f 469 507 470
f 470 508 471
f 471 509 472
f 472 510 473
f 473 510 474
f 474 511 475
f 475 512 476
f 476 513 477
f 477 513 478
f 478 514 479
f 479 515 480
f 480 516 481
f 481 516 482
f 482 517 483
f 483 518 484
f 484 519 485
f 485 519 486
f 486 520 487
f 487 521 488
f 488 522 489
f 489 522 490
f 490 523 491
f 491 524 492
f 493 525 494
f 492 525 493
f 494 526 495
f 495 527 496
f 496 528 497
f 497 528 498
f 498 529 499
f 499 530 500
f 500 531 501
f 466 504 505
f 467 505 506
f 468 506 507
f 470 507 508
f 471 508 509
f 472 509 510
f 474 510 511
f 475 511 512
f 476 512 513
f 478 513 514
f 479 514 515
f 480 515 516
f 482 516 517
f 483 517 518
f 484 518 519
f 486 519 520
f 487 520 521
f 488 521 522
f 490 522 523
f 491 523 524
f 492 524 525
f 494 525 526
f 495 526 527
f 496 527 528
f 498 528 529
f 499 529 530
f 500 530 531
f 501 532 502
f 501 531 532
f 504 555 505
f 505 556 506
f 506 558 507
f 507 560 508
f 508 561 509
f 509 563 510
f 510 565 511
f 511 566 512
f 512 568 513
f 513 570 514
f 514 571 515
f 515 573 516
f 516 575 517
f 517 577 518
f 518 578 519
f 519 580 520
f 520 582 521
f 521 583 522
f 522 585 523
f 523 586 524
f 524 588 525
f 525 590 526
f 526 591 527
f 527 593 528
f 528 595 529
f 529 596 530
f 530 598 531
f 502 532 503
f 503 532 533
f 531 601 532
f 532 601 533
f 533 603 534
f 534 605 538
f 202 203 537
f 370 536 1089
f 464 535 1108
f 419 1090 536
f 419 1091 1090
f 420 1092 1091
f 420 1093 1092
f 422 1094 1093
f 422 1095 1094
f 443 1096 1095
f 443 1097 1096
f 444 1098 1097
f 444 1099 1098
f 446 1100 1099
f 446 1101 1100
f 457 1102 1101
f 457 1103 1102
f 459 1104 1103
f 459 1105 1104
f 463 1106 1105
f 463 1107 1106
f 464 1108 1107
f 535 503 1109
f 535 1109 1108
f 503 533 550
f 538 678 539
f 203 1110 537
f 503 550 1109
f 537 1110 543
f 543 1111 545
f 545 1113 544
f 546 1114 547
f 547 1116 548
f 548 1116 549
f 544 1114 546
f 533 534 1279
f 534 538 1280
f 538 539 1122
f 540 549 1118
f 540 1119 541
f 541 1120 542
f 539 542 1121
f 533 1279 550
f 372 551 553
f 551 354 553
f 354 552 606
f 553 354 607
f 504 553 554
f 504 554 555
f 505 555 556
f 506 556 557
f 506 557 558
f 507 558 559
f 507 559 560
f 508 560 561
f 509 561 562
f 509 562 563
f 510 563 564
f 510 564 565
f 511 565 566
f 512 566 567
f 512 567 568
f 513 568 569
f 513 569 570
f 514 570 571
f 515 571 572
f 515 572 573
f 516 573 574
f 516 574 575
f 517 575 576
f 517 576 577
f 518 577 578
f 519 578 579
f 519 579 580
f 520 580 581
f 520 581 582
f 521 582 583
f 522 583 584
f 522 584 585
f 523 585 586
f 524 586 587
f 524 587 588
f 525 589 590
f 525 588 589
f 526 590 591
f 527 591 592
f 527 592 593
f 528 593 594
f 528 594 595
f 529 595 596
f 530 596 597
f 530 597 598
f 531 598 599
f 531 599 600
f 553 607 554
f 554 607 555
f 555 608 556
f 556 608 557
f 557 609 558
f 558 609 559
f 559 609 560
f 560 610 561
f 561 610 562
f 562 611 563
f 563 611 564
f 564 611 565
f 565 612 566
f 566 612 567
f 567 613 568
f 568 613 569
f 569 613 570
f 570 614 571
f 571 614 572
f 572 615 573
f 573 615 574
f 574 615 575
f 575 615 576
f 576 616 577
f 577 616 578
f 578 617 579
f 579 617 580
f 580 617 581
f 581 618 582
f 582 618 583
f 583 619 584
f 584 619 585
f 585 620 586
f 586 620 587
f 587 621 588
f 589 621 590
f 588 621 589
f 590 622 591
f 591 622 592
f 592 623 593
f 593 623 594
f 594 623 595
f 595 624 596
f 596 624 597
f 597 625 598
f 598 625 599
f 555 607 608
f 557 608 609
f 560 609 610
f 562 610 611
f 565 611 612
f 567 612 613
f 570 613 614
f 572 614 615
f 576 615 616
f 578 616 617
f 581 617 618
f 583 618 619
f 585 619 620
f 587 620 621
f 590 621 622
f 592 622 623
f 595 623 624
f 597 624 625
f 599 625 673
f 531 600 601
f 533 601 602
f 533 602 603
f 534 603 604
f 534 604 605
f 605 677 538
f 599 673 600
f 600 673 601
f 601 673 602
f 602 674 603
f 603 674 604
f 604 708 605
f 605 708 677
f 602 673 674
f 604 674 708
f 354 606 607
f 607 627 608
f 608 629 609
f 609 632 610
f 610 634 611
f 611 637 612
f 612 639 613
f 613 642 614
f 614 644 615
f 615 648 616
f 616 650 617
f 617 653 618
f 618 655 619
f 619 657 620
f 620 659 621
f 621 662 622
f 622 664 623
f 623 667 624
f 624 669 625
f 606 626 607
f 607 626 627
f 608 627 628
f 608 628 629
f 609 629 630
f 609 630 631
f 609 631 632
f 610 632 633
f 610 633 634
f 611 634 635
f 611 635 636
f 611 636 637
f 612 637 638
f 612 638 639
f 613 639 640
f 613 640 641
f 613 641 642
f 614 642 643
f 614 643 644
f 615 644 645
f 615 645 646
f 615 646 647
f 615 647 648
f 616 648 649
f 616 649 650
f 617 650 651
f 617 651 652
f 617 652 653
f 618 653 654
f 618 654 655
f 619 655 656
f 619 656 657
f 620 657 658
f 620 658 659
f 621 659 660
f 621 661 662
f 621 660 661
f 622 662 663
f 622 663 664
f 623 664 665
f 623 665 666
f 623 666 667
f 624 667 668
f 624 668 669
f 625 669 670
f 625 670 671
f 625 671 672
f 625 672 675
f 673 625 675
f 673 675 714
f 202 537 367
f 367 701 368
f 368 701 936
f 367 537 676
f 367 676 701
f 539 679 542
f 540 541 683
f 541 542 685
f 538 677 678
f 539 678 680
f 539 680 679
f 541 685 682
f 540 681 700
f 540 683 681
f 541 682 683
f 542 684 685
f 542 679 684
f 537 543 686
f 543 545 688
f 545 544 691
f 544 546 692
f 546 547 696
f 548 549 699
f 547 548 697
f 537 686 676
f 543 687 686
f 543 688 687
f 545 689 688
f 545 690 689
f 545 691 690
f 544 698 691
f 546 696 693
f 546 693 692
f 548 694 697
f 548 699 694
f 547 695 696
f 547 697 695
f 544 692 698
f 540 700 549
f 549 700 699
f 677 709 678
f 678 709 680
f 679 680 712
f 682 685 711
f 681 683 710
f 682 710 683
f 679 712 684
f 684 711 685
f 676 686 701
f 686 687 702
f 687 688 702
f 688 689 702
f 689 690 703
f 690 691 704
f 691 698 704
f 692 705 698
f 692 693 705
f 693 696 706
f 694 707 697
f 695 706 696
f 695 697 707
f 699 700 713
f 681 713 700
f 694 699 713
f 677 708 709
f 680 709 712
f 682 711 710
f 684 712 711
f 686 702 701
f 689 703 702
f 690 704 703
f 693 706 705
f 694 713 707
f 695 707 706
f 698 705 704
f 681 710 713
f 701 702 1336
f 702 703 1336
f 703 704 1338
f 704 705 1338
f 705 706 1340
f 706 707 1340
f 673 714 715
f 707 713 1343
f 674 1348 708
f 709 1346 712
f 708 1347 709
f 673 1405 674
f 710 711 1344
f 710 1344 713
f 711 712 1345
f 673 715 1406
f 714 1342 715
f 197 722 736
f 724 716 745
f 716 725 745
f 717 747 720
f 723 750 718
f 717 718 747
f 719 720 748
f 719 748 721
f 721 749 722
f 723 724 750
f 726 727 755
f 725 726 755
f 727 728 756
f 728 729 756
f 729 730 765
f 730 731 765
f 731 732 767
f 732 733 767
f 733 734 768
f 734 735 768
f 722 749 736
f 197 736 744
f 735 742 917
f 164 877 876
f 165 876 875
f 201 738 878
f 163 878 877
f 169 880 883
f 166 875 881
f 167 881 882
f 169 882 880
f 171 883 884
f 171 884 885
f 198 885 739
f 198 739 740
f 200 740 741
f 197 744 737
f 737 879 738
f 738 879 878
f 739 885 952
f 739 923 740
f 740 924 741
f 203 741 743
f 741 935 743
f 718 750 747
f 720 747 748
f 721 748 749
f 724 745 750
f 725 755 745
f 727 756 755
f 729 765 756
f 731 767 765
f 733 768 767
f 736 749 744
f 735 917 768
f 750 751 747
f 747 752 748
f 748 753 749
f 750 745 754
f 747 751 752
f 750 754 751
f 748 752 753
f 745 746 754
f 745 755 746
f 755 756 757
f 746 755 757
f 756 758 757
f 754 759 751
f 752 751 761
f 752 760 753
f 752 761 760
f 751 759 761
f 754 746 762
f 754 762 759
f 746 764 762
f 759 777 761
f 761 778 760
f 761 777 778
f 759 762 775
f 764 776 762
f 762 776 775
f 759 775 777
f 746 757 764
f 757 763 764
f 757 758 763
f 758 771 763
f 764 763 782
f 763 771 781
f 763 781 782
f 771 794 781
f 764 782 776
f 756 765 758
f 765 767 766
f 758 765 766
f 766 767 769
f 767 768 769
f 768 770 769
f 758 766 771
f 766 772 771
f 766 769 772
f 771 772 794
f 772 795 794
f 772 773 795
f 769 770 773
f 769 773 772
f 770 774 773
f 773 774 798
f 773 798 795
f 774 799 798
f 775 776 784
f 775 779 777
f 777 780 778
f 775 784 779
f 777 779 780
f 781 794 786
f 782 783 776
f 776 783 784
f 782 785 783
f 782 781 785
f 781 786 785
f 784 783 791
f 779 784 788
f 779 787 780
f 779 788 787
f 784 791 788
f 785 789 783
f 783 789 791
f 785 790 789
f 785 786 790
f 789 790 805
f 788 791 792
f 788 793 787
f 789 804 791
f 791 804 792
f 789 805 804
f 788 792 793
f 786 794 796
f 794 795 796
f 795 797 796
f 795 798 797
f 796 797 806
f 797 807 806
f 786 796 802
f 786 802 790
f 796 806 802
f 797 798 800
f 798 799 800
f 799 801 800
f 797 800 807
f 800 816 807
f 800 801 816
f 801 817 816
f 790 802 803
f 802 806 808
f 790 803 805
f 802 808 803
f 806 807 809
f 806 809 808
f 792 804 811
f 793 792 813
f 804 805 812
f 805 803 810
f 805 810 812
f 792 811 813
f 804 812 811
f 803 808 814
f 808 809 815
f 808 815 814
f 803 814 810
f 813 811 825
f 810 814 827
f 812 824 811
f 812 810 823
f 811 824 825
f 807 816 818
f 807 818 809
f 816 819 818
f 816 817 819
f 817 820 819
f 809 818 821
f 809 821 815
f 819 822 818
f 818 822 821
f 814 815 828
f 815 821 826
f 814 828 827
f 815 826 828
f 810 827 823
f 812 823 824
f 821 822 831
f 821 831 826
f 828 835 827
f 823 827 835
f 824 835 825
f 824 823 835
f 819 820 829
f 819 829 822
f 820 830 829
f 829 830 833
f 822 829 832
f 822 832 831
f 829 833 832
f 828 826 835
f 826 831 835
f 831 832 835
f 832 833 835
f 833 830 834
f 833 834 835
f 749 753 839
f 753 760 843
f 760 778 847
f 778 780 851
f 780 787 855
f 787 793 859
f 793 813 863
f 813 825 867
f 825 835 871
f 749 836 744
f 749 837 836
f 749 838 837
f 749 839 838
f 753 840 839
f 753 841 840
f 753 842 841
f 753 843 842
f 760 844 843
f 760 845 844
f 760 846 845
f 760 847 846
f 778 848 847
f 778 849 848
f 778 850 849
f 778 851 850
f 780 852 851
f 780 853 852
f 780 854 853
f 780 855 854
f 787 856 855
f 787 857 856
f 787 858 857
f 787 859 858
f 793 860 859
f 793 861 860
f 793 862 861
f 793 863 862
f 813 864 863
f 813 865 864
f 813 866 865
f 813 867 866
f 825 868 867
f 825 869 868
f 825 870 869
f 825 871 870
f 835 872 871
f 835 873 872
f 835 874 873
f 768 1125 770
f 770 1127 774
f 774 1129 799
f 799 1131 801
f 801 1133 817
f 817 1135 820
f 820 1137 830
f 830 1139 834
f 834 1141 835
f 835 919 874
f 737 744 879
f 744 886 879
f 880 939 883
f 881 941 882
f 880 882 943
f 875 876 946
f 881 875 947
f 883 948 884
f 884 949 885
f 876 877 953
f 878 955 877
f 878 879 957
f 879 886 959
f 744 836 886
f 886 836 837
f 886 837 887
f 837 838 887
f 838 839 888
f 839 840 889
f 840 841 890
f 841 842 890
f 842 843 891
f 843 844 892
f 844 845 893
f 845 846 893
f 846 847 894
f 847 848 895
f 848 849 896
f 849 850 896
f 850 851 897
f 851 852 898
f 852 853 899
f 853 854 899
f 854 855 900
f 855 856 901
f 856 857 902
f 857 858 902
f 858 859 903
f 859 860 904
f 860 861 905
f 861 862 905
f 862 863 906
f 863 864 907
f 864 865 908
f 865 866 908
f 866 867 909
f 867 868 910
f 868 869 911
f 869 870 911
f 870 871 912
f 871 872 913
f 872 873 914
f 838 888 887
f 839 889 888
f 840 890 889
f 842 891 890
f 843 892 891
f 844 893 892
f 846 894 893
f 847 895 894
f 848 896 895
f 850 897 896
f 851 898 897
f 852 899 898
f 854 900 899
f 855 901 900
f 856 902 901
f 858 903 902
f 859 904 903
f 860 905 904
f 862 906 905
f 863 907 906
f 864 908 907
f 866 909 908
f 867 910 909
f 868 911 910
f 870 912 911
f 871 913 912
f 872 914 913
f 873 874 914
f 886 887 959
f 887 888 962
f 888 889 963
f 889 890 965
f 890 891 967
f 891 892 969
f 892 893 970
f 893 894 972
f 894 895 973
f 895 896 975
f 896 897 977
f 897 898 979
f 898 899 980
f 899 900 982
f 900 901 984
f 901 902 985
f 902 903 987
f 903 904 988
f 904 905 990
f 905 906 992
f 906 907 994
f 907 908 995
f 908 909 997
f 909 910 998
f 910 911 1000
f 911 912 1002
f 912 913 1004
f 913 914 1005
f 914 874 920
f 914 920 1007
f 742 915 917
f 917 915 916
f 917 916 918
f 768 917 1124
f 768 1124 1125
f 770 1125 1126
f 770 1126 1127
f 774 1127 1128
f 774 1128 1129
f 799 1129 1130
f 799 1130 1131
f 801 1131 1132
f 801 1132 1133
f 817 1133 1134
f 817 1134 1135
f 820 1135 1136
f 820 1136 1137
f 830 1137 1138
f 830 1138 1139
f 834 1139 1140
f 834 1140 1141
f 835 1141 1142
f 835 1142 919
f 917 918 1144
f 917 1123 1124
f 874 919 920
f 920 919 1146
f 739 952 921
f 739 921 922
f 739 922 923
f 740 923 924
f 741 924 925
f 741 925 926
f 921 952 1015
f 921 930 922
f 922 931 923
f 924 931 925
f 923 931 924
f 925 932 926
f 921 1015 930
f 922 930 931
f 925 931 932
f 741 926 935
f 926 932 934
f 343 1017 928
f 345 1011 1012
f 347 1008 1010
f 348 1013 1008
f 346 1010 1009
f 346 1009 1011
f 349 1014 1013
f 350 1015 1014
f 351 930 1015
f 362 931 930
f 363 932 931
f 344 1012 1016
f 341 1016 1017
f 928 1018 927
f 365 929 933
f 364 936 932
f 927 1018 929
f 928 1017 1018
f 1018 933 929
f 926 934 935
f 932 937 934
f 934 937 935
f 932 936 937
f 880 943 938
f 880 940 939
f 880 938 940
f 881 947 942
f 881 942 941
f 882 941 943
f 876 953 945
f 875 944 947
f 875 946 944
f 876 945 946
f 884 948 950
f 884 950 949
f 883 939 948
f 885 949 951
f 885 951 952
f 877 954 953
f 877 955 954
f 878 956 955
f 878 957 956
f 879 958 957
f 879 959 958
f 939 940 1013
f 938 1008 940
f 941 942 1010
f 942 947 1009
f 938 943 1010
f 941 1010 943
f 944 946 1011
f 945 953 1012
f 945 1011 946
f 944 1009 947
f 948 1013 950
f 949 1014 951
f 949 950 1014
f 939 1013 948
f 951 1015 952
f 953 954 1012
f 954 955 1016
f 955 956 1016
f 956 957 1017
f 957 958 1017
f 938 1010 1008
f 940 1008 1013
f 942 1009 1010
f 945 1012 1011
f 944 1011 1009
f 950 1013 1014
f 951 1014 1015
f 954 1016 1012
f 956 1017 1016
f 958 1018 1017
f 958 959 1018
f 959 960 1018
f 960 961 1018
f 887 960 959
f 887 961 960
f 887 962 961
f 888 963 962
f 889 964 963
f 889 965 964
f 890 966 965
f 890 967 966
f 891 968 967
f 891 969 968
f 892 970 969
f 893 971 970
f 893 972 971
f 894 973 972
f 895 974 973
f 895 975 974
f 896 976 975
f 896 977 976
f 897 978 977
f 897 979 978
f 898 980 979
f 899 981 980
f 899 982 981
f 900 983 982
f 900 984 983
f 901 985 984
f 902 986 985
f 902 987 986
f 903 988 987
f 904 989 988
f 904 990 989
f 905 991 990
f 905 992 991
f 906 993 992
f 906 994 993
f 907 995 994
f 908 996 995
f 908 997 996
f 909 998 997
f 910 999 998
f 910 1000 999
f 911 1001 1000
f 911 1002 1001
f 912 1003 1002
f 912 1004 1003
f 913 1005 1004
f 914 1006 1005
f 914 1007 1006
f 1018 961 1020
f 961 962 1020
f 962 963 1021
f 963 964 1021
f 964 965 1022
f 965 966 1022
f 966 967 1022
f 967 968 1022
f 968 969 1023
f 969 970 1023
f 970 971 1024
f 971 972 1024
f 972 973 1025
f 973 974 1025
f 974 975 1026
f 975 976 1026
f 976 977 1026
f 977 978 1026
f 978 979 1027
f 979 980 1027
f 980 981 1028
f 981 982 1028
f 982 983 1028
f 983 984 1029
f 984 985 1029
f 985 986 1030
f 986 987 1030
f 987 988 1031
f 988 989 1031
f 989 990 1032
f 990 991 1032
f 991 992 1032
f 992 993 1032
f 993 994 1033
f 994 995 1033
f 995 996 1034
f 996 997 1034
f 997 998 1035
f 998 999 1035
f 999 1000 1036
f 1000 1001 1036
f 1001 1002 1036
f 1002 1003 1036
f 1003 1004 1037
f 1004 1005 1037
f 1005 1006 1038
f 962 1021 1020
f 964 1022 1021
f 968 1023 1022
f 970 1024 1023
f 972 1025 1024
f 974 1026 1025
f 978 1027 1026
f 980 1028 1027
f 983 1029 1028
f 985 1030 1029
f 987 1031 1030
f 989 1032 1031
f 993 1033 1032
f 995 1034 1033
f 997 1035 1034
f 999 1036 1035
f 1003 1037 1036
f 1005 1038 1037
f 1006 1007 1038
f 1007 1350 1038
f 1018 1020 1019
f 1018 1019 933
f 1020 1021 1041
f 1021 1022 1043
f 1022 1023 1047
f 1023 1024 1049
f 1024 1025 1051
f 1025 1026 1053
f 1026 1027 1057
f 1027 1028 1059
f 1028 1029 1062
f 1029 1030 1064
f 1030 1031 1066
f 1031 1032 1068
f 1032 1033 1072
f 1033 1034 1074
f 1034 1035 1076
f 1035 1036 1078
f 1036 1037 1082
f 1037 1038 1084
f 1019 1020 1039
f 1020 1040 1039
f 1020 1041 1040
f 1021 1042 1041
f 1021 1043 1042
f 1022 1044 1043
f 1022 1045 1044
f 1022 1046 1045
f 1022 1047 1046
f 1023 1048 1047
f 1023 1049 1048
f 1024 1050 1049
f 1024 1051 1050
f 1025 1052 1051
f 1025 1053 1052
f 1026 1054 1053
f 1026 1055 1054
f 1026 1056 1055
f 1026 1057 1056
f 1027 1058 1057
f 1027 1059 1058
f 1028 1060 1059
f 1028 1061 1060
f 1028 1062 1061
f 1029 1063 1062
f 1029 1064 1063
f 1030 1065 1064
f 1030 1066 1065
f 1031 1067 1066
f 1031 1068 1067
f 1032 1069 1068
f 1032 1070 1069
f 1032 1071 1070
f 1032 1072 1071
f 1033 1073 1072
f 1033 1074 1073
f 1034 1075 1074
f 1034 1076 1075
f 1035 1077 1076
f 1035 1078 1077
f 1036 1079 1078
f 1036 1080 1079
f 1036 1081 1080
f 1036 1082 1081
f 1037 1083 1082
f 1037 1084 1083
f 1038 1085 1084
f 1038 1086 1085
f 1038 1350 1086
f 1007 920 1087
f 1007 1087 1350
f 920 1349 1087
f 1086 1350 1088
f 1089 1144 369
f 1144 1143 369
f 203 743 1110
f 1108 1109 1147
f 536 1144 1089
f 536 1090 1144
f 1090 1091 1150
f 1091 1092 1151
f 1092 1093 1151
f 1093 1094 1154
f 1094 1095 1154
f 1095 1096 1160
f 1096 1097 1160
f 1097 1098 1161
f 1098 1099 1161
f 1099 1100 1164
f 1100 1101 1164
f 1101 1102 1166
f 1102 1103 1166
f 1103 1104 1167
f 1104 1105 1167
f 1105 1106 1168
f 1106 1107 1168
f 1108 1169 1107
f 1108 1147 1169
f 1147 1109 1148
f 550 1279 1109
f 543 1110 1111
f 544 1113 1112
f 545 1111 1113
f 544 1112 1114
f 547 1114 1115
f 547 1115 1116
f 549 1116 1117
f 549 1117 1118
f 540 1118 1119
f 541 1119 1120
f 542 1120 1121
f 539 1121 1122
f 534 1280 1279
f 538 1122 1280
f 1109 1279 1148
f 1121 1334 1122
f 917 1144 1123
f 1144 918 1143
f 919 1142 1145
f 1123 1150 1124
f 1124 1150 1125
f 1125 1152 1126
f 1126 1152 1127
f 1127 1156 1128
f 1128 1156 1129
f 1129 1180 1130
f 1130 1180 1131
f 1131 1182 1132
f 1132 1182 1133
f 1133 1188 1134
f 1134 1188 1135
f 1135 1190 1136
f 1136 1190 1137
f 1137 1193 1138
f 1138 1193 1139
f 1139 1195 1140
f 1140 1195 1141
f 1141 1196 1142
f 1142 1196 1145
f 919 1145 1149
f 920 1146 1349
f 919 1149 1146
f 1090 1150 1144
f 1091 1151 1150
f 1093 1154 1151
f 1095 1160 1154
f 1097 1161 1160
f 1099 1164 1161
f 1101 1166 1164
f 1103 1167 1166
f 1105 1168 1167
f 1107 1169 1168
f 1147 1148 1169
f 1123 1144 1150
f 1125 1150 1152
f 1127 1152 1156
f 1129 1156 1180
f 1131 1180 1182
f 1133 1182 1188
f 1135 1188 1190
f 1137 1190 1193
f 1139 1193 1195
f 1141 1195 1196
f 1145 1196 1149
f 1150 1151 1152
f 1151 1153 1152
f 1151 1154 1153
f 1154 1160 1155
f 1153 1154 1155
f 1155 1160 1162
f 1152 1153 1156
f 1153 1157 1156
f 1156 1157 1180
f 1157 1158 1181
f 1157 1181 1180
f 1153 1155 1157
f 1155 1158 1157
f 1155 1162 1158
f 1158 1162 1159
f 1158 1184 1181
f 1158 1159 1184
f 1159 1185 1184
f 1160 1161 1162
f 1161 1164 1163
f 1161 1163 1162
f 1163 1164 1165
f 1164 1166 1165
f 1166 1167 1170
f 1167 1168 1171
f 1168 1169 1172
f 1166 1170 1165
f 1170 1167 1171
f 1168 1172 1171
f 1169 1173 1172
f 1159 1162 1163
f 1159 1163 1174
f 1163 1165 1174
f 1165 1175 1174
f 1159 1174 1185
f 1174 1222 1185
f 1174 1175 1222
f 1175 1176 1223
f 1175 1223 1222
f 1165 1170 1175
f 1170 1171 1176
f 1170 1176 1175
f 1171 1177 1176
f 1171 1172 1177
f 1172 1173 1178
f 1172 1178 1177
f 1173 1179 1178
f 1176 1177 1228
f 1176 1228 1223
f 1177 1229 1228
f 1178 1230 1229
f 1177 1178 1229
f 1178 1179 1230
f 1179 1231 1230
f 1180 1181 1182
f 1181 1183 1182
f 1181 1184 1183
f 1182 1183 1188
f 1183 1189 1188
f 1183 1186 1189
f 1186 1208 1189
f 1183 1184 1186
f 1184 1185 1186
f 1185 1187 1186
f 1185 1222 1187
f 1187 1222 1224
f 1186 1187 1208
f 1187 1209 1208
f 1187 1224 1209
f 1209 1224 1212
f 1188 1189 1190
f 1190 1189 1191
f 1191 1189 1208
f 1191 1208 1192
f 1190 1191 1193
f 1191 1194 1193
f 1193 1194 1195
f 1195 1197 1196
f 1194 1200 1197
f 1195 1194 1197
f 1197 1200 1198
f 1197 1198 1196
f 1198 1199 1196
f 1199 1202 1196
f 1196 1202 1203
f 1191 1192 1194
f 1192 1200 1194
f 1192 1210 1200
f 1200 1210 1201
f 1198 1200 1201
f 1198 1201 1199
f 1199 1216 1202
f 1196 1203 1204
f 1196 1204 1205
f 1196 1205 1206
f 1196 1206 1207
f 1199 1201 1216
f 1202 1216 1217
f 1202 1217 1203
f 1203 1218 1204
f 1204 1219 1205
f 1208 1209 1192
f 1209 1212 1210
f 1209 1210 1192
f 1212 1211 1210
f 1212 1234 1211
f 1213 1234 1235
f 1211 1234 1213
f 1213 1235 1214
f 1201 1210 1211
f 1201 1211 1216
f 1211 1213 1216
f 1213 1217 1216
f 1214 1218 1217
f 1203 1217 1218
f 1204 1218 1219
f 1205 1219 1220
f 1206 1220 1221
f 1205 1220 1206
f 1206 1221 1207
f 1213 1214 1217
f 1214 1215 1218
f 1215 1219 1218
f 1219 1237 1220
f 1221 1220 1238
f 1215 1237 1219
f 1220 1237 1238
f 1222 1223 1224
f 1223 1225 1224
f 1223 1228 1225
f 1225 1228 1226
f 1226 1229 1227
f 1212 1224 1225
f 1212 1225 1234
f 1225 1226 1234
f 1226 1235 1234
f 1226 1227 1235
f 1227 1236 1235
f 1232 1239 1236
f 1227 1232 1236
f 1232 1233 1239
f 1233 1240 1239
f 1226 1228 1229
f 1227 1229 1230
f 1227 1230 1232
f 1231 1233 1232
f 1230 1231 1232
f 1214 1235 1236
f 1215 1236 1239
f 1237 1239 1240
f 1214 1236 1215
f 1215 1239 1237
f 1237 1240 1238
f 1169 1244 1173
f 1173 1248 1179
f 1179 1252 1231
f 1196 1207 1255
f 1207 1221 1259
f 1221 1238 1263
f 1233 1264 1240
f 1231 1267 1233
f 1238 1240 1272
f 1169 1148 1241
f 1169 1241 1242
f 1196 1253 1149
f 1169 1242 1243
f 1169 1243 1244
f 1173 1244 1245
f 1173 1245 1246
f 1173 1246 1247
f 1173 1247 1248
f 1179 1248 1249
f 1179 1249 1250
f 1179 1250 1251
f 1179 1251 1252
f 1231 1252 1268
f 1196 1254 1253
f 1196 1255 1254
f 1207 1256 1255
f 1207 1258 1257
f 1207 1257 1256
f 1207 1259 1258
f 1221 1260 1259
f 1221 1261 1260
f 1221 1262 1261
f 1221 1263 1262
f 1238 1278 1263
f 1240 1264 1275
f 1231 1268 1265
f 1231 1265 1266
f 1231 1266 1267
f 1233 1267 1269
f 1233 1269 1271
f 1233 1271 1270
f 1233 1270 1264
f 1238 1273 1278
f 1238 1274 1273
f 1238 1272 1274
f 1240 1276 1277
f 1240 1275 1276
f 1240 1277 1272
f 1148 1281 1241
f 1148 1279 1281
f 1122 1353 1280
f 1280 1355 1279
f 1279 1356 1281
f 1281 1356 1282
f 1146 1149 1291
f 1146 1291 1358
f 1281 1242 1241
f 1281 1282 1242
f 1149 1253 1291
f 1242 1282 1243
f 1243 1283 1244
f 1244 1284 1245
f 1245 1285 1246
f 1246 1285 1247
f 1247 1286 1248
f 1248 1287 1249
f 1249 1288 1250
f 1250 1288 1251
f 1251 1289 1252
f 1252 1290 1268
f 1253 1254 1291
f 1254 1255 1292
f 1255 1256 1293
f 1257 1258 1294
f 1256 1257 1294
f 1258 1259 1295
f 1259 1260 1296
f 1260 1261 1297
f 1261 1262 1297
f 1262 1263 1298
f 1263 1278 1299
f 1264 1270 1300
f 1264 1301 1275
f 1265 1268 1302
f 1265 1302 1266
f 1266 1303 1267
f 1267 1304 1269
f 1269 1305 1271
f 1270 1271 1305
f 1272 1277 1306
f 1273 1307 1278
f 1273 1274 1307
f 1272 1308 1274
f 1276 1309 1277
f 1275 1309 1276
f 1243 1282 1283
f 1244 1283 1284
f 1245 1284 1285
f 1247 1285 1286
f 1248 1286 1287
f 1249 1287 1288
f 1251 1288 1289
f 1252 1289 1290
f 1254 1292 1291
f 1255 1293 1292
f 1256 1294 1293
f 1258 1295 1294
f 1259 1296 1295
f 1260 1297 1296
f 1262 1298 1297
f 1263 1299 1298
f 1264 1300 1301
f 1266 1302 1303
f 1267 1303 1304
f 1268 1290 1302
f 1269 1304 1305
f 1270 1305 1300
f 1274 1308 1307
f 1272 1306 1308
f 1275 1301 1309
f 1277 1309 1306
f 1278 1307 1299
f 1282 1360 1283
f 1283 1361 1284
f 1284 1363 1285
f 1285 1365 1286
f 1286 1367 1287
f 1287 1368 1288
f 1288 1370 1289
f 1289 1371 1290
f 1291 1292 1374
f 1292 1293 1375
f 1293 1294 1377
f 1294 1295 1379
f 1295 1296 1381
f 1296 1297 1382
f 1297 1298 1384
f 1298 1299 1386
f 1300 1388 1301
f 1302 1390 1303
f 1303 1391 1304
f 1290 1393 1302
f 1304 1394 1305
f 1300 1305 1395
f 1307 1308 1399
f 1306 1400 1308
f 1301 1401 1309
f 1306 1309 1403
f 1299 1307 1404
f 743 935 1110
f 935 937 1335
f 936 1335 937
f 701 1336 1335
f 703 1337 1336
f 703 1338 1337
f 705 1339 1338
f 705 1340 1339
f 707 1341 1340
f 935 1310 1110
f 935 1335 1310
f 1110 1311 1111
f 1111 1314 1113
f 1113 1315 1112
f 1112 1317 1114
f 1114 1319 1115
f 1115 1321 1116
f 1116 1323 1117
f 1110 1310 1311
f 1111 1311 1312
f 1111 1312 1313
f 1111 1313 1314
f 1113 1314 1315
f 1112 1315 1316
f 1112 1316 1317
f 1114 1317 1318
f 1114 1318 1319
f 1115 1319 1320
f 1115 1320 1321
f 1116 1321 1322
f 1116 1322 1323
f 1117 1325 1118
f 1117 1323 1324
f 1117 1324 1325
f 1118 1328 1119
f 1119 1330 1120
f 1120 1332 1121
f 1118 1325 1326
f 1118 1326 1327
f 1118 1327 1328
f 1119 1328 1329
f 1120 1330 1331
f 1119 1329 1330
f 1120 1331 1332
f 1121 1332 1333
f 1121 1333 1334
f 1310 1335 1311
f 1311 1336 1312
f 1312 1336 1313
f 1313 1337 1314
f 1314 1337 1315
f 1315 1337 1316
f 1316 1338 1317
f 1317 1338 1318
f 1318 1339 1319
f 1319 1339 1320
f 1320 1340 1321
f 1321 1340 1322
f 1322 1341 1323
f 1323 1341 1324
f 1324 1343 1325
f 1325 1343 1326
f 1326 1344 1327
f 1327 1345 1328
f 1328 1345 1329
f 1329 1346 1330
f 1330 1346 1331
f 1331 1347 1332
f 1332 1347 1333
f 1333 1348 1334
f 1311 1335 1336
f 1313 1336 1337
f 1316 1337 1338
f 1318 1338 1339
f 1320 1339 1340
f 1322 1340 1341
f 1324 1341 1343
f 1326 1343 1344
f 1327 1344 1345
f 1329 1345 1346
f 1331 1346 1347
f 1333 1347 1348
f 701 1335 936
f 707 1343 1341
f 713 1344 1343
f 711 1345 1344
f 712 1346 1345
f 709 1347 1346
f 708 1348 1347
f 674 1405 1348
f 673 1406 1405
f 1406 715 1342
f 1406 1342 1407
f 1087 1349 1350
f 1146 1358 1349
f 1349 1358 1350
f 1088 1350 1351
f 1350 1408 1351
f 1122 1334 1352
f 1122 1352 1353
f 1280 1353 1354
f 1280 1354 1355
f 1279 1355 1356
f 1282 1356 1357
f 1334 1348 1352
f 1352 1405 1353
f 1353 1405 1354
f 1354 1406 1355
f 1355 1406 1356
f 1356 1406 1357
f 1348 1405 1352
f 1354 1405 1406
f 1357 1406 1359
f 1358 1415 1350
f 1282 1357 1359
f 1291 1373 1358
f 1282 1359 1360
f 1283 1360 1361
f 1284 1361 1362
f 1284 1362 1363
f 1285 1363 1364
f 1285 1364 1365
f 1286 1365 1366
f 1286 1366 1367
f 1287 1367 1368
f 1288 1368 1369
f 1288 1369 1370
f 1289 1370 1371
f 1290 1371 1372
f 1290 1372 1393
f 1291 1374 1373
f 1292 1375 1374
f 1293 1376 1375
f 1293 1377 1376
f 1294 1379 1378
f 1294 1378 1377
f 1295 1381 1379
f 1296 1380 1381
f 1296 1382 1380
f 1297 1383 1382
f 1297 1384 1383
f 1298 1386 1385
f 1298 1385 1384
f 1299 1404 1386
f 1300 1395 1387
f 1301 1388 1401
f 1300 1387 1388
f 1302 1393 1389
f 1302 1389 1390
f 1303 1390 1392
f 1304 1391 1394
f 1303 1392 1391
f 1305 1394 1396
f 1305 1396 1395
f 1306 1403 1397
f 1307 1398 1404
f 1307 1399 1398
f 1308 1400 1399
f 1306 1397 1400
f 1309 1402 1403
f 1309 1401 1402
f 1406 1409 1359
f 1358 1373 1415
f 1359 1409 1360
f 1360 1410 1361
f 1361 1410 1362
f 1362 1411 1363
f 1363 1411 1364
f 1364 1411 1365
f 1365 1411 1366
f 1366 1412 1367
f 1367 1412 1368
f 1368 1413 1369
f 1369 1413 1370
f 1370 1414 1371
f 1371 1414 1372
f 1372 1422 1393
f 1373 1374 1415
f 1374 1375 1416
f 1375 1376 1416
f 1376 1377 1417
f 1378 1379 1417
f 1377 1378 1417
f 1380 1418 1381
f 1379 1381 1418
f 1380 1382 1419
f 1382 1383 1419
f 1383 1384 1419
f 1384 1385 1419
f 1386 1404 1420
f 1385 1386 1420
f 1387 1421 1388
f 1388 1421 1401
f 1389 1393 1422
f 1389 1422 1390
f 1390 1422 1392
f 1391 1423 1394
f 1391 1392 1423
f 1394 1424 1396
f 1395 1396 1424
f 1387 1395 1424
f 1398 1425 1404
f 1398 1399 1425
f 1397 1426 1400
f 1399 1400 1426
f 1402 1427 1403
f 1401 1427 1402
f 1397 1403 1427
f 1360 1409 1410
f 1362 1410 1411
f 1366 1411 1412
f 1368 1412 1413
f 1370 1413 1414
f 1372 1414 1422
f 1374 1416 1415
f 1376 1417 1416
f 1379 1418 1417
f 1380 1419 1418
f 1385 1420 1419
f 1404 1425 1420
f 1387 1424 1421
f 1392 1422 1423
f 1394 1423 1424
f 1397 1427 1426
f 1399 1426 1425
f 1401 1421 1427
f 1406 1407 1409
f 1350 1415 1408
f 1409 1430 1410
f 1410 1432 1411
f 1411 1436 1412
f 1412 1438 1413
f 1413 1440 1414
f 1414 1442 1422
f 1415 1416 1444
f 1416 1417 1446
f 1417 1418 1449
f 1418 1419 1450
f 1419 1420 1455
f 1420 1425 1474
f 1421 1424 1457
f 1422 1462 1423
f 1423 1464 1424
f 1426 1427 1467
f 1425 1426 1469
f 1421 1471 1427
f 1407 1428 1409
f 1409 1428 1429
f 1408 1415 1443
f 1409 1429 1430
f 1410 1430 1431
f 1410 1431 1432
f 1411 1432 1433
f 1411 1433 1434
f 1411 1434 1435
f 1411 1435 1436
f 1412 1436 1437
f 1412 1437 1438
f 1413 1438 1439
f 1413 1439 1440
f 1414 1440 1441
f 1414 1441 1442
f 1422 1442 1463
f 1415 1444 1443
f 1416 1445 1444
f 1416 1446 1445
f 1417 1447 1446
f 1417 1449 1448
f 1417 1448 1447
f 1418 1450 1451
f 1418 1451 1449
f 1419 1452 1450
f 1419 1453 1452
f 1419 1454 1453
f 1419 1455 1454
f 1420 1474 1456
f 1420 1456 1455
f 1421 1457 1458
f 1421 1458 1471
f 1422 1463 1459
f 1422 1459 1460
f 1422 1460 1462
f 1423 1461 1464
f 1423 1462 1461
f 1424 1464 1466
f 1424 1466 1465
f 1424 1465 1457
f 1425 1468 1474
f 1425 1469 1468
f 1426 1467 1470
f 1426 1470 1469
f 1427 1472 1473
f 1427 1471 1472
f 1427 1473 1467
f 295 296 1475
f 294 295 1475
f 297 300 1478
f 297 1476 298
f 298 1477 299
f 293 299 1477
f 294 1478 300
f 301 1479 302
f 301 303 1479
f 305 1480 306
f 303 306 1480
f 305 307 1481
f 307 308 1482
f 304 1482 308
f 309 310 1484
f 296 309 1483
f 302 1484 310
f 293 1485 311
f 311 1485 312
f 312 1486 313
f 313 1487 314
f 314 1487 315
f 315 1488 317
f 316 317 1489
f 316 1489 318
f 319 1490 320
f 318 1490 319
f 320 1491 321
f 321 1491 322
f 322 1492 323
f 323 1493 324
f 304 325 1494
f 325 326 1495
f 326 327 1495
f 327 328 1496
f 328 329 1496
f 329 330 1497
f 330 331 1498
f 331 332 1498
f 332 333 1499
f 333 334 1499
f 334 335 1500
f 335 336 1501
f 336 337 1501
f 337 338 1502
f 324 1493 340
f 338 339 1503
f 338 1503 1502
f 293 1477 1485
f 294 1475 1478
f 296 1483 1475
f 297 1478 1476
f 298 1476 1477
f 302 1479 1484
f 303 1480 1479
f 304 1494 1482
f 305 1481 1480
f 307 1482 1481
f 309 1484 1483
f 312 1485 1486
f 313 1486 1487
f 315 1487 1488
f 317 1488 1489
f 318 1489 1490
f 320 1490 1491
f 322 1491 1492
f 323 1492 1493
f 325 1495 1494
f 327 1496 1495
f 329 1497 1496
f 330 1498 1497
f 332 1499 1498
f 334 1500 1499
f 335 1501 1500
f 337 1502 1501
f 340 1493 1543
f 339 352 1503
f 352 365 1503
f 1477 1504 1485
f 1475 1505 1478
f 1475 1483 1507
f 1476 1478 1510
f 1476 1508 1477
f 1479 1512 1484
f 1479 1480 1513
f 1482 1494 1514
f 1480 1481 1515
f 1481 1482 1516
f 1483 1484 1518
f 1485 1519 1486
f 1486 1520 1487
f 1487 1522 1488
f 1488 1523 1489
f 1489 1524 1490
f 1490 1526 1491
f 1491 1527 1492
f 1492 1528 1493
f 1494 1495 1530
f 1495 1496 1531
f 1496 1497 1533
f 1497 1498 1534
f 1498 1499 1535
f 1499 1500 1537
f 1500 1501 1538
f 1501 1502 1539
f 1475 1507 1506
f 1475 1506 1505
f 1476 1510 1508
f 1477 1508 1509
f 1477 1509 1504
f 1478 1505 1510
f 1479 1511 1512
f 1479 1513 1511
f 1481 1516 1515
f 1480 1515 1513
f 1482 1517 1516
f 1482 1514 1517
f 1483 1518 1507
f 1484 1512 1518
f 1485 1504 1519
f 1486 1519 1520
f 1487 1520 1521
f 1487 1521 1522
f 1488 1522 1523
f 1489 1523 1524
f 1490 1525 1526
f 1490 1524 1525
f 1491 1526 1527
f 1492 1527 1528
f 1493 1528 1529
f 1494 1530 1514
f 1495 1531 1530
f 1496 1532 1531
f 1496 1533 1532
f 1497 1534 1533
f 1498 1535 1534
f 1499 1536 1535
f 1499 1537 1536
f 1500 1538 1537
f 1501 1539 1538
f 1502 1540 1539
f 1493 1529 1542
f 1502 1503 1541
f 1502 1541 1540
f 1505 1546 1510
f 1506 1507 1546
f 1505 1506 1546
f 1508 1510 1547
f 1508 1547 1509
f 1504 1509 1547
f 1512 1550 1518
f 1511 1550 1512
f 1513 1515 1550
f 1511 1513 1550
f 1515 1516 1551
f 1516 1517 1551
f 1514 1551 1517
f 1507 1518 1546
f 1504 1547 1519
f 1519 1560 1520
f 1520 1560 1521
f 1521 1560 1522
f 1522 1560 1523
f 1523 1566 1524
f 1525 1566 1526
f 1524 1566 1525
f 1526 1566 1527
f 1527 1567 1528
f 1528 1567 1529
f 1514 1530 1551
f 1530 1531 1585
f 1531 1532 1585
f 1532 1533 1585
f 1533 1534 1585
f 1534 1535 1593
f 1535 1536 1593
f 1536 1537 1593
f 1537 1538 1593
f 1538 1539 1594
f 1539 1540 1594
f 1529 1567 1542
f 1540 1541 1594
f 1493 1542 1543
f 1542 1567 1544
f 1541 1503 1545
f 1541 1545 1594
f 340 1543 355
f 355 1543 552
f 1542 1544 1543
f 1543 1544 1683
f 1503 365 1871
f 1503 1871 1545
f 1545 1872 1944
f 1510 1546 1547
f 1515 1551 1550
f 1518 1550 1546
f 1519 1547 1560
f 1523 1560 1566
f 1527 1566 1567
f 1530 1585 1551
f 1534 1593 1585
f 1538 1594 1593
f 1546 1549 1547
f 1548 1563 1549
f 1546 1548 1549
f 1548 1554 1563
f 1554 1564 1563
f 1550 1551 1552
f 1552 1553 1556
f 1552 1551 1553
f 1553 1586 1556
f 1557 1586 1587
f 1546 1550 1548
f 1548 1550 1552
f 1548 1552 1554
f 1552 1556 1554
f 1554 1556 1555
f 1554 1555 1564
f 1556 1557 1555
f 1556 1586 1557
f 1557 1587 1559
f 1555 1557 1558
f 1557 1559 1558
f 1558 1559 1578
f 1547 1549 1561
f 1547 1561 1560
f 1549 1562 1561
f 1560 1561 1568
f 1560 1568 1566
f 1561 1569 1568
f 1561 1562 1569
f 1549 1563 1562
f 1562 1563 1565
f 1563 1564 1565
f 1562 1565 1572
f 1564 1577 1565
f 1565 1577 1573
f 1566 1568 1570
f 1568 1569 1571
f 1562 1572 1569
f 1569 1572 1574
f 1566 1570 1567
f 1568 1571 1570
f 1569 1574 1571
f 1565 1573 1572
f 1572 1573 1575
f 1572 1575 1574
f 1555 1576 1564
f 1564 1576 1577
f 1555 1558 1576
f 1576 1580 1577
f 1558 1579 1576
f 1573 1577 1581
f 1573 1582 1575
f 1558 1578 1579
f 1576 1579 1580
f 1578 1610 1579
f 1579 1616 1580
f 1579 1610 1616
f 1577 1580 1581
f 1573 1581 1582
f 1580 1583 1581
f 1580 1616 1583
f 1581 1584 1582
f 1581 1583 1584
f 1551 1585 1553
f 1553 1585 1588
f 1586 1588 1589
f 1553 1588 1586
f 1586 1589 1587
f 1589 1590 1587
f 1587 1590 1591
f 1585 1593 1588
f 1588 1593 1595
f 1588 1595 1589
f 1589 1596 1590
f 1590 1597 1592
f 1559 1587 1591
f 1559 1591 1603
f 1590 1592 1591
f 1591 1592 1604
f 1589 1595 1596
f 1593 1594 1595
f 1595 1599 1596
f 1596 1600 1597
f 1596 1597 1590
f 1592 1597 1598
f 1597 1601 1598
f 1595 1594 1599
f 1596 1599 1600
f 1600 1601 1597
f 1598 1601 1602
f 1592 1598 1605
f 1598 1602 1606
f 1559 1603 1578
f 1591 1604 1603
f 1592 1605 1604
f 1604 1605 1613
f 1605 1598 1606
f 1605 1606 1621
f 1605 1621 1613
f 1606 1608 1621
f 1602 1607 1606
f 1606 1607 1608
f 1607 1609 1608
f 1578 1603 1611
f 1603 1604 1612
f 1603 1612 1611
f 1578 1611 1610
f 1610 1611 1617
f 1604 1613 1612
f 1612 1613 1615
f 1611 1612 1614
f 1611 1614 1617
f 1612 1615 1614
f 1583 1616 1619
f 1610 1618 1616
f 1610 1617 1618
f 1616 1618 1619
f 1583 1620 1584
f 1583 1619 1620
f 1614 1631 1617
f 1617 1628 1618
f 1619 1630 1620
f 1618 1629 1619
f 1619 1629 1630
f 1613 1621 1622
f 1608 1623 1621
f 1621 1623 1622
f 1613 1622 1615
f 1615 1622 1627
f 1622 1623 1634
f 1608 1609 1624
f 1608 1624 1623
f 1609 1625 1624
f 1623 1624 1632
f 1624 1625 1633
f 1624 1633 1632
f 1625 1635 1633
f 1614 1615 1626
f 1615 1627 1626
f 1617 1631 1628
f 1614 1626 1631
f 1622 1634 1627
f 1618 1628 1629
f 1626 1636 1631
f 1628 1636 1629
f 1628 1631 1636
f 1629 1636 1630
f 1623 1632 1634
f 1627 1634 1636
f 1632 1636 1634
f 1632 1633 1636
f 1633 1635 1636
f 1626 1627 1636
f 1567 1570 1639
f 1570 1571 1641
f 1571 1574 1643
f 1574 1575 1645
f 1575 1582 1647
f 1582 1584 1649
f 1584 1620 1651
f 1620 1630 1653
f 1630 1636 1655
f 1594 1945 1599
f 1599 1947 1600
f 1600 1949 1601
f 1601 1951 1602
f 1602 1953 1607
f 1607 1955 1609
f 1609 1957 1625
f 1625 1959 1635
f 1635 1961 1636
f 1636 1672 1637
f 1544 1567 1638
f 1567 1639 1638
f 1570 1640 1639
f 1570 1641 1640
f 1571 1642 1641
f 1571 1643 1642
f 1574 1644 1643
f 1574 1645 1644
f 1575 1646 1645
f 1575 1647 1646
f 1582 1648 1647
f 1582 1649 1648
f 1584 1650 1649
f 1584 1651 1650
f 1620 1652 1651
f 1620 1653 1652
f 1630 1654 1653
f 1630 1655 1654
f 1636 1656 1655
f 1636 1637 1656
f 1637 1657 1758
f 1637 1756 1656
f 1637 1673 1657
f 1657 1658 1758
f 1657 1674 1658
f 1658 1659 1768
f 1659 1660 1769
f 1660 1661 1767
f 1661 1662 1771
f 1662 1663 1763
f 1663 1664 1765
f 1664 1665 1765
f 1665 1666 1764
f 1666 1667 1764
f 1667 1668 1760
f 1668 1669 1761
f 1669 1670 1762
f 1670 1671 1773
f 1545 1944 1594
f 1594 1944 1945
f 1599 1945 1946
f 1599 1946 1947
f 1600 1947 1948
f 1600 1948 1949
f 1601 1949 1950
f 1601 1950 1951
f 1602 1951 1952
f 1602 1952 1953
f 1607 1953 1954
f 1607 1954 1955
f 1609 1955 1956
f 1609 1956 1957
f 1625 1957 1958
f 1625 1958 1959
f 1635 1959 1960
f 1635 1960 1961
f 1636 1961 1962
f 1636 1962 1672
f 1637 1672 1963
f 1637 1963 1673
f 1673 1963 1674
f 1657 1673 1674
f 1658 1965 1659
f 1659 1967 1660
f 1660 1675 1661
f 1661 1676 1662
f 1662 1971 1663
f 1663 1973 1664
f 1664 1677 1665
f 1665 1976 1666
f 1666 1678 1667
f 1667 1679 1668
f 1668 1680 1669
f 1669 1681 1670
f 1670 1682 1671
f 1658 1674 1965
f 1659 1965 1966
f 1659 1966 1967
f 1660 1967 1968
f 1660 1969 1675
f 1660 1968 1969
f 1661 1675 1970
f 1661 1970 1676
f 1662 1676 1971
f 1663 1971 1972
f 1663 1972 1973
f 1664 1973 1974
f 1664 1974 1975
f 1664 1975 1677
f 1665 1677 1976
f 1666 1976 1977
f 1666 1977 1978
f 1666 1978 1678
f 1667 1678 1979
f 1667 1979 1679
f 1668 1679 1980
f 1668 1980 1680
f 1669 1680 1981
f 1669 1981 1681
f 1670 1681 1982
f 1670 1982 1682
f 1671 1682 2077
f 1543 1683 552
f 552 1683 606
f 1544 1638 1684
f 1544 1714 1683
f 1544 1684 1714
f 1683 1685 606
f 606 1685 626
f 626 1685 627
f 627 1686 628
f 628 1687 629
f 629 1687 630
f 630 1688 631
f 631 1688 632
f 632 1689 633
f 633 1690 634
f 634 1690 635
f 635 1691 636
f 636 1691 637
f 637 1692 638
f 638 1693 639
f 639 1693 640
f 640 1694 641
f 641 1694 642
f 642 1695 643
f 643 1696 644
f 644 1696 645
f 645 1697 646
f 646 1697 647
f 647 1698 648
f 648 1698 649
f 649 1699 650
f 650 1700 651
f 651 1700 652
f 652 1701 653
f 653 1701 654
f 654 1702 655
f 655 1703 656
f 656 1703 657
f 657 1704 658
f 658 1705 659
f 659 1705 660
f 661 1706 662
f 660 1706 661
f 662 1707 663
f 663 1708 664
f 664 1708 665
f 665 1709 666
f 666 1709 667
f 667 1710 668
f 668 1711 669
f 669 1711 670
f 670 1712 671
f 671 1713 672
f 671 1712 1713
f 627 1685 1686
f 628 1686 1687
f 630 1687 1688
f 632 1688 1689
f 633 1689 1690
f 635 1690 1691
f 637 1691 1692
f 638 1692 1693
f 640 1693 1694
f 642 1694 1695
f 643 1695 1696
f 645 1696 1697
f 647 1697 1698
f 649 1698 1699
f 650 1699 1700
f 652 1700 1701
f 654 1701 1702
f 655 1702 1703
f 657 1703 1704
f 658 1704 1705
f 660 1705 1706
f 662 1706 1707
f 663 1707 1708
f 665 1708 1709
f 667 1709 1710
f 668 1710 1711
f 670 1711 1712
f 1712 1752 1713
f 672 1713 675
f 675 1713 714
f 1683 1714 1685
f 1714 1684 1774
f 1714 1715 1685
f 1685 1716 1686
f 1686 1717 1687
f 1687 1718 1688
f 1688 1720 1689
f 1689 1721 1690
f 1690 1722 1691
f 1691 1724 1692
f 1692 1725 1693
f 1693 1726 1694
f 1694 1728 1695
f 1695 1729 1696
f 1696 1730 1697
f 1697 1732 1698
f 1698 1733 1699
f 1699 1734 1700
f 1700 1736 1701
f 1701 1737 1702
f 1702 1738 1703
f 1703 1740 1704
f 1704 1741 1705
f 1705 1742 1706
f 1706 1744 1707
f 1707 1745 1708
f 1708 1746 1709
f 1709 1748 1710
f 1710 1749 1711
f 1711 1750 1712
f 1685 1715 1716
f 1686 1716 1717
f 1687 1717 1718
f 1688 1718 1719
f 1688 1719 1720
f 1689 1720 1721
f 1690 1721 1722
f 1691 1722 1723
f 1691 1723 1724
f 1692 1724 1725
f 1693 1725 1726
f 1694 1726 1727
f 1694 1727 1728
f 1695 1728 1729
f 1696 1729 1730
f 1697 1730 1731
f 1697 1731 1732
f 1698 1732 1733
f 1699 1733 1734
f 1700 1734 1735
f 1700 1735 1736
f 1701 1736 1737
f 1702 1737 1738
f 1703 1738 1739
f 1703 1739 1740
f 1704 1740 1741
f 1705 1741 1742
f 1706 1743 1744
f 1706 1742 1743
f 1707 1744 1745
f 1708 1745 1746
f 1709 1746 1747
f 1709 1747 1748
f 1710 1748 1749
f 1711 1749 1750
f 1712 1750 1751
f 1712 1751 1752
f 1714 1774 1715
f 1715 1774 1716
f 1716 1774 1717
f 1717 1775 1718
f 1718 1775 1719
f 1719 1775 1720
f 1720 1775 1721
f 1721 1784 1722
f 1722 1784 1723
f 1723 1784 1724
f 1724 1784 1725
f 1725 1799 1726
f 1726 1799 1727
f 1727 1799 1728
f 1728 1799 1729
f 1729 1800 1730
f 1730 1800 1731
f 1731 1800 1732
f 1732 1800 1733
f 1733 1809 1734
f 1734 1809 1735
f 1735 1809 1736
f 1736 1809 1737
f 1737 1810 1738
f 1738 1810 1739
f 1739 1810 1740
f 1740 1810 1741
f 1741 1842 1742
f 1743 1842 1744
f 1742 1842 1743
f 1744 1842 1745
f 1745 1848 1746
f 1746 1848 1747
f 1747 1848 1748
f 1748 1848 1749
f 1749 1849 1750
f 1750 1849 1751
f 1751 1849 1752
f 1752 1753 1713
f 1752 1849 1753
f 1753 1849 1755
f 1713 1754 714
f 1713 1753 1754
f 714 1754 1342
f 1753 2092 1754
f 1753 1755 2092
f 1637 1757 1756
f 1637 1758 1757
f 1638 1639 1774
f 1639 1640 1776
f 1640 1641 1776
f 1641 1642 1777
f 1642 1643 1777
f 1643 1644 1780
f 1644 1645 1780
f 1645 1646 1781
f 1646 1647 1781
f 1647 1648 1792
f 1648 1649 1792
f 1649 1650 1794
f 1650 1651 1794
f 1651 1652 1814
f 1652 1653 1814
f 1653 1654 1824
f 1654 1655 1824
f 1655 1656 1830
f 1638 1774 1684
f 1656 1756 1830
f 1757 1758 1759
f 1757 1759 1865
f 1658 1768 1758
f 1668 1761 1760
f 1669 1762 1761
f 1659 1769 1768
f 1660 1770 1769
f 1661 1771 1767
f 1660 1767 1770
f 1662 1763 1771
f 1663 1765 1763
f 1665 1766 1765
f 1665 1764 1766
f 1667 1760 1764
f 1670 1773 1762
f 1671 1772 1773
f 1758 1768 1759
f 1759 1768 1866
f 1639 1776 1774
f 1641 1777 1776
f 1643 1780 1777
f 1645 1781 1780
f 1647 1792 1781
f 1649 1794 1792
f 1651 1814 1794
f 1653 1824 1814
f 1655 1830 1824
f 1756 1757 1830
f 1717 1774 1775
f 1721 1775 1784
f 1725 1784 1799
f 1729 1799 1800
f 1733 1800 1809
f 1737 1809 1810
f 1741 1810 1842
f 1745 1842 1848
f 1749 1848 1849
f 1774 1776 1778
f 1776 1777 1779
f 1777 1780 1782
f 1774 1778 1775
f 1776 1779 1778
f 1778 1779 1786
f 1777 1782 1779
f 1780 1781 1783
f 1780 1783 1782
f 1779 1782 1787
f 1782 1783 1790
f 1775 1778 1785
f 1775 1785 1784
f 1778 1786 1785
f 1779 1787 1786
f 1784 1785 1801
f 1785 1786 1788
f 1784 1801 1799
f 1782 1790 1787
f 1785 1788 1801
f 1786 1787 1789
f 1786 1789 1788
f 1787 1791 1789
f 1781 1793 1783
f 1783 1796 1790
f 1787 1790 1791
f 1790 1797 1791
f 1789 1791 1805
f 1791 1798 1805
f 1781 1792 1793
f 1783 1793 1796
f 1792 1795 1793
f 1792 1794 1795
f 1793 1813 1796
f 1793 1795 1813
f 1796 1813 1818
f 1790 1796 1797
f 1796 1818 1797
f 1791 1797 1798
f 1798 1858 1805
f 1799 1801 1802
f 1788 1803 1801
f 1799 1802 1800
f 1801 1803 1802
f 1788 1789 1804
f 1788 1804 1803
f 1789 1805 1804
f 1803 1804 1808
f 1802 1803 1807
f 1800 1802 1811
f 1800 1811 1809
f 1802 1807 1811
f 1803 1808 1807
f 1804 1805 1806
f 1804 1806 1808
f 1805 1858 1806
f 1807 1808 1844
f 1809 1811 1812
f 1807 1843 1811
f 1809 1812 1810
f 1811 1843 1812
f 1807 1844 1843
f 1794 1815 1795
f 1794 1814 1815
f 1795 1815 1816
f 1795 1816 1813
f 1813 1816 1817
f 1813 1817 1818
f 1814 1824 1825
f 1814 1825 1815
f 1815 1826 1816
f 1815 1825 1826
f 1817 1820 1818
f 1816 1827 1817
f 1817 1828 1820
f 1797 1818 1819
f 1818 1820 1819
f 1797 1819 1798
f 1798 1819 1822
f 1798 1822 1858
f 1819 1820 1821
f 1819 1821 1822
f 1821 1835 1822
f 1822 1823 1858
f 1822 1835 1823
f 1816 1826 1827
f 1824 1830 1825
f 1825 1830 1826
f 1826 1830 1827
f 1827 1830 1828
f 1817 1827 1828
f 1820 1829 1821
f 1820 1828 1829
f 1821 1829 1831
f 1831 1832 1835
f 1828 1830 1829
f 1829 1830 1831
f 1830 1832 1831
f 1830 1833 1832
f 1832 1833 1836
f 1830 1834 1833
f 1821 1831 1835
f 1832 1836 1835
f 1823 1835 1836
f 1823 1836 1837
f 1836 1838 1837
f 1837 1838 1862
f 1833 1838 1836
f 1833 1834 1838
f 1834 1839 1838
f 1838 1839 1862
f 1839 1863 1862
f 1806 1859 1840
f 1806 1840 1808
f 1808 1840 1844
f 1840 1841 1844
f 1840 1860 1841
f 1812 1843 1847
f 1843 1844 1845
f 1843 1845 1847
f 1810 1812 1846
f 1810 1846 1842
f 1812 1847 1846
f 1841 1845 1844
f 1841 1850 1845
f 1847 1845 1851
f 1846 1847 1852
f 1842 1846 1853
f 1842 1853 1848
f 1846 1852 1853
f 1841 1861 1850
f 1864 1854 1850
f 1845 1850 1851
f 1850 1854 1851
f 1848 1853 1856
f 1852 1857 1853
f 1847 1851 1852
f 1852 1851 1855
f 1851 1854 1855
f 1848 1856 1849
f 1853 1857 1856
f 1852 1855 1857
f 1806 1858 1859
f 1823 1859 1858
f 1840 1859 1860
f 1823 1837 1859
f 1837 1860 1859
f 1837 1862 1860
f 1860 1862 1861
f 1860 1861 1841
f 1861 1862 1863
f 1861 1863 1864
f 1861 1864 1850
f 1757 2190 1830
f 1830 2191 1834
f 1834 2193 1839
f 1839 2195 1863
f 1854 2199 1855
f 1849 1856 2200
f 1856 1857 2202
f 1857 1855 2204
f 1863 2206 1864
f 1864 2208 1854
f 1757 1865 2163
f 1865 2166 2163
f 1671 2165 1772
f 1759 2166 1865
f 1759 1866 2166
f 1760 1761 2173
f 1772 2168 1773
f 1762 1773 2170
f 1761 1762 2171
f 1768 1769 2183
f 1769 1770 2185
f 1770 1767 1869
f 1767 1771 1870
f 1763 2187 1771
f 1760 2175 1764
f 1765 1766 1868
f 1764 1867 1766
f 1763 1765 2178
f 1768 2183 1866
f 1772 2167 2168
f 1762 2170 2172
f 1773 2168 2169
f 1773 2169 2170
f 1761 2171 2174
f 1762 2172 2171
f 1761 2174 2173
f 1764 2175 1867
f 1760 2173 2176
f 1760 2176 2175
f 1766 1867 2177
f 1766 2177 1868
f 1765 2179 2178
f 1763 2178 2188
f 1765 1868 2180
f 1765 2180 2179
f 1767 1870 2181
f 1767 2181 1869
f 1769 2182 2183
f 1769 2185 2182
f 1770 2184 2185
f 1770 1869 2186
f 1770 2186 2184
f 1771 2187 1870
f 1763 2188 2187
f 1866 2183 2166
f 1757 2163 2189
f 1757 2189 2190
f 1849 2196 1755
f 1830 2190 2191
f 1834 2191 2192
f 1834 2192 2193
f 1839 2193 2194
f 1839 2194 2195
f 1863 2195 2205
f 1849 2200 2196
f 1854 2208 2197
f 1854 2197 2199
f 1855 2199 2198
f 1856 2201 2200
f 1857 2203 2202
f 1856 2202 2201
f 1855 2198 2204
f 1857 2204 2203
f 1863 2205 2206
f 1864 2206 2207
f 1864 2207 2208
f 365 933 1871
f 933 1873 1871
f 1871 1873 1902
f 1545 1871 1902
f 1545 1902 1872
f 933 1019 1873
f 1019 1039 1873
f 1039 1040 1873
f 1040 1874 1873
f 1040 1041 1874
f 1041 1042 1875
f 1042 1043 1876
f 1043 1044 1876
f 1044 1045 1877
f 1045 1046 1877
f 1046 1047 1878
f 1047 1048 1878
f 1048 1049 1879
f 1049 1050 1880
f 1050 1051 1880
f 1051 1052 1881
f 1052 1053 1882
f 1053 1054 1882
f 1054 1055 1883
f 1055 1056 1883
f 1056 1057 1884
f 1057 1058 1884
f 1058 1059 1885
f 1059 1060 1886
f 1060 1061 1886
f 1061 1062 1887
f 1062 1063 1887
f 1063 1064 1888
f 1064 1065 1889
f 1065 1066 1889
f 1066 1067 1890
f 1067 1068 1891
f 1068 1069 1891
f 1069 1070 1892
f 1070 1071 1892
f 1071 1072 1893
f 1072 1073 1893
f 1073 1074 1894
f 1074 1075 1895
f 1075 1076 1895
f 1076 1077 1896
f 1077 1078 1897
f 1078 1079 1897
f 1079 1080 1898
f 1080 1081 1898
f 1081 1082 1899
f 1082 1083 1899
f 1083 1084 1900
f 1084 1085 1901
f 1085 1086 1901
f 1041 1875 1874
f 1042 1876 1875
f 1044 1877 1876
f 1046 1878 1877
f 1048 1879 1878
f 1049 1880 1879
f 1051 1881 1880
f 1052 1882 1881
f 1054 1883 1882
f 1056 1884 1883
f 1058 1885 1884
f 1059 1886 1885
f 1061 1887 1886
f 1063 1888 1887
f 1064 1889 1888
f 1066 1890 1889
f 1067 1891 1890
f 1069 1892 1891
f 1071 1893 1892
f 1073 1894 1893
f 1074 1895 1894
f 1076 1896 1895
f 1077 1897 1896
f 1079 1898 1897
f 1081 1899 1898
f 1083 1900 1899
f 1084 1901 1900
f 1086 1942 1901
f 1873 1903 1902
f 1902 1984 1872
f 1902 1903 1984
f 1873 1874 1903
f 1874 1904 1903
f 1874 1875 1905
f 1875 1876 1906
f 1876 1877 1907
f 1877 1878 1909
f 1878 1879 1910
f 1879 1880 1911
f 1880 1881 1913
f 1881 1882 1914
f 1882 1883 1915
f 1883 1884 1917
f 1884 1885 1918
f 1885 1886 1919
f 1886 1887 1921
f 1887 1888 1922
f 1888 1889 1923
f 1889 1890 1925
f 1890 1891 1926
f 1891 1892 1927
f 1892 1893 1929
f 1893 1894 1930
f 1894 1895 1931
f 1895 1896 1933
f 1896 1897 1934
f 1897 1898 1935
f 1898 1899 1937
f 1899 1900 1938
f 1900 1901 1939
f 1874 1905 1904
f 1875 1906 1905
f 1876 1907 1906
f 1877 1908 1907
f 1877 1909 1908
f 1878 1910 1909
f 1879 1911 1910
f 1880 1912 1911
f 1880 1913 1912
f 1881 1914 1913
f 1882 1915 1914
f 1883 1916 1915
f 1883 1917 1916
f 1884 1918 1917
f 1885 1919 1918
f 1886 1920 1919
f 1886 1921 1920
f 1887 1922 1921
f 1888 1923 1922
f 1889 1924 1923
f 1889 1925 1924
f 1890 1926 1925
f 1891 1927 1926
f 1892 1928 1927
f 1892 1929 1928
f 1893 1930 1929
f 1894 1931 1930
f 1895 1932 1931
f 1895 1933 1932
f 1896 1934 1933
f 1897 1935 1934
f 1898 1936 1935
f 1898 1937 1936
f 1899 1938 1937
f 1900 1939 1938
f 1901 1940 1939
f 1901 1941 1940
f 1903 1904 1984
f 1904 1905 1984
f 1905 1906 1984
f 1906 1907 1985
f 1907 1908 1985
f 1908 1909 1985
f 1909 1910 1985
f 1910 1911 1994
f 1911 1912 1994
f 1912 1913 1994
f 1913 1914 1994
f 1914 1915 2036
f 1915 1916 2036
f 1916 1917 2036
f 1917 1918 2036
f 1918 1919 2037
f 1919 1920 2037
f 1920 1921 2037
f 1921 1922 2037
f 1922 1923 2046
f 1923 1924 2046
f 1924 1925 2046
f 1925 1926 2046
f 1926 1927 2047
f 1927 1928 2047
f 1928 1929 2047
f 1929 1930 2047
f 1930 1931 2052
f 1931 1932 2052
f 1932 1933 2052
f 1933 1934 2052
f 1934 1935 2058
f 1935 1936 2058
f 1936 1937 2058
f 1937 1938 2058
f 1938 1939 2059
f 1939 1940 2059
f 1940 1941 2059
f 1901 1942 1941
f 1941 1943 2059
f 1086 1088 1942
f 1088 1351 1942
f 1941 1942 1943
f 1942 2093 1943
f 1945 1944 1984
f 1945 1986 1946
f 1946 1986 1947
f 1947 1987 1948
f 1948 1987 1949
f 1949 1988 1950
f 1950 1988 1951
f 1951 1989 1952
f 1952 1989 1953
f 1953 2002 1954
f 1954 2002 1955
f 1955 2003 1956
f 1956 2003 1957
f 1957 2009 1958
f 1958 2009 1959
f 1959 2014 1960
f 1960 2014 1961
f 1961 2018 1962
f 1944 1872 1984
f 1672 1962 2075
f 1672 2075 1963
f 1674 1963 1964
f 1963 2075 1964
f 1674 1983 1965
f 1965 2078 1966
f 1966 2079 1967
f 1967 2079 1968
f 1969 1968 2080
f 1675 1969 2081
f 1676 1970 2082
f 1675 2081 1970
f 1676 2082 1971
f 1971 2082 1972
f 1974 2084 1975
f 1677 1975 2083
f 1677 2083 1976
f 1976 2083 1977
f 1977 2085 1978
f 1678 1978 2089
f 1678 2089 1979
f 1972 2086 1973
f 1973 2086 1974
f 1679 1979 2088
f 1680 1980 2087
f 1679 2088 1980
f 1681 1981 2076
f 1681 2076 1982
f 1680 2087 1981
f 1682 1982 2077
f 1671 2077 2165
f 1674 1964 2090
f 1674 2090 1983
f 1965 1983 2078
f 1975 2084 2083
f 1977 2083 2085
f 1978 2085 2089
f 1969 2080 2081
f 1970 2081 2082
f 1966 2078 2079
f 1968 2079 2080
f 1972 2082 2086
f 1974 2086 2084
f 1980 2088 2087
f 1981 2087 2076
f 1982 2076 2077
f 1979 2089 2088
f 1945 1984 1986
f 1947 1986 1987
f 1949 1987 1988
f 1951 1988 1989
f 1953 1989 2002
f 1955 2002 2003
f 1957 2003 2009
f 1959 2009 2014
f 1961 2014 2018
f 1962 2018 2075
f 1906 1985 1984
f 1910 1994 1985
f 1914 2036 1994
f 1918 2037 2036
f 1922 2046 2037
f 1926 2047 2046
f 1930 2052 2047
f 1934 2058 2052
f 1938 2059 2058
f 1984 1985 1986
f 1986 1990 1987
f 1987 1991 1988
f 1988 1992 1989
f 1986 1985 1990
f 1987 1990 1991
f 1991 1992 1988
f 1991 1996 1992
f 1989 1992 1993
f 1992 1997 1993
f 1989 1993 2002
f 1993 2000 2005
f 1985 1994 1990
f 1990 1994 1995
f 1990 1995 1991
f 1991 1995 1996
f 1996 1997 1992
f 1993 1997 2000
f 1997 1999 2000
f 1994 2036 1995
f 1995 2038 1996
f 1995 2036 2038
f 1996 2038 1998
f 1996 1998 1997
f 1998 1999 1997
f 2000 2001 2006
f 1999 2001 2000
f 1999 2041 2001
f 2001 2041 2042
f 2007 2001 2042
f 1993 2005 2002
f 2002 2005 2003
f 2003 2005 2004
f 2005 2000 2006
f 2004 2005 2006
f 2004 2006 2011
f 2006 2007 2011
f 2007 2025 2011
f 2006 2001 2007
f 2007 2008 2025
f 2007 2042 2008
f 2003 2004 2009
f 2004 2010 2009
f 2009 2010 2014
f 2010 2015 2014
f 2010 2012 2015
f 2004 2011 2010
f 2010 2011 2012
f 2011 2025 2012
f 2012 2025 2013
f 2012 2013 2016
f 2013 2027 2017
f 2014 2015 2018
f 2012 2016 2015
f 2015 2016 2018
f 2016 2017 2018
f 2017 2019 2018
f 2018 2019 2020
f 2013 2017 2016
f 2017 2027 2019
f 2019 2028 2020
f 2019 2027 2028
f 2020 2031 2021
f 2018 2020 2021
f 2018 2021 2022
f 2018 2022 2023
f 2018 2023 2024
f 2021 2032 2022
f 2013 2025 2026
f 2008 2026 2025
f 2013 2026 2027
f 2026 2029 2027
f 2027 2029 2028
f 2008 2068 2026
f 2026 2068 2029
f 2029 2068 2069
f 2028 2029 2030
f 2029 2069 2030
f 2020 2028 2031
f 2021 2031 2032
f 2028 2030 2031
f 2022 2033 2023
f 2022 2032 2033
f 2023 2033 2034
f 2023 2034 2024
f 2030 2035 2031
f 2031 2035 2032
f 2032 2035 2071
f 2032 2071 2033
f 2033 2072 2034
f 2033 2071 2072
f 1998 2038 2039
f 2036 2037 2038
f 2038 2037 2039
f 1998 2039 2040
f 1998 2040 1999
f 1999 2040 2041
f 2008 2042 2043
f 2041 2045 2042
f 2042 2045 2043
f 2039 2048 2040
f 2037 2046 2039
f 2039 2046 2048
f 2040 2048 2044
f 2040 2044 2041
f 2044 2045 2041
f 2043 2045 2054
f 2044 2053 2045
f 2046 2047 2048
f 2044 2048 2049
f 2044 2049 2053
f 2048 2047 2049
f 2045 2053 2054
f 2043 2050 2068
f 2043 2054 2050
f 2069 2050 2051
f 2050 2055 2051
f 2070 2051 2060
f 2073 2060 2062
f 2049 2056 2053
f 2050 2054 2055
f 2053 2057 2054
f 2057 2055 2054
f 2051 2055 2061
f 2047 2052 2049
f 2049 2052 2056
f 2053 2056 2057
f 2056 2065 2057
f 2052 2058 2056
f 2056 2058 2065
f 2057 2064 2055
f 2051 2061 2060
f 2064 2061 2055
f 2060 2061 2063
f 2060 2063 2062
f 2057 2065 2064
f 2058 2059 2065
f 2064 2065 2066
f 2064 2067 2061
f 2065 2059 2066
f 2064 2066 2067
f 2067 2063 2061
f 2008 2043 2068
f 2068 2050 2069
f 2030 2069 2070
f 2069 2051 2070
f 2030 2070 2035
f 2035 2073 2071
f 2035 2070 2073
f 2071 2074 2072
f 2071 2073 2074
f 2070 2060 2073
f 2073 2062 2074
f 2018 2024 2211
f 2024 2034 2213
f 2034 2072 2215
f 2062 2063 2219
f 2059 2220 2066
f 2066 2222 2067
f 2067 2224 2063
f 2072 2074 2226
f 2074 2062 2228
f 1964 2075 2090
f 2018 2210 2075
f 1943 2216 2059
f 2018 2211 2210
f 2024 2212 2211
f 2024 2213 2212
f 2034 2214 2213
f 2034 2215 2214
f 2072 2225 2215
f 2059 2216 2220
f 2062 2217 2228
f 2062 2219 2217
f 2063 2218 2219
f 2066 2220 2221
f 2067 2222 2223
f 2066 2221 2222
f 2063 2224 2218
f 2067 2223 2224
f 2072 2226 2225
f 2074 2227 2226
f 2074 2228 2227
f 2075 2091 2090
f 2075 2210 2209
f 2075 2229 2091
f 2078 2090 2091
f 1983 2090 2078
f 2076 2230 2077
f 2076 2087 2231
f 2085 2234 2089
f 2078 2240 2079
f 2080 2079 2241
f 2080 2239 2081
f 2083 2236 2085
f 2084 2086 2237
f 2083 2084 2237
f 2082 2238 2086
f 2082 2081 2243
f 2078 2091 2240
f 2087 2088 2232
f 2088 2089 2233
f 1754 2095 1342
f 1754 2092 2095
f 1755 2196 2092
f 1942 1351 2093
f 1351 1408 2093
f 1943 2094 2216
f 1943 2093 2124
f 1943 2124 2094
f 1342 2095 1407
f 1407 2095 1428
f 2093 1408 2105
f 1428 2095 1429
f 1429 2095 2096
f 1408 1443 2105
f 1429 2096 1430
f 1430 2097 1431
f 1431 2098 1432
f 1432 2098 1433
f 1433 2099 1434
f 1434 2099 1435
f 1435 2100 1436
f 1436 2100 1437
f 1437 2101 1438
f 1438 2102 1439
f 1439 2102 1440
f 1440 2103 1441
f 1441 2104 1442
f 1442 2104 1463
f 1443 1444 2105
f 1444 1445 2106
f 1445 1446 2107
f 1446 1447 2107
f 1448 1449 2108
f 1447 1448 2108
f 1449 1451 2109
f 1450 2110 1451
f 1450 1452 2110
f 1452 1453 2111
f 1453 1454 2111
f 1455 1456 2112
f 1454 1455 2112
f 1456 1474 2113
f 1457 1465 2114
f 1458 2115 1471
f 1457 2114 1458
f 1459 1463 2116
f 1459 2116 1460
f 1460 2117 1462
f 1461 2118 1464
f 1461 1462 2117
f 1464 2119 1466
f 1465 1466 2119
f 1467 1473 2120
f 1468 2121 1474
f 1468 1469 2121
f 1469 1470 2122
f 1467 2120 1470
f 1472 2123 1473
f 1471 2123 1472
f 2095 2125 2096
f 1430 2096 2097
f 1431 2097 2098
f 1433 2098 2099
f 1435 2099 2100
f 1437 2100 2101
f 1438 2101 2102
f 1440 2102 2103
f 1441 2103 2104
f 1444 2106 2105
f 1445 2107 2106
f 1447 2108 2107
f 1449 2109 2108
f 1451 2110 2109
f 1452 2111 2110
f 1454 2112 2111
f 1456 2113 2112
f 1458 2114 2115
f 1460 2116 2117
f 1461 2117 2118
f 1463 2104 2116
f 1464 2118 2119
f 1465 2119 2114
f 1469 2122 2121
f 1470 2120 2122
f 1471 2115 2123
f 1473 2123 2120
f 1474 2121 2113
f 2092 2125 2095
f 2092 2255 2125
f 2093 2105 2124
f 2124 2276 2094
f 2096 2125 2126
f 2124 2105 2137
f 2096 2127 2097
f 2097 2128 2098
f 2098 2129 2099
f 2099 2131 2100
f 2100 2132 2101
f 2101 2133 2102
f 2102 2135 2103
f 2103 2136 2104
f 2105 2106 2138
f 2106 2107 2139
f 2107 2108 2140
f 2108 2109 2142
f 2109 2110 2143
f 2110 2111 2144
f 2111 2112 2146
f 2112 2113 2147
f 2114 2148 2115
f 2116 2150 2117
f 2117 2151 2118
f 2104 2152 2116
f 2118 2153 2119
f 2114 2119 2154
f 2121 2122 2158
f 2120 2156 2122
f 2115 2159 2123
f 2120 2123 2161
f 2113 2121 2162
f 2096 2126 2127
f 2097 2127 2128
f 2098 2128 2129
f 2099 2129 2130
f 2099 2130 2131
f 2100 2131 2132
f 2101 2132 2133
f 2102 2133 2134
f 2102 2134 2135
f 2103 2135 2136
f 2104 2136 2152
f 2105 2138 2137
f 2106 2139 2138
f 2107 2140 2139
f 2108 2142 2141
f 2108 2141 2140
f 2109 2143 2142
f 2110 2144 2143
f 2111 2145 2144
f 2111 2146 2145
f 2112 2147 2146
f 2113 2162 2147
f 2114 2154 2148
f 2115 2148 2159
f 2116 2152 2149
f 2116 2149 2150
f 2117 2150 2151
f 2118 2151 2153
f 2119 2153 2155
f 2119 2155 2154
f 2120 2161 2156
f 2121 2157 2162
f 2121 2158 2157
f 2122 2156 2158
f 2123 2160 2161
f 2123 2159 2160
f 2125 2255 2126
f 2124 2137 2276
f 2126 2255 2127
f 2127 2255 2128
f 2128 2256 2129
f 2129 2256 2130
f 2130 2256 2131
f 2131 2256 2132
f 2132 2266 2133
f 2133 2266 2134
f 2134 2266 2135
f 2135 2266 2136
f 2136 2323 2152
f 2137 2138 2276
f 2138 2139 2276
f 2139 2140 2278
f 2141 2142 2278
f 2140 2141 2278
f 2142 2143 2278
f 2143 2144 2296
f 2144 2145 2296
f 2145 2146 2296
f 2146 2147 2296
f 2147 2162 2329
f 2148 2330 2159
f 2149 2152 2323
f 2149 2323 2150
f 2150 2323 2151
f 2151 2324 2153
f 2153 2324 2155
f 2154 2155 2324
f 2148 2154 2324
f 2157 2329 2162
f 2157 2158 2329
f 2156 2329 2158
f 2160 2330 2161
f 2159 2330 2160
f 2156 2161 2330
f 2163 2166 2164
f 2163 2164 2229
f 1772 2165 2230
f 1772 2230 2167
f 2167 2231 2168
f 2168 2231 2169
f 2169 2232 2170
f 2170 2232 2172
f 2171 2172 2233
f 2171 2233 2174
f 2173 2174 2234
f 1867 2175 2235
f 2173 2234 2176
f 2176 2235 2175
f 1867 2235 2177
f 1868 2177 2236
f 1868 2236 2180
f 2180 2237 2179
f 2178 2179 2238
f 2178 2238 2188
f 1869 2239 2186
f 1870 2243 2181
f 1869 2181 2239
f 2182 2240 2183
f 2182 2185 2241
f 2184 2241 2185
f 2184 2186 2242
f 1870 2187 2243
f 2187 2188 2243
f 2077 2230 2165
f 2164 2166 2244
f 2166 2183 2240
f 2167 2230 2231
f 2169 2231 2232
f 2172 2232 2233
f 2174 2233 2234
f 2176 2234 2235
f 2177 2235 2236
f 2180 2236 2237
f 2179 2237 2238
f 2181 2243 2239
f 2186 2239 2242
f 2182 2241 2240
f 2184 2242 2241
f 2188 2238 2243
f 2163 2229 2189
f 2189 2245 2190
f 2190 2245 2191
f 2191 2246 2192
f 2192 2246 2193
f 2193 2249 2194
f 2194 2249 2195
f 2195 2270 2205
f 2196 2200 2255
f 2208 2257 2197
f 2197 2257 2199
f 2199 2258 2198
f 2200 2201 2259
f 2202 2203 2260
f 2202 2259 2201
f 2204 2198 2258
f 2204 2260 2203
f 2205 2270 2206
f 2206 2271 2207
f 2207 2271 2208
f 2092 2196 2255
f 2164 2244 2229
f 2075 2209 2229
f 2209 2210 2245
f 2210 2211 2245
f 2211 2212 2247
f 2212 2213 2247
f 2213 2214 2251
f 2214 2215 2251
f 2215 2225 2310
f 2220 2216 2276
f 2228 2217 2279
f 2217 2219 2279
f 2219 2218 2280
f 2220 2284 2221
f 2222 2285 2223
f 2222 2221 2284
f 2224 2280 2218
f 2224 2223 2285
f 2225 2226 2310
f 2226 2227 2312
f 2227 2228 2312
f 2216 2094 2276
f 2091 2229 2244
f 2076 2231 2230
f 2087 2232 2231
f 2088 2233 2232
f 2089 2234 2233
f 2085 2235 2234
f 2079 2240 2241
f 2081 2239 2243
f 2080 2242 2239
f 2080 2241 2242
f 2085 2236 2235
f 2083 2237 2236
f 2086 2238 2237
f 2082 2243 2238
f 2166 2240 2244
f 2091 2244 2240
f 2189 2229 2245
f 2191 2245 2246
f 2193 2246 2249
f 2195 2249 2270
f 2199 2257 2258
f 2200 2259 2255
f 2202 2260 2259
f 2204 2258 2260
f 2206 2270 2271
f 2208 2271 2257
f 2209 2245 2229
f 2211 2247 2245
f 2213 2251 2247
f 2215 2310 2251
f 2219 2280 2279
f 2220 2276 2284
f 2222 2284 2285
f 2224 2285 2280
f 2226 2312 2310
f 2228 2279 2312
f 2128 2255 2256
f 2132 2256 2266
f 2136 2266 2323
f 2139 2278 2276
f 2143 2296 2278
f 2147 2329 2296
f 2148 2324 2330
f 2151 2323 2324
f 2156 2330 2329
f 2245 2248 2246
f 2245 2247 2248
f 2246 2250 2249
f 2249 2272 2270
f 2246 2248 2250
f 2249 2250 2272
f 2247 2251 2252
f 2247 2252 2248
f 2248 2252 2253
f 2251 2310 2311
f 2251 2311 2252
f 2252 2311 2314
f 2248 2253 2250
f 2250 2254 2272
f 2250 2253 2254
f 2252 2314 2253
f 2253 2315 2254
f 2253 2314 2315
f 2271 2261 2257
f 2257 2262 2258
f 2255 2259 2256
f 2259 2260 2264
f 2260 2258 2263
f 2257 2261 2262
f 2259 2264 2256
f 2260 2263 2264
f 2263 2258 2262
f 2273 2265 2261
f 2274 2317 2318
f 2274 2318 2265
f 2265 2318 2327
f 2267 2262 2261
f 2267 2261 2265
f 2267 2269 2262
f 2256 2264 2266
f 2263 2268 2264
f 2263 2269 2268
f 2264 2268 2266
f 2263 2262 2269
f 2269 2326 2325
f 2267 2265 2327
f 2267 2326 2269
f 2267 2327 2326
f 2266 2268 2323
f 2268 2269 2325
f 2268 2325 2323
f 2270 2273 2271
f 2270 2272 2273
f 2271 2273 2261
f 2272 2274 2273
f 2254 2274 2272
f 2273 2274 2265
f 2254 2317 2274
f 2254 2315 2317
f 2312 2279 2282
f 2313 2282 2297
f 2315 2275 2319
f 2316 2297 2298
f 2316 2298 2275
f 2275 2298 2304
f 2304 2334 2319
f 2275 2304 2319
f 2276 2278 2277
f 2276 2277 2294
f 2279 2281 2282
f 2279 2280 2281
f 2283 2297 2282
f 2283 2282 2281
f 2283 2299 2297
f 2276 2286 2284
f 2284 2286 2285
f 2276 2287 2286
f 2276 2288 2287
f 2276 2290 2288
f 2276 2291 2290
f 2285 2286 2289
f 2287 2293 2289
f 2286 2287 2289
f 2287 2288 2293
f 2285 2289 2280
f 2289 2281 2280
f 2289 2293 2281
f 2295 2305 2299
f 2276 2292 2291
f 2276 2294 2292
f 2288 2290 2295
f 2288 2295 2293
f 2290 2291 2305
f 2292 2306 2291
f 2294 2277 2309
f 2292 2294 2307
f 2290 2305 2295
f 2291 2306 2305
f 2283 2281 2293
f 2283 2293 2295
f 2283 2295 2299
f 2277 2278 2308
f 2278 2296 2308
f 2296 2329 2333
f 2299 2298 2297
f 2299 2300 2298
f 2301 2303 2334
f 2300 2304 2298
f 2301 2334 2304
f 2300 2301 2304
f 2299 2305 2300
f 2300 2305 2306
f 2300 2306 2301
f 2301 2306 2307
f 2292 2307 2306
f 2277 2308 2309
f 2294 2309 2307
f 2303 2309 2302
f 2303 2307 2309
f 2302 2309 2308
f 2296 2333 2308
f 2301 2307 2303
f 2302 2308 2333
f 2310 2312 2313
f 2310 2313 2311
f 2311 2313 2316
f 2312 2282 2313
f 2313 2297 2316
f 2311 2316 2314
f 2314 2316 2275
f 2314 2275 2315
f 2315 2319 2317
f 2317 2320 2318
f 2317 2319 2320
f 2322 2321 2327
f 2322 2318 2320
f 2322 2327 2318
f 2322 2331 2332
f 2334 2320 2319
f 2322 2320 2331
f 2334 2331 2320
f 2322 2332 2321
f 2321 2332 2335
f 2321 2335 2328
f 2324 2328 2330
f 2328 2335 2330
f 2325 2328 2324
f 2321 2326 2327
f 2321 2328 2326
f 2323 2325 2324
f 2325 2326 2328
f 2303 2331 2334
f 2302 2332 2331
f 2333 2335 2332
f 2329 2330 2335
f 2333 2329 2335
f 2302 2333 2332
f 2303 2302 2331
f 173 369 915
f 915 369 918
f 915 918 916
f 369 1143 918