# https://github.com/mikedh/trimesh

o geometry_0
v -0.05119976 0.00931850 0.01269998 0.54509804 0.71372549 0.60000000
v -0.05119976 0.00968238 0.01267512 0.54509804 0.71372549 0.60000000
v -0.05119976 -0.01268747 0.01269998 0.54509804 0.71372549 0.60000000
v -0.04869564 0.00863182 0.01269998 0.54509804 0.71372549 0.60000000
v -0.05119976 0.01390809 0.01218034 0.54509804 0.71372549 0.60000000
v -0.04869564 0.00889006 0.01267512 0.54509804 0.71372549 0.60000000
v -0.05119976 -0.01304842 0.01267760 0.54509804 0.71372549 0.60000000
v -0.05016869 -0.01371749 0.01269998 0.54509804 0.71372549 0.60000000
v -0.04869564 -0.01338589 0.01269998 0.54509804 0.71372549 0.60000000
v -0.05119976 0.01401079 0.01215548 0.54509804 0.71372549 0.60000000
v -0.04869564 0.00890473 0.01267263 0.54509804 0.71372549 0.60000000
v -0.05119976 -0.01342404 0.01260799 0.54509804 0.71372549 0.60000000
v -0.05053714 -0.01408724 0.01260799 0.54509804 0.71372549 0.60000000
v -0.05035573 -0.01390530 0.01267512 0.54509804 0.71372549 0.60000000
v -0.05032411 -0.01393171 0.01267512 0.54509804 0.71372549 0.60000000
v -0.05028881 -0.01395518 0.01267512 0.54509804 0.71372549 0.60000000
v -0.05025032 -0.01396986 0.01267512 0.54509804 0.71372549 0.60000000
v -0.05021012 -0.01397866 0.01267512 0.54509804 0.71372549 0.60000000
v -0.05016869 -0.01398160 0.01267512 0.54509804 0.71372549 0.60000000
v -0.04869564 -0.01396986 0.01267760 0.54509804 0.71372549 0.60000000
v -0.04869564 -0.01373803 0.01269749 0.54509804 0.71372549 0.60000000
v -0.05119976 0.01411937 0.01211321 0.54509804 0.71372549 0.60000000
v -0.04869564 0.00914829 0.01260799 0.54509804 0.71372549 0.60000000
v -0.04869564 0.00915710 0.01260550 0.54509804 0.71372549 0.60000000
v -0.05119976 -0.01375857 0.01249610 0.54509804 0.71372549 0.60000000
v -0.05047512 -0.01414006 0.01260799 0.54509804 0.71372549 0.60000000
v -0.05070751 -0.01425744 0.01249362 0.54509804 0.71372549 0.60000000
v -0.05040525 -0.01418114 0.01260799 0.54509804 0.71372549 0.60000000
v -0.05032975 -0.01421342 0.01260799 0.54509804 0.71372549 0.60000000
v -0.05025008 -0.01423397 0.01260799 0.54509804 0.71372549 0.60000000
v -0.05016869 -0.01423983 0.01260799 0.54509804 0.71372549 0.60000000
v -0.04869564 -0.01398747 0.01267512 0.54509804 0.71372549 0.60000000
v -0.05119976 0.01436000 0.01196901 0.54509804 0.71372549 0.60000000
v -0.04869564 0.00938599 0.01249859 0.54509804 0.71372549 0.60000000
v -0.04869564 0.00940066 0.01249113 0.54509804 0.71372549 0.60000000
v -0.05119976 -0.01376444 0.01249362 0.54509804 0.71372549 0.60000000
v -0.05061657 -0.01433374 0.01249362 0.54509804 0.71372549 0.60000000
v -0.05051458 -0.01439830 0.01249362 0.54509804 0.71372549 0.60000000
v -0.05086122 -0.01441004 0.01234195 0.54509804 0.71372549 0.60000000
v -0.05074453 -0.01450981 0.01234195 0.54509804 0.71372549 0.60000000
v -0.05119976 -0.01407257 0.01234195 0.54509804 0.71372549 0.60000000
v -0.05040403 -0.01444232 0.01249362 0.54509804 0.71372549 0.60000000
v -0.05028783 -0.01447166 0.01249362 0.54509804 0.71372549 0.60000000
v -0.05016869 -0.01448046 0.01249362 0.54509804 0.71372549 0.60000000
v -0.04869564 -0.01424864 0.01260301 0.54509804 0.71372549 0.60000000
v -0.04869564 -0.01423690 0.01260799 0.54509804 0.71372549 0.60000000
v -0.04869564 -0.01422810 0.01261047 0.54509804 0.71372549 0.60000000
v -0.04869564 -0.01446286 0.01250356 0.54509804 0.71372549 0.60000000
v -0.05118088 0.01437174 0.01193669 0.54509804 0.71372549 0.60000000
v -0.05119976 0.01439815 0.01193669 0.54509804 0.71372549 0.60000000
v -0.04869564 0.00960608 0.01234444 0.54509804 0.71372549 0.60000000
v -0.05061338 -0.01459198 0.01234195 0.54509804 0.71372549 0.60000000
v -0.05047144 -0.01465067 0.01234195 0.54509804 0.71372549 0.60000000
v -0.05099408 -0.01454209 0.01215548 0.54509804 0.71372549 0.60000000
v -0.05085484 -0.01466240 0.01215548 0.54509804 0.71372549 0.60000000
v -0.05119976 -0.01433667 0.01215548 0.54509804 0.71372549 0.60000000
v -0.05032190 -0.01468588 0.01234195 0.54509804 0.71372549 0.60000000
v -0.05016869 -0.01469762 0.01234195 0.54509804 0.71372549 0.60000000
v -0.04869564 -0.01447753 0.01249610 0.54509804 0.71372549 0.60000000
v -0.04869564 -0.01468882 0.01234941 0.54509804 0.71372549 0.60000000
v -0.05108356 0.01442750 0.01169552 0.54509804 0.71372549 0.60000000
v -0.05119976 0.01459183 0.01169552 0.54509804 0.71372549 0.60000000
v -0.04869564 0.00961488 0.01233698 0.54509804 0.71372549 0.60000000
v -0.04869564 0.00979389 0.01215797 0.54509804 0.71372549 0.60000000
v -0.05069869 -0.01475924 0.01215548 0.54509804 0.71372549 0.60000000
v -0.05052929 -0.01482967 0.01215548 0.54509804 0.71372549 0.60000000
v -0.05119976 -0.01455383 0.01193669 0.54509804 0.71372549 0.60000000
v -0.05110194 -0.01465067 0.01193669 0.54509804 0.71372549 0.60000000
v -0.05119976 -0.01433961 0.01215299 0.54509804 0.71372549 0.60000000
v -0.05094432 -0.01478565 0.01193669 0.54509804 0.71372549 0.60000000
v -0.05035132 -0.01487076 0.01215548 0.54509804 0.71372549 0.60000000
v -0.05016869 -0.01488543 0.01215548 0.54509804 0.71372549 0.60000000
v -0.04869564 -0.01471229 0.01232952 0.54509804 0.71372549 0.60000000
v -0.05102423 0.01446271 0.01143943 0.54509804 0.71372549 0.60000000
v -0.05117426 0.01467693 0.01143943 0.54509804 0.71372549 0.60000000
v -0.04869564 0.00980269 0.01214802 0.54509804 0.71372549 0.60000000
v -0.04869564 0.00994942 0.01194166 0.54509804 0.71372549 0.60000000
v -0.05119976 0.01465345 0.01156374 0.54509804 0.71372549 0.60000000
v -0.05076782 -0.01489423 0.01193669 0.54509804 0.71372549 0.60000000
v -0.05057636 -0.01497346 0.01193669 0.54509804 0.71372549 0.60000000
v -0.05037510 -0.01502042 0.01193669 0.54509804 0.71372549 0.60000000
v -0.05119976 -0.01471229 0.01169552 0.54509804 0.71372549 0.60000000
v -0.05118137 -0.01472990 0.01169552 0.54509804 0.71372549 0.60000000
v -0.05101026 -0.01487662 0.01169552 0.54509804 0.71372549 0.60000000
v -0.05016869 -0.01503802 0.01193669 0.54509804 0.71372549 0.60000000
v -0.04869564 -0.01489717 0.01213808 0.54509804 0.71372549 0.60000000
v -0.04869564 -0.01488836 0.01215051 0.54509804 0.71372549 0.60000000
v -0.04869564 -0.01487662 0.01216294 0.54509804 0.71372549 0.60000000
v -0.04869564 -0.01503215 0.01194663 0.54509804 0.71372549 0.60000000
v -0.05100413 0.01447445 0.01117588 0.54509804 0.71372549 0.60000000
v -0.04869564 0.01006093 0.01170297 0.54509804 0.71372549 0.60000000
v -0.04869564 0.01006386 0.01169552 0.54509804 0.71372549 0.60000000
v -0.04869564 0.01013136 0.01144440 0.54509804 0.71372549 0.60000000
v -0.05115637 0.01469160 0.01117588 0.54509804 0.71372549 0.60000000
v -0.05119976 0.01470627 0.01139965 0.54509804 0.71372549 0.60000000
v -0.05119976 0.01470041 0.01143943 0.54509804 0.71372549 0.60000000
v -0.05081881 -0.01499401 0.01169552 0.54509804 0.71372549 0.60000000
v -0.05061117 -0.01507911 0.01169552 0.54509804 0.71372549 0.60000000
v -0.05039275 -0.01513193 0.01169552 0.54509804 0.71372549 0.60000000
v -0.05119976 -0.01475044 0.01159855 0.54509804 0.71372549 0.60000000
v -0.05105071 -0.01493238 0.01143943 0.54509804 0.71372549 0.60000000
v -0.05084994 -0.01505563 0.01143943 0.54509804 0.71372549 0.60000000
v -0.04869564 -0.01504389 0.01192674 0.54509804 0.71372549 0.60000000
v -0.05016869 -0.01514954 0.01169552 0.54509804 0.71372549 0.60000000
v -0.04869564 -0.01514954 0.01170049 0.54509804 0.71372549 0.60000000
v -0.05100413 0.01447445 -0.01117592 0.54509804 0.71372549 0.60000000
v -0.05108013 0.01458303 -0.00000002 0.54509804 0.71372549 0.60000000
v -0.04869564 0.01015483 0.01117837 0.54509804 0.71372549 0.60000000
v -0.05115637 0.01469160 -0.01117592 0.54509804 0.71372549 0.60000000
v -0.05119976 0.01473562 -0.00000002 0.54509804 0.71372549 0.60000000
v -0.05119976 0.01473269 0.01117588 0.54509804 0.71372549 0.60000000
v -0.05063250 -0.01514660 0.01143943 0.54509804 0.71372549 0.60000000
v -0.05040329 -0.01519942 0.01143943 0.54509804 0.71372549 0.60000000
v -0.05016869 -0.01521996 0.01143943 0.54509804 0.71372549 0.60000000
v -0.05119976 -0.01480620 0.01143943 0.54509804 0.71372549 0.60000000
v -0.05119976 -0.01483554 0.01117588 0.54509804 0.71372549 0.60000000
v -0.05106444 -0.01494999 0.01117588 0.54509804 0.71372549 0.60000000
v -0.05086048 -0.01507617 0.01117588 0.54509804 0.71372549 0.60000000
v -0.04869564 -0.01515247 0.01169303 0.54509804 0.71372549 0.60000000
v -0.05102399 0.01447445 -0.01140466 0.54509804 0.71372549 0.60000000
v -0.04869564 0.01015483 -0.01118338 0.54509804 0.71372549 0.60000000
v -0.04869564 0.01013136 -0.01144444 0.54509804 0.71372549 0.60000000
v -0.05117426 0.01469160 -0.01137731 0.54509804 0.71372549 0.60000000
v -0.05119976 0.01471801 -0.01137234 0.54509804 0.71372549 0.60000000
v -0.05119976 0.01473562 -0.01117592 0.54509804 0.71372549 0.60000000
v -0.05063961 -0.01516714 0.01117588 0.54509804 0.71372549 0.60000000
v -0.05040697 -0.01522290 0.01117588 0.54509804 0.71372549 0.60000000
v -0.05016869 -0.01524344 0.01117588 0.54509804 0.71372549 0.60000000
v -0.04869564 -0.01524344 0.01117588 0.54509804 0.71372549 0.60000000
v -0.04869564 -0.01521996 0.01143445 0.54509804 0.71372549 0.60000000
v -0.04869564 -0.01521703 0.01145186 0.54509804 0.71372549 0.60000000
v -0.05119976 -0.01483554 -0.01117592 0.54509804 0.71372549 0.60000000
v -0.05115539 -0.01487369 -0.00000002 0.54509804 0.71372549 0.60000000
v -0.05106444 -0.01494999 -0.01117592 0.54509804 0.71372549 0.60000000
v -0.05096246 -0.01501455 -0.00000002 0.54509804 0.71372549 0.60000000
v -0.05086048 -0.01507617 -0.01117592 0.54509804 0.71372549 0.60000000
v -0.05108356 0.01447445 -0.01162594 0.54509804 0.71372549 0.60000000
v -0.05119976 0.01469160 -0.01147428 0.54509804 0.71372549 0.60000000
v -0.04869564 0.01006386 -0.01169556 0.54509804 0.71372549 0.60000000
v -0.04869564 0.01006093 -0.01170301 0.54509804 0.71372549 0.60000000
v -0.04869564 0.00994942 -0.01194170 0.54509804 0.71372549 0.60000000
v -0.05063961 -0.01516714 -0.01117592 0.54509804 0.71372549 0.60000000
v -0.05052341 -0.01519649 -0.00000002 0.54509804 0.71372549 0.60000000
v -0.05040697 -0.01522290 -0.01117592 0.54509804 0.71372549 0.60000000
v -0.05016869 -0.01524344 -0.01117592 0.54509804 0.71372549 0.60000000
v -0.04869564 -0.01524344 -0.01117592 0.54509804 0.71372549 0.60000000
v -0.05119976 -0.01480620 -0.01143947 0.54509804 0.71372549 0.60000000
v -0.05105071 -0.01493238 -0.01143947 0.54509804 0.71372549 0.60000000
v -0.05084994 -0.01505563 -0.01143947 0.54509804 0.71372549 0.60000000
v -0.05063250 -0.01514660 -0.01143947 0.54509804 0.71372549 0.60000000
v -0.05118088 0.01447445 -0.01183479 0.54509804 0.71372549 0.60000000
v -0.05119976 0.01465052 -0.01158367 0.54509804 0.71372549 0.60000000
v -0.04869564 0.00980269 -0.01214806 0.54509804 0.71372549 0.60000000
v -0.05040329 -0.01519942 -0.01143947 0.54509804 0.71372549 0.60000000
v -0.05016869 -0.01521996 -0.01143947 0.54509804 0.71372549 0.60000000
v -0.04869564 -0.01521996 -0.01143449 0.54509804 0.71372549 0.60000000
v -0.05119976 -0.01475044 -0.01159859 0.54509804 0.71372549 0.60000000
v -0.05101026 -0.01487662 -0.01169556 0.54509804 0.71372549 0.60000000
v -0.05081881 -0.01499401 -0.01169556 0.54509804 0.71372549 0.60000000
v -0.05061117 -0.01507911 -0.01169556 0.54509804 0.71372549 0.60000000
v -0.05039275 -0.01513193 -0.01169556 0.54509804 0.71372549 0.60000000
v -0.05119976 0.01447445 -0.01186214 0.54509804 0.71372549 0.60000000
v -0.05119976 0.01450379 -0.01182484 0.54509804 0.71372549 0.60000000
v -0.04869564 0.00979389 -0.01215801 0.54509804 0.71372549 0.60000000
v -0.04869564 0.00961488 -0.01233702 0.54509804 0.71372549 0.60000000
v -0.04869564 0.00960608 -0.01234448 0.54509804 0.71372549 0.60000000
v -0.04869564 -0.01521703 -0.01145190 0.54509804 0.71372549 0.60000000
v -0.05016869 -0.01514954 -0.01169556 0.54509804 0.71372549 0.60000000
v -0.04869564 -0.01515247 -0.01169307 0.54509804 0.71372549 0.60000000
v -0.05118113 -0.01472990 -0.01169556 0.54509804 0.71372549 0.60000000
v -0.05119976 -0.01471229 -0.01169556 0.54509804 0.71372549 0.60000000
v -0.05076782 -0.01489423 -0.01193673 0.54509804 0.71372549 0.60000000
v -0.05110194 -0.01465067 -0.01193673 0.54509804 0.71372549 0.60000000
v -0.05094432 -0.01478565 -0.01193673 0.54509804 0.71372549 0.60000000
v -0.05057636 -0.01497346 -0.01193673 0.54509804 0.71372549 0.60000000
v -0.05037510 -0.01502042 -0.01193673 0.54509804 0.71372549 0.60000000
v -0.05016869 -0.01503802 -0.01193673 0.54509804 0.71372549 0.60000000
v -0.05119976 0.01437467 -0.01194170 0.54509804 0.71372549 0.60000000
v -0.04869564 0.00940066 -0.01249117 0.54509804 0.71372549 0.60000000
v -0.05119976 0.01423088 -0.01205607 0.54509804 0.71372549 0.60000000
v -0.04869564 -0.01514954 -0.01170053 0.54509804 0.71372549 0.60000000
v -0.05119976 -0.01455383 -0.01193673 0.54509804 0.71372549 0.60000000
v -0.05069869 -0.01475924 -0.01215552 0.54509804 0.71372549 0.60000000
v -0.05052929 -0.01482967 -0.01215552 0.54509804 0.71372549 0.60000000
v -0.05085484 -0.01466240 -0.01215552 0.54509804 0.71372549 0.60000000
v -0.05099408 -0.01454209 -0.01215552 0.54509804 0.71372549 0.60000000
v -0.05035132 -0.01487076 -0.01215552 0.54509804 0.71372549 0.60000000
v -0.05016869 -0.01488543 -0.01215552 0.54509804 0.71372549 0.60000000
v -0.04869564 -0.01503215 -0.01194667 0.54509804 0.71372549 0.60000000
v -0.04869564 -0.01504389 -0.01192678 0.54509804 0.71372549 0.60000000
v -0.04869564 0.00938599 -0.01249863 0.54509804 0.71372549 0.60000000
v -0.05119976 0.01410176 -0.01211823 0.54509804 0.71372549 0.60000000
v -0.05119976 -0.01433667 -0.01215552 0.54509804 0.71372549 0.60000000
v -0.05061338 -0.01459198 -0.01234199 0.54509804 0.71372549 0.60000000
v -0.05047119 -0.01465067 -0.01234199 0.54509804 0.71372549 0.60000000
v -0.05032190 -0.01468588 -0.01234199 0.54509804 0.71372549 0.60000000
v -0.05086122 -0.01441004 -0.01234199 0.54509804 0.71372549 0.60000000
v -0.05074453 -0.01450981 -0.01234199 0.54509804 0.71372549 0.60000000
v -0.05119976 -0.01408430 -0.01233453 0.54509804 0.71372549 0.60000000
v -0.05016869 -0.01469762 -0.01234199 0.54509804 0.71372549 0.60000000
v -0.04869564 -0.01471229 -0.01232956 0.54509804 0.71372549 0.60000000
v -0.04869564 -0.01487662 -0.01216298 0.54509804 0.71372549 0.60000000
v -0.04869564 -0.01488836 -0.01215055 0.54509804 0.71372549 0.60000000
v -0.04869564 -0.01489717 -0.01213812 0.54509804 0.71372549 0.60000000
v -0.04869564 0.00915710 -0.01260554 0.54509804 0.71372549 0.60000000
v -0.05119976 0.01397558 -0.01216547 0.54509804 0.71372549 0.60000000
v -0.05051458 -0.01439830 -0.01249366 0.54509804 0.71372549 0.60000000
v -0.05040403 -0.01444232 -0.01249366 0.54509804 0.71372549 0.60000000
v -0.05028783 -0.01447166 -0.01249366 0.54509804 0.71372549 0.60000000
v -0.05119976 -0.01407257 -0.01234199 0.54509804 0.71372549 0.60000000
v -0.05070751 -0.01425744 -0.01249366 0.54509804 0.71372549 0.60000000
v -0.05061657 -0.01433374 -0.01249366 0.54509804 0.71372549 0.60000000
v -0.05016869 -0.01448046 -0.01249366 0.54509804 0.71372549 0.60000000
v -0.04869564 -0.01468882 -0.01234945 0.54509804 0.71372549 0.60000000
v -0.04869564 0.00914829 -0.01260803 0.54509804 0.71372549 0.60000000
v -0.05119976 0.01371147 -0.01219779 0.54509804 0.71372549 0.60000000
v -0.04869564 0.00890473 -0.01267267 0.54509804 0.71372549 0.60000000
v -0.04869564 0.00889006 -0.01267516 0.54509804 0.71372549 0.60000000
v -0.05047487 -0.01414006 -0.01260803 0.54509804 0.71372549 0.60000000
v -0.05040525 -0.01418114 -0.01260803 0.54509804 0.71372549 0.60000000
v -0.05032975 -0.01421342 -0.01260803 0.54509804 0.71372549 0.60000000
v -0.05025008 -0.01423397 -0.01260803 0.54509804 0.71372549 0.60000000
v -0.05119976 -0.01376444 -0.01249366 0.54509804 0.71372549 0.60000000
v -0.05119976 -0.01342404 -0.01260803 0.54509804 0.71372549 0.60000000
v -0.05053714 -0.01408724 -0.01260803 0.54509804 0.71372549 0.60000000
v -0.05016869 -0.01423983 -0.01260803 0.54509804 0.71372549 0.60000000
v -0.04869564 -0.01446286 -0.01250360 0.54509804 0.71372549 0.60000000
v -0.04869564 -0.01447753 -0.01249614 0.54509804 0.71372549 0.60000000
v -0.05119976 0.00968238 -0.01267516 0.54509804 0.71372549 0.60000000
v -0.04869564 0.00863182 -0.01270002 0.54509804 0.71372549 0.60000000
v -0.05035573 -0.01390530 -0.01267516 0.54509804 0.71372549 0.60000000
v -0.05032411 -0.01393171 -0.01267516 0.54509804 0.71372549 0.60000000
v -0.05028881 -0.01395518 -0.01267516 0.54509804 0.71372549 0.60000000
v -0.05025032 -0.01396986 -0.01267516 0.54509804 0.71372549 0.60000000
v -0.05021012 -0.01397866 -0.01267516 0.54509804 0.71372549 0.60000000
v -0.05119976 -0.01307483 -0.01267267 0.54509804 0.71372549 0.60000000
v -0.05016869 -0.01398160 -0.01267516 0.54509804 0.71372549 0.60000000
v -0.04869564 -0.01398747 -0.01267516 0.54509804 0.71372549 0.60000000
v -0.04869564 -0.01422810 -0.01261051 0.54509804 0.71372549 0.60000000
v -0.04869564 -0.01423690 -0.01260803 0.54509804 0.71372549 0.60000000
v -0.04869564 -0.01424864 -0.01260305 0.54509804 0.71372549 0.60000000
v -0.05119976 0.00931850 -0.01270002 0.54509804 0.71372549 0.60000000
v -0.04869564 -0.01339176 -0.01270002 0.54509804 0.71372549 0.60000000
v -0.05016869 -0.01371749 -0.01270002 0.54509804 0.71372549 0.60000000
v -0.05119976 -0.01306016 -0.01267516 0.54509804 0.71372549 0.60000000
v -0.05119976 -0.01268747 -0.01270002 0.54509804 0.71372549 0.60000000
v -0.04869564 -0.01396986 -0.01267764 0.54509804 0.71372549 0.60000000
v -0.04869564 -0.01373803 -0.01269753 0.54509804 0.71372549 0.60000000
f 1 2 5
f 1 5 10
f 1 10 22
f 1 22 33
f 1 33 50
f 1 50 62
f 1 62 78
f 1 78 96
f 1 96 95
f 1 95 111
f 1 111 110
f 1 110 125
f 1 125 124
f 1 124 138
f 1 138 152
f 1 152 163
f 1 163 162
f 1 162 178
f 1 178 180
f 1 180 192
f 1 192 206
f 1 206 216
f 1 216 229
f 1 229 242
f 1 242 246
f 1 246 245
f 1 245 236
f 1 236 224
f 1 224 223
f 1 223 210
f 1 210 199
f 1 199 193
f 1 193 182
f 1 182 171
f 1 171 157
f 1 157 147
f 1 147 132
f 1 132 116
f 1 116 115
f 1 115 100
f 1 100 82
f 1 82 67
f 1 67 69
f 1 69 56
f 1 56 41
f 1 41 36
f 1 36 25
f 1 25 12
f 1 12 7
f 1 7 3
f 1 3 8
f 1 8 9
f 1 9 4
f 1 4 2
f 2 4 6
f 2 6 5
f 3 7 8
f 4 9 21
f 4 21 20
f 4 20 32
f 4 32 47
f 4 47 46
f 4 46 45
f 4 45 48
f 4 48 59
f 4 59 60
f 4 60 73
f 4 73 88
f 4 88 87
f 4 87 86
f 4 86 89
f 4 89 103
f 4 103 105
f 4 105 119
f 4 119 131
f 4 131 130
f 4 130 129
f 4 129 146
f 4 146 156
f 4 156 167
f 4 167 169
f 4 169 181
f 4 181 190
f 4 190 189
f 4 189 204
f 4 204 203
f 4 203 202
f 4 202 201
f 4 201 214
f 4 214 228
f 4 228 227
f 4 227 241
f 4 241 240
f 4 240 239
f 4 239 238
f 4 238 247
f 4 247 248
f 4 248 243
f 4 243 230
f 4 230 218
f 4 218 217
f 4 217 215
f 4 215 205
f 4 205 191
f 4 191 179
f 4 179 166
f 4 166 165
f 4 165 164
f 4 164 153
f 4 153 141
f 4 141 140
f 4 140 139
f 4 139 122
f 4 122 121
f 4 121 108
f 4 108 93
f 4 93 92
f 4 92 91
f 4 91 77
f 4 77 76
f 4 76 64
f 4 64 63
f 4 63 51
f 4 51 35
f 4 35 34
f 4 34 24
f 4 24 23
f 4 23 11
f 4 11 6
f 5 6 11
f 5 11 10
f 7 12 13
f 7 13 14
f 7 14 8
f 8 14 15
f 8 15 16
f 8 16 17
f 8 17 18
f 8 18 19
f 8 19 20
f 8 20 21
f 8 21 9
f 10 11 23
f 10 23 24
f 10 24 22
f 12 25 13
f 13 26 14
f 13 25 27
f 13 27 26
f 14 26 15
f 15 26 16
f 16 26 28
f 16 28 29
f 16 29 17
f 17 29 30
f 17 30 18
f 18 30 31
f 18 31 19
f 19 31 32
f 19 32 20
f 22 24 34
f 22 34 35
f 22 35 33
f 25 36 27
f 26 27 37
f 26 37 38
f 26 38 28
f 27 39 40
f 27 40 37
f 27 36 41
f 27 41 39
f 28 38 29
f 29 38 42
f 29 42 30
f 30 42 43
f 30 43 44
f 30 44 31
f 31 45 46
f 31 46 47
f 31 47 32
f 31 44 48
f 31 48 45
f 33 49 50
f 33 35 51
f 33 51 49
f 37 40 38
f 38 40 52
f 38 52 53
f 38 53 42
f 39 41 54
f 39 54 55
f 39 55 40
f 40 55 52
f 41 56 54
f 42 53 43
f 43 53 57
f 43 57 58
f 43 58 44
f 44 59 48
f 44 58 60
f 44 60 59
f 49 61 62
f 49 62 50
f 49 51 63
f 49 63 64
f 49 64 61
f 52 55 65
f 52 65 66
f 52 66 53
f 53 66 57
f 54 67 68
f 54 68 55
f 54 56 69
f 54 69 67
f 55 68 70
f 55 70 65
f 57 66 71
f 57 71 72
f 57 72 58
f 58 72 73
f 58 73 60
f 61 74 75
f 61 75 62
f 61 64 76
f 61 76 77
f 61 77 74
f 62 75 78
f 65 70 79
f 65 79 66
f 66 79 80
f 66 80 81
f 66 81 71
f 67 82 68
f 68 82 83
f 68 83 84
f 68 84 70
f 70 84 79
f 71 81 85
f 71 85 72
f 72 86 87
f 72 87 88
f 72 88 73
f 72 85 89
f 72 89 86
f 74 90 75
f 74 77 91
f 74 91 92
f 74 92 93
f 74 93 90
f 75 90 94
f 75 94 95
f 75 95 96
f 75 96 78
f 79 84 97
f 79 97 80
f 80 97 98
f 80 98 99
f 80 99 81
f 81 99 85
f 82 100 83
f 83 100 84
f 84 101 102
f 84 102 97
f 84 100 101
f 85 103 89
f 85 99 104
f 85 104 105
f 85 105 103
f 90 106 107
f 90 107 94
f 90 93 108
f 90 108 121
f 90 121 106
f 94 107 109
f 94 109 125
f 94 125 110
f 94 110 111
f 94 111 95
f 97 102 112
f 97 112 98
f 98 112 99
f 99 112 113
f 99 113 114
f 99 114 104
f 100 115 101
f 101 115 116
f 101 116 117
f 101 117 118
f 101 118 102
f 102 118 112
f 104 119 105
f 104 114 119
f 106 120 109
f 106 109 107
f 106 121 122
f 106 122 120
f 109 123 124
f 109 124 125
f 109 120 123
f 112 118 126
f 112 126 127
f 112 127 113
f 113 127 114
f 114 127 128
f 114 128 129
f 114 129 130
f 114 130 131
f 114 131 119
f 116 132 133
f 116 133 117
f 117 133 134
f 117 134 135
f 117 135 118
f 118 135 136
f 118 136 142
f 118 142 126
f 120 137 138
f 120 138 123
f 120 122 139
f 120 139 140
f 120 140 141
f 120 141 137
f 123 138 124
f 126 142 143
f 126 143 127
f 127 144 145
f 127 145 128
f 127 143 144
f 128 145 146
f 128 146 129
f 132 147 148
f 132 148 134
f 132 134 133
f 134 148 136
f 134 136 135
f 136 148 149
f 136 149 150
f 136 150 142
f 137 151 152
f 137 152 138
f 137 141 153
f 137 153 151
f 142 144 143
f 142 150 144
f 144 150 154
f 144 154 155
f 144 155 145
f 145 155 146
f 146 155 156
f 147 157 148
f 148 157 158
f 148 158 149
f 149 159 150
f 149 158 159
f 150 159 160
f 150 160 161
f 150 161 154
f 151 162 163
f 151 163 152
f 151 153 164
f 151 164 165
f 151 165 166
f 151 166 162
f 154 161 155
f 155 167 156
f 155 161 168
f 155 168 169
f 155 169 167
f 157 170 158
f 157 171 170
f 158 172 159
f 158 170 173
f 158 173 174
f 158 174 172
f 159 175 160
f 159 172 175
f 160 175 161
f 161 175 176
f 161 176 177
f 161 177 168
f 162 166 178
f 166 179 180
f 166 180 178
f 168 177 181
f 168 181 169
f 170 171 173
f 171 182 173
f 172 174 183
f 172 183 184
f 172 184 175
f 173 185 174
f 173 182 186
f 173 186 185
f 174 185 183
f 175 184 176
f 176 184 187
f 176 187 177
f 177 187 188
f 177 188 189
f 177 189 190
f 177 190 181
f 179 191 180
f 180 191 192
f 182 193 186
f 183 185 194
f 183 194 184
f 184 194 195
f 184 195 196
f 184 196 187
f 185 186 197
f 185 197 198
f 185 198 194
f 186 193 199
f 186 199 197
f 187 196 188
f 188 196 200
f 188 200 201
f 188 201 202
f 188 202 203
f 188 203 204
f 188 204 189
f 191 205 192
f 192 205 206
f 194 198 207
f 194 207 195
f 195 207 208
f 195 208 209
f 195 209 196
f 196 209 200
f 197 199 210
f 197 210 211
f 197 211 198
f 198 211 212
f 198 212 207
f 200 209 213
f 200 213 214
f 200 214 201
f 205 215 206
f 206 215 217
f 206 217 218
f 206 218 216
f 207 212 219
f 207 219 220
f 207 220 221
f 207 221 208
f 208 221 222
f 208 222 209
f 209 222 213
f 210 223 211
f 211 223 224
f 211 224 225
f 211 225 219
f 211 219 212
f 213 222 226
f 213 226 227
f 213 227 228
f 213 228 214
f 216 218 229
f 218 230 229
f 219 225 231
f 219 231 232
f 219 232 233
f 219 233 220
f 220 233 221
f 221 233 234
f 221 234 222
f 222 234 235
f 222 235 226
f 224 236 225
f 225 236 231
f 226 235 237
f 226 237 238
f 226 238 239
f 226 239 240
f 226 240 241
f 226 241 227
f 229 230 242
f 230 243 244
f 230 244 246
f 230 246 242
f 231 244 232
f 231 236 245
f 231 245 246
f 231 246 244
f 232 244 233
f 233 244 234
f 234 244 235
f 235 244 237
f 237 244 247
f 237 247 238
f 243 248 244
f 244 248 247

o geometry_1
v 0.05022466 -0.01523606 -0.01117588 0.54117647 0.42352941 0.64313725
v 0.05022466 -0.01523606 0.01117592 0.54117647 0.42352941 0.64313725
v 0.05022466 -0.01523307 -0.01123804 0.54117647 0.42352941 0.64313725
v 0.05040773 -0.01522413 -0.01117588 0.54117647 0.42352941 0.64313725
v 0.05028822 -0.01523307 0.00000002 0.54117647 0.42352941 0.64313725
v 0.05040773 -0.01522413 0.01117592 0.54117647 0.42352941 0.64313725
v 0.05022466 -0.01522114 0.01137731 0.54117647 0.42352941 0.64313725
v 0.05022466 -0.01521518 -0.01143943 0.54117647 0.42352941 0.64313725
v 0.05040518 -0.01520026 -0.01143943 0.54117647 0.42352941 0.64313725
v 0.05063402 -0.01514656 -0.01143943 0.54117647 0.42352941 0.64313725
v 0.05064165 -0.01516744 -0.01117588 0.54117647 0.42352941 0.64313725
v 0.05040518 -0.01520026 0.01143947 0.54117647 0.42352941 0.64313725
v 0.05064165 -0.01516744 0.01117592 0.54117647 0.42352941 0.64313725
v 0.05063402 -0.01514656 0.01143947 0.54117647 0.42352941 0.64313725
v 0.05022466 -0.01521518 0.01143947 0.54117647 0.42352941 0.64313725
v 0.05022466 -0.01514656 -0.01169552 0.54117647 0.42352941 0.64313725
v 0.05039501 -0.01513165 -0.01169552 0.54117647 0.42352941 0.64313725
v 0.05061368 -0.01508093 -0.01169552 0.54117647 0.42352941 0.64313725
v 0.05081963 -0.01499442 -0.01169552 0.54117647 0.42352941 0.64313725
v 0.05085014 -0.01505409 -0.01143943 0.54117647 0.42352941 0.64313725
v 0.05086285 -0.01507497 -0.01117588 0.54117647 0.42352941 0.64313725
v 0.05075098 -0.01512270 0.00000002 0.54117647 0.42352941 0.64313725
v 0.05061368 -0.01508093 0.01169556 0.54117647 0.42352941 0.64313725
v 0.05039501 -0.01513165 0.01169556 0.54117647 0.42352941 0.64313725
v 0.05022466 -0.01514656 0.01169556 0.54117647 0.42352941 0.64313725
v 0.05086285 -0.01507497 0.01117592 0.54117647 0.42352941 0.64313725
v 0.05085014 -0.01505409 0.01143947 0.54117647 0.42352941 0.64313725
v 0.05081963 -0.01499442 0.01169556 0.54117647 0.42352941 0.64313725
v 0.05022466 -0.01511673 -0.01176016 0.54117647 0.42352941 0.64313725
v 0.05037722 -0.01502127 -0.01193669 0.54117647 0.42352941 0.64313725
v 0.05057808 -0.01497354 -0.01193669 0.54117647 0.42352941 0.64313725
v 0.05076878 -0.01489300 -0.01193669 0.54117647 0.42352941 0.64313725
v 0.05094676 -0.01478561 -0.01193669 0.54117647 0.42352941 0.64313725
v 0.05101287 -0.01487510 -0.01169552 0.54117647 0.42352941 0.64313725
v 0.05105101 -0.01493178 -0.01143943 0.54117647 0.42352941 0.64313725
v 0.05106626 -0.01494968 -0.01117588 0.54117647 0.42352941 0.64313725
v 0.05057808 -0.01497354 0.01193673 0.54117647 0.42352941 0.64313725
v 0.05037722 -0.01502127 0.01193673 0.54117647 0.42352941 0.64313725
v 0.05022466 -0.01503320 0.01193673 0.54117647 0.42352941 0.64313725
v 0.05106626 -0.01494968 0.01117592 0.54117647 0.42352941 0.64313725
v 0.05105101 -0.01493178 0.01143947 0.54117647 0.42352941 0.64313725
v 0.05101287 -0.01487510 0.01169556 0.54117647 0.42352941 0.64313725
v 0.05094676 -0.01478561 0.01193673 0.54117647 0.42352941 0.64313725
v 0.05076878 -0.01489300 0.01193673 0.54117647 0.42352941 0.64313725
v 0.05022466 -0.01503320 -0.01193669 0.54117647 0.42352941 0.64313725
v 0.05035179 -0.01487212 -0.01215548 0.54117647 0.42352941 0.64313725
v 0.05052977 -0.01482737 -0.01215548 0.54117647 0.42352941 0.64313725
v 0.05070013 -0.01475876 -0.01215548 0.54117647 0.42352941 0.64313725
v 0.05085523 -0.01466330 -0.01215548 0.54117647 0.42352941 0.64313725
v 0.05110440 -0.01465136 -0.01193669 0.54117647 0.42352941 0.64313725
v 0.05118322 -0.01473191 -0.01169552 0.54117647 0.42352941 0.64313725
v 0.05123154 -0.01477964 -0.01143943 0.54117647 0.42352941 0.64313725
v 0.05124679 -0.01479456 -0.01117588 0.54117647 0.42352941 0.64313725
v 0.05115780 -0.01487212 0.00000002 0.54117647 0.42352941 0.64313725
v 0.05070013 -0.01475876 0.01215552 0.54117647 0.42352941 0.64313725
v 0.05052977 -0.01482737 0.01215552 0.54117647 0.42352941 0.64313725
v 0.05035179 -0.01487212 0.01215552 0.54117647 0.42352941 0.64313725
v 0.05022466 -0.01492283 0.01209585 0.54117647 0.42352941 0.64313725
v 0.05124679 -0.01479456 0.01117592 0.54117647 0.42352941 0.64313725
v 0.05123154 -0.01477964 0.01143947 0.54117647 0.42352941 0.64313725
v 0.05118322 -0.01473191 0.01169556 0.54117647 0.42352941 0.64313725
v 0.05110440 -0.01465136 0.01193673 0.54117647 0.42352941 0.64313725
v 0.05085523 -0.01466330 0.01215552 0.54117647 0.42352941 0.64313725
v 0.05022466 -0.01488107 -0.01215548 0.54117647 0.42352941 0.64313725
v 0.05022466 -0.01469313 -0.01234195 0.54117647 0.42352941 0.64313725
v 0.05032382 -0.01468418 -0.01234195 0.54117647 0.42352941 0.64313725
v 0.05047383 -0.01464838 -0.01234195 0.54117647 0.42352941 0.64313725
v 0.05061368 -0.01459170 -0.01234195 0.54117647 0.42352941 0.64313725
v 0.05074590 -0.01451116 -0.01234195 0.54117647 0.42352941 0.64313725
v 0.05099507 -0.01454397 -0.01215548 0.54117647 0.42352941 0.64313725
v 0.07550078 0.00995940 -0.01215548 0.54117647 0.42352941 0.64313725
v 0.07560758 0.00985200 -0.01193669 0.54117647 0.42352941 0.64313725
v 0.06956124 0.00364711 -0.01169552 0.54117647 0.42352941 0.64313725
v 0.07573725 0.00972373 -0.01143943 0.54117647 0.42352941 0.64313725
v 0.05737449 -0.00867020 -0.01117588 0.54117647 0.42352941 0.64313725
v 0.05074590 -0.01451116 0.01234199 0.54117647 0.42352941 0.64313725
v 0.05061368 -0.01459170 0.01234199 0.54117647 0.42352941 0.64313725
v 0.05047383 -0.01464838 0.01234199 0.54117647 0.42352941 0.64313725
v 0.05032382 -0.01468418 0.01234199 0.54117647 0.42352941 0.64313725
v 0.05022466 -0.01469313 0.01234199 0.54117647 0.42352941 0.64313725
v 0.05022466 -0.01488107 0.01215552 0.54117647 0.42352941 0.64313725
v 0.05737449 -0.00867020 0.01117592 0.54117647 0.42352941 0.64313725
v 0.07573725 0.00972373 0.01143947 0.54117647 0.42352941 0.64313725
v 0.06956124 0.00364711 0.01169556 0.54117647 0.42352941 0.64313725
v 0.07560758 0.00985200 0.01193673 0.54117647 0.42352941 0.64313725
v 0.05099507 -0.01454397 0.01215552 0.54117647 0.42352941 0.64313725
v 0.07550078 0.00995940 0.01215552 0.54117647 0.42352941 0.64313725
v 0.05022466 -0.01459170 -0.01241406 0.54117647 0.42352941 0.64313725
v 0.05028822 -0.01446939 -0.01249362 0.54117647 0.42352941 0.64313725
v 0.05040518 -0.01444255 -0.01249362 0.54117647 0.42352941 0.64313725
v 0.05051706 -0.01439780 -0.01249362 0.54117647 0.42352941 0.64313725
v 0.05086285 -0.01440973 -0.01234195 0.54117647 0.42352941 0.64313725
v 0.05061876 -0.01433515 -0.01249362 0.54117647 0.42352941 0.64313725
v 0.05702361 -0.00831820 -0.01229471 0.54117647 0.42352941 0.64313725
v 0.07536857 0.01009364 -0.01234195 0.54117647 0.42352941 0.64313725
v 0.07562029 0.01009960 -0.01215548 0.54117647 0.42352941 0.64313725
v 0.07574233 0.01001011 -0.01193669 0.54117647 0.42352941 0.64313725
v 0.07583387 0.00994448 -0.01169552 0.54117647 0.42352941 0.64313725
v 0.07568639 0.00977444 -0.01169552 0.54117647 0.42352941 0.64313725
v 0.07588980 0.00990272 -0.01143943 0.54117647 0.42352941 0.64313725
v 0.07575250 0.00970881 -0.01117588 0.54117647 0.42352941 0.64313725
v 0.05086285 -0.01440973 0.01234199 0.54117647 0.42352941 0.64313725
v 0.05061876 -0.01433515 0.01249366 0.54117647 0.42352941 0.64313725
v 0.05051706 -0.01439780 0.01249366 0.54117647 0.42352941 0.64313725
v 0.05040518 -0.01444255 0.01249366 0.54117647 0.42352941 0.64313725
v 0.05028822 -0.01446939 0.01249366 0.54117647 0.42352941 0.64313725
v 0.05022466 -0.01455590 0.01243896 0.54117647 0.42352941 0.64313725
v 0.07575250 0.00970881 0.01117592 0.54117647 0.42352941 0.64313725
v 0.07588980 0.00990272 0.01143947 0.54117647 0.42352941 0.64313725
v 0.07583387 0.00994448 0.01169556 0.54117647 0.42352941 0.64313725
v 0.07568639 0.00977444 0.01169556 0.54117647 0.42352941 0.64313725
v 0.07574233 0.01001011 0.01193673 0.54117647 0.42352941 0.64313725
v 0.05702361 -0.00831820 0.01229475 0.54117647 0.42352941 0.64313725
v 0.07562029 0.01009960 0.01215552 0.54117647 0.42352941 0.64313725
v 0.07536857 0.01009364 0.01234199 0.54117647 0.42352941 0.64313725
v 0.05022466 -0.01447536 -0.01249362 0.54117647 0.42352941 0.64313725
v 0.05025263 -0.01423373 -0.01260799 0.54117647 0.42352941 0.64313725
v 0.05033145 -0.01421285 -0.01260799 0.54117647 0.42352941 0.64313725
v 0.05040773 -0.01418302 -0.01260799 0.54117647 0.42352941 0.64313725
v 0.05070776 -0.01425759 -0.01249362 0.54117647 0.42352941 0.64313725
v 0.06303943 -0.00208049 -0.01241903 0.54117647 0.42352941 0.64313725
v 0.06924087 0.00396630 -0.01234195 0.54117647 0.42352941 0.64313725
v 0.05047638 -0.01413827 -0.01260799 0.54117647 0.42352941 0.64313725
v 0.05053740 -0.01408755 -0.01260799 0.54117647 0.42352941 0.64313725
v 0.06912645 0.00408264 -0.01245632 0.54117647 0.42352941 0.64313725
v 0.07521347 0.01024876 -0.01249362 0.54117647 0.42352941 0.64313725
v 0.07529229 0.01033825 -0.01249362 0.54117647 0.42352941 0.64313725
v 0.07546773 0.01020998 -0.01234195 0.54117647 0.42352941 0.64313725
v 0.07554655 0.01034123 -0.01234195 0.54117647 0.42352941 0.64313725
v 0.07571436 0.01025771 -0.01215548 0.54117647 0.42352941 0.64313725
v 0.07585166 0.01018611 -0.01193669 0.54117647 0.42352941 0.64313725
v 0.07595083 0.01013540 -0.01169552 0.54117647 0.42352941 0.64313725
v 0.07601185 0.01010557 -0.01143943 0.54117647 0.42352941 0.64313725
v 0.07603219 0.01009364 -0.01117588 0.54117647 0.42352941 0.64313725
v 0.07590760 0.00989078 -0.01117588 0.54117647 0.42352941 0.64313725
v 0.06303943 -0.00208049 0.01241907 0.54117647 0.42352941 0.64313725
v 0.05070776 -0.01425759 0.01249366 0.54117647 0.42352941 0.64313725
v 0.06924087 0.00396630 0.01234199 0.54117647 0.42352941 0.64313725
v 0.05053740 -0.01408755 0.01260803 0.54117647 0.42352941 0.64313725
v 0.05047638 -0.01413827 0.01260803 0.54117647 0.42352941 0.64313725
v 0.05040773 -0.01418302 0.01260803 0.54117647 0.42352941 0.64313725
v 0.05033145 -0.01421285 0.01260803 0.54117647 0.42352941 0.64313725
v 0.05025263 -0.01423373 0.01260803 0.54117647 0.42352941 0.64313725
v 0.05022466 -0.01447536 0.01249366 0.54117647 0.42352941 0.64313725
v 0.07590760 0.00989078 0.01117592 0.54117647 0.42352941 0.64313725
v 0.07603219 0.01009364 0.01117592 0.54117647 0.42352941 0.64313725
v 0.07601185 0.01010557 0.01143947 0.54117647 0.42352941 0.64313725
v 0.07595083 0.01013540 0.01169556 0.54117647 0.42352941 0.64313725
v 0.07585166 0.01018611 0.01193673 0.54117647 0.42352941 0.64313725
v 0.07571436 0.01025771 0.01215552 0.54117647 0.42352941 0.64313725
v 0.07554655 0.01034123 0.01234199 0.54117647 0.42352941 0.64313725
v 0.07546773 0.01020998 0.01234199 0.54117647 0.42352941 0.64313725
v 0.06912645 0.00408264 0.01245636 0.54117647 0.42352941 0.64313725
v 0.07529229 0.01033825 0.01249366 0.54117647 0.42352941 0.64313725
v 0.07521347 0.01024876 0.01249366 0.54117647 0.42352941 0.64313725
v 0.05022466 -0.01423373 -0.01260799 0.54117647 0.42352941 0.64313725
v 0.05022466 -0.01397718 -0.01267512 0.54117647 0.42352941 0.64313725
v 0.05025263 -0.01396823 -0.01267512 0.54117647 0.42352941 0.64313725
v 0.05029077 -0.01395331 -0.01267512 0.54117647 0.42352941 0.64313725
v 0.05032636 -0.01393243 -0.01267512 0.54117647 0.42352941 0.64313725
v 0.05679223 -0.00808850 -0.01252345 0.54117647 0.42352941 0.64313725
v 0.06904509 0.00416319 -0.01252345 0.54117647 0.42352941 0.64313725
v 0.06296315 -0.00200293 -0.01249362 0.54117647 0.42352941 0.64313725
v 0.05035687 -0.01390558 -0.01267512 0.54117647 0.42352941 0.64313725
v 0.07486259 0.01059778 -0.01267512 0.54117647 0.42352941 0.64313725
v 0.06279280 -0.00183289 -0.01260799 0.54117647 0.42352941 0.64313725
v 0.07504311 0.01041880 -0.01260799 0.54117647 0.42352941 0.64313725
v 0.07509651 0.01047846 -0.01260799 0.54117647 0.42352941 0.64313725
v 0.07513973 0.01055005 -0.01260799 0.54117647 0.42352941 0.64313725
v 0.07535331 0.01043968 -0.01249362 0.54117647 0.42352941 0.64313725
v 0.07560758 0.01048443 -0.01234195 0.54117647 0.42352941 0.64313725
v 0.07578555 0.01042476 -0.01215548 0.54117647 0.42352941 0.64313725
v 0.07593049 0.01037703 -0.01193669 0.54117647 0.42352941 0.64313725
v 0.07603728 0.01034422 -0.01169552 0.54117647 0.42352941 0.64313725
v 0.07610338 0.01032334 -0.01143943 0.54117647 0.42352941 0.64313725
v 0.07597117 0.00999221 0.00000002 0.54117647 0.42352941 0.64313725
v 0.07612372 0.01031439 -0.01117588 0.54117647 0.42352941 0.64313725
v 0.06296315 -0.00200293 0.01249366 0.54117647 0.42352941 0.64313725
v 0.06904509 0.00416319 0.01252349 0.54117647 0.42352941 0.64313725
v 0.05679223 -0.00808850 0.01252349 0.54117647 0.42352941 0.64313725
v 0.05032636 -0.01393243 0.01267516 0.54117647 0.42352941 0.64313725
v 0.06279280 -0.00183289 0.01260803 0.54117647 0.42352941 0.64313725
v 0.07486259 0.01059778 0.01267516 0.54117647 0.42352941 0.64313725
v 0.05035687 -0.01390558 0.01267516 0.54117647 0.42352941 0.64313725
v 0.05029077 -0.01395331 0.01267516 0.54117647 0.42352941 0.64313725
v 0.05025263 -0.01396823 0.01267516 0.54117647 0.42352941 0.64313725
v 0.05022466 -0.01397718 0.01267516 0.54117647 0.42352941 0.64313725
v 0.05022466 -0.01400701 0.01266770 0.54117647 0.42352941 0.64313725
v 0.05022466 -0.01423373 0.01260803 0.54117647 0.42352941 0.64313725
v 0.07612372 0.01031439 0.01117592 0.54117647 0.42352941 0.64313725
v 0.07610084 0.01032334 0.01143947 0.54117647 0.42352941 0.64313725
v 0.07603728 0.01034422 0.01169556 0.54117647 0.42352941 0.64313725
v 0.07593049 0.01037703 0.01193673 0.54117647 0.42352941 0.64313725
v 0.07578555 0.01042476 0.01215552 0.54117647 0.42352941 0.64313725
v 0.07535331 0.01043968 0.01249366 0.54117647 0.42352941 0.64313725
v 0.07560758 0.01048443 0.01234199 0.54117647 0.42352941 0.64313725
v 0.07513973 0.01055005 0.01260803 0.54117647 0.42352941 0.64313725
v 0.07509651 0.01047846 0.01260803 0.54117647 0.42352941 0.64313725
v 0.07504311 0.01041880 0.01260803 0.54117647 0.42352941 0.64313725
v 0.05022466 -0.01389067 -0.01268258 0.54117647 0.42352941 0.64313725
v 0.05022466 -0.01377433 -0.01269252 0.54117647 0.42352941 0.64313725
v 0.05643626 -0.00773052 -0.01268258 0.54117647 0.42352941 0.64313725
v 0.06868912 0.00451818 -0.01268258 0.54117647 0.42352941 0.64313725
v 0.07488801 0.01063060 -0.01267512 0.54117647 0.42352941 0.64313725
v 0.07467443 0.01078572 -0.01269998 0.54117647 0.42352941 0.64313725
v 0.07491090 0.01066640 -0.01267512 0.54117647 0.42352941 0.64313725
v 0.07517024 0.01062463 -0.01260799 0.54117647 0.42352941 0.64313725
v 0.07539908 0.01055005 -0.01249362 0.54117647 0.42352941 0.64313725
v 0.07542705 0.01066640 -0.01249362 0.54117647 0.42352941 0.64313725
v 0.07564317 0.01063358 -0.01234195 0.54117647 0.42352941 0.64313725
v 0.07582878 0.01060375 -0.01215548 0.54117647 0.42352941 0.64313725
v 0.07597879 0.01057989 -0.01193669 0.54117647 0.42352941 0.64313725
v 0.07608813 0.01056199 -0.01169552 0.54117647 0.42352941 0.64313725
v 0.07615678 0.01055304 -0.01143943 0.54117647 0.42352941 0.64313725
v 0.07617966 0.01054707 -0.01117588 0.54117647 0.42352941 0.64313725
v 0.05022466 -0.01377433 0.01269256 0.54117647 0.42352941 0.64313725
v 0.06868912 0.00451818 0.01268262 0.54117647 0.42352941 0.64313725
v 0.07488801 0.01063060 0.01267516 0.54117647 0.42352941 0.64313725
v 0.07467443 0.01078572 0.01270002 0.54117647 0.42352941 0.64313725
v 0.05643626 -0.00773052 0.01268262 0.54117647 0.42352941 0.64313725
v 0.05022466 -0.01389067 0.01268262 0.54117647 0.42352941 0.64313725
v 0.07617966 0.01054707 0.01117592 0.54117647 0.42352941 0.64313725
v 0.07615678 0.01055304 0.01143947 0.54117647 0.42352941 0.64313725
v 0.07608813 0.01056199 0.01169556 0.54117647 0.42352941 0.64313725
v 0.07597879 0.01057989 0.01193673 0.54117647 0.42352941 0.64313725
v 0.07582878 0.01060375 0.01215552 0.54117647 0.42352941 0.64313725
v 0.07539908 0.01055005 0.01249366 0.54117647 0.42352941 0.64313725
v 0.07564317 0.01063358 0.01234199 0.54117647 0.42352941 0.64313725
v 0.07542705 0.01066640 0.01249366 0.54117647 0.42352941 0.64313725
v 0.07517024 0.01062463 0.01260803 0.54117647 0.42352941 0.64313725
v 0.07491090 0.01066640 0.01267516 0.54117647 0.42352941 0.64313725
v 0.05022466 -0.01366395 -0.01269749 0.54117647 0.42352941 0.64313725
v 0.05629642 -0.00759031 -0.01269998 0.54117647 0.42352941 0.64313725
v 0.06854674 0.00465839 -0.01269998 0.54117647 0.42352941 0.64313725
v 0.07467443 0.01371216 -0.01269998 0.54117647 0.42352941 0.64313725
v 0.07493886 0.01078572 -0.01267512 0.54117647 0.42352941 0.64313725
v 0.07493632 0.01074396 -0.01267512 0.54117647 0.42352941 0.64313725
v 0.07492615 0.01070518 -0.01267512 0.54117647 0.42352941 0.64313725
v 0.07519059 0.01070518 -0.01260799 0.54117647 0.42352941 0.64313725
v 0.07543722 0.01078572 -0.01249362 0.54117647 0.42352941 0.64313725
v 0.07565334 0.01078572 -0.01234195 0.54117647 0.42352941 0.64313725
v 0.07584149 0.01078572 -0.01215548 0.54117647 0.42352941 0.64313725
v 0.07599405 0.01078572 -0.01193669 0.54117647 0.42352941 0.64313725
v 0.07610593 0.01078572 -0.01169552 0.54117647 0.42352941 0.64313725
v 0.07617458 0.01078572 -0.01143943 0.54117647 0.42352941 0.64313725
v 0.07619746 0.01078572 -0.01117588 0.54117647 0.42352941 0.64313725
v 0.07618983 0.01066640 0.00000002 0.54117647 0.42352941 0.64313725
v 0.05022466 -0.01366395 0.01269753 0.54117647 0.42352941 0.64313725
v 0.06242412 -0.00146298 0.01270002 0.54117647 0.42352941 0.64313725
v 0.06854674 0.00465839 0.01270002 0.54117647 0.42352941 0.64313725
v 0.07493886 0.01078572 0.01267516 0.54117647 0.42352941 0.64313725
v 0.07467443 0.01371216 0.01270002 0.54117647 0.42352941 0.64313725
v 0.07492615 0.01070518 0.01267516 0.54117647 0.42352941 0.64313725
v 0.07493632 0.01074396 0.01267516 0.54117647 0.42352941 0.64313725
v 0.07619746 0.01078572 0.01117592 0.54117647 0.42352941 0.64313725
v 0.07617458 0.01078572 0.01143947 0.54117647 0.42352941 0.64313725
v 0.07610593 0.01078572 0.01169556 0.54117647 0.42352941 0.64313725
v 0.07599405 0.01078572 0.01193673 0.54117647 0.42352941 0.64313725
v 0.07584149 0.01078572 0.01215552 0.54117647 0.42352941 0.64313725
v 0.07519059 0.01070518 0.01260803 0.54117647 0.42352941 0.64313725
v 0.07565334 0.01078572 0.01234199 0.54117647 0.42352941 0.64313725
v 0.07543722 0.01078572 0.01249366 0.54117647 0.42352941 0.64313725
v 0.05022466 -0.01250948 -0.01269998 0.54117647 0.42352941 0.64313725
v 0.05232486 0.01371216 -0.01269998 0.54117647 0.42352941 0.64313725
v 0.07467443 0.01397468 -0.01267512 0.54117647 0.42352941 0.64313725
v 0.07493886 0.01397170 -0.01265274 0.54117647 0.42352941 0.64313725
v 0.07493886 0.01371216 -0.01267512 0.54117647 0.42352941 0.64313725
v 0.07519567 0.01078572 -0.01260799 0.54117647 0.42352941 0.64313725
v 0.07543722 0.01371216 -0.01249362 0.54117647 0.42352941 0.64313725
v 0.07565334 0.01371216 -0.01234195 0.54117647 0.42352941 0.64313725
v 0.07584149 0.01371216 -0.01215548 0.54117647 0.42352941 0.64313725
v 0.07599405 0.01371216 -0.01193669 0.54117647 0.42352941 0.64313725
v 0.07610593 0.01371216 -0.01169552 0.54117647 0.42352941 0.64313725
v 0.07617458 0.01371216 -0.01143943 0.54117647 0.42352941 0.64313725
v 0.07619746 0.01371216 -0.01117588 0.54117647 0.42352941 0.64313725
v 0.05022466 0.00879001 0.01269753 0.54117647 0.42352941 0.64313725
v 0.06314368 0.01025174 0.01270002 0.54117647 0.42352941 0.64313725
v 0.07519567 0.01078572 0.01260803 0.54117647 0.42352941 0.64313725
v 0.07493886 0.01371216 0.01267516 0.54117647 0.42352941 0.64313725
v 0.07493886 0.01397170 0.01265278 0.54117647 0.42352941 0.64313725
v 0.07467443 0.01397468 0.01267516 0.54117647 0.42352941 0.64313725
v 0.06349965 0.01371216 0.01270002 0.54117647 0.42352941 0.64313725
v 0.07619746 0.01371216 0.01117592 0.54117647 0.42352941 0.64313725
v 0.07617458 0.01371216 0.01143947 0.54117647 0.42352941 0.64313725
v 0.07610593 0.01371216 0.01169556 0.54117647 0.42352941 0.64313725
v 0.07599405 0.01371216 0.01193673 0.54117647 0.42352941 0.64313725
v 0.07584149 0.01371216 0.01215552 0.54117647 0.42352941 0.64313725
v 0.07565334 0.01371216 0.01234199 0.54117647 0.42352941 0.64313725
v 0.07543722 0.01371216 0.01249366 0.54117647 0.42352941 0.64313725
v 0.05022466 0.00879001 -0.01269998 0.54117647 0.42352941 0.64313725
v 0.05206043 0.01371216 -0.01267512 0.54117647 0.42352941 0.64313725
v 0.05206551 0.01397468 -0.01265274 0.54117647 0.42352941 0.64313725
v 0.05232486 0.01397468 -0.01267512 0.54117647 0.42352941 0.64313725
v 0.07467443 0.01423123 -0.01260799 0.54117647 0.42352941 0.64313725
v 0.07493886 0.01422526 -0.01258561 0.54117647 0.42352941 0.64313725
v 0.07519567 0.01395976 -0.01258561 0.54117647 0.42352941 0.64313725
v 0.07519567 0.01371216 -0.01260799 0.54117647 0.42352941 0.64313725
v 0.07543722 0.01393888 -0.01247373 0.54117647 0.42352941 0.64313725
v 0.07565334 0.01391502 -0.01232455 0.54117647 0.42352941 0.64313725
v 0.07584149 0.01388220 -0.01214056 0.54117647 0.42352941 0.64313725
v 0.07599405 0.01384342 -0.01192426 0.54117647 0.42352941 0.64313725
v 0.07610593 0.01380166 -0.01168806 0.54117647 0.42352941 0.64313725
v 0.07617458 0.01375691 -0.01143445 0.54117647 0.42352941 0.64313725
v 0.07617458 0.01380166 -0.01142451 0.54117647 0.42352941 0.64313725
v 0.07617458 0.01384342 -0.01140462 0.54117647 0.42352941 0.64313725
v 0.07617458 0.01388220 -0.01137727 0.54117647 0.42352941 0.64313725
v 0.07617458 0.01391502 -0.01134495 0.54117647 0.42352941 0.64313725
v 0.07617458 0.01393888 -0.01130765 0.54117647 0.42352941 0.64313725
v 0.07617458 0.01395976 -0.01126539 0.54117647 0.42352941 0.64313725
v 0.07617458 0.01397170 -0.01122063 0.54117647 0.42352941 0.64313725
v 0.07617458 0.01397468 -0.01117588 0.54117647 0.42352941 0.64313725
v 0.07618729 0.01384342 0.00000002 0.54117647 0.42352941 0.64313725
v 0.05022466 0.00883476 0.01269505 0.54117647 0.42352941 0.64313725
v 0.05232486 0.01371216 0.01269753 0.54117647 0.42352941 0.64313725
v 0.05207568 0.01380166 0.01267516 0.54117647 0.42352941 0.64313725
v 0.07519567 0.01371216 0.01260803 0.54117647 0.42352941 0.64313725
v 0.07519567 0.01395976 0.01258565 0.54117647 0.42352941 0.64313725
v 0.07493886 0.01422526 0.01258565 0.54117647 0.42352941 0.64313725
v 0.07467443 0.01423123 0.01260803 0.54117647 0.42352941 0.64313725
v 0.05232486 0.01397468 0.01267516 0.54117647 0.42352941 0.64313725
v 0.07617458 0.01375691 0.01143449 0.54117647 0.42352941 0.64313725
v 0.07617458 0.01397468 0.01117592 0.54117647 0.42352941 0.64313725
v 0.07617458 0.01397170 0.01122067 0.54117647 0.42352941 0.64313725
v 0.07617458 0.01395976 0.01126543 0.54117647 0.42352941 0.64313725
v 0.07617458 0.01393888 0.01130769 0.54117647 0.42352941 0.64313725
v 0.07617458 0.01391502 0.01134499 0.54117647 0.42352941 0.64313725
v 0.07617458 0.01388220 0.01137731 0.54117647 0.42352941 0.64313725
v 0.07617458 0.01384342 0.01140466 0.54117647 0.42352941 0.64313725
v 0.07617458 0.01380166 0.01142455 0.54117647 0.42352941 0.64313725
v 0.07610593 0.01380166 0.01168810 0.54117647 0.42352941 0.64313725
v 0.07599405 0.01384342 0.01192430 0.54117647 0.42352941 0.64313725
v 0.07584149 0.01388220 0.01214060 0.54117647 0.42352941 0.64313725
v 0.07565334 0.01391502 0.01232459 0.54117647 0.42352941 0.64313725
v 0.07543722 0.01393888 0.01247377 0.54117647 0.42352941 0.64313725
v 0.05022466 0.00906148 -0.01267512 0.54117647 0.42352941 0.64313725
v 0.05181125 0.01397468 -0.01258561 0.54117647 0.42352941 0.64313725
v 0.05207568 0.01423123 -0.01258561 0.54117647 0.42352941 0.64313725
v 0.05232486 0.01423123 -0.01260799 0.54117647 0.42352941 0.64313725
v 0.06349965 0.01435354 -0.01255080 0.54117647 0.42352941 0.64313725
v 0.07467443 0.01447286 -0.01249362 0.54117647 0.42352941 0.64313725
v 0.07519567 0.01420140 -0.01252097 0.54117647 0.42352941 0.64313725
v 0.07493886 0.01446093 -0.01247373 0.54117647 0.42352941 0.64313725
v 0.07519567 0.01442811 -0.01241406 0.54117647 0.42352941 0.64313725
v 0.07543722 0.01416262 -0.01241406 0.54117647 0.42352941 0.64313725
v 0.07565334 0.01410892 -0.01227234 0.54117647 0.42352941 0.64313725
v 0.07584149 0.01404627 -0.01209581 0.54117647 0.42352941 0.64313725
v 0.07599405 0.01397170 -0.01189193 0.54117647 0.42352941 0.64313725
v 0.07610593 0.01388817 -0.01166568 0.54117647 0.42352941 0.64313725
v 0.07610593 0.01397170 -0.01162590 0.54117647 0.42352941 0.64313725
v 0.07610593 0.01404627 -0.01157369 0.54117647 0.42352941 0.64313725
v 0.07610593 0.01410892 -0.01150904 0.54117647 0.42352941 0.64313725
v 0.07610593 0.01416262 -0.01143445 0.54117647 0.42352941 0.64313725
v 0.07610593 0.01420140 -0.01135241 0.54117647 0.42352941 0.64313725
v 0.07610593 0.01422526 -0.01126539 0.54117647 0.42352941 0.64313725
v 0.07614152 0.01410295 0.00000002 0.54117647 0.42352941 0.64313725
v 0.07610593 0.01423123 -0.01117588 0.54117647 0.42352941 0.64313725
v 0.05022466 0.00906148 0.01267516 0.54117647 0.42352941 0.64313725
v 0.05227909 0.01397170 0.01267516 0.54117647 0.42352941 0.64313725
v 0.05223587 0.01395976 0.01267516 0.54117647 0.42352941 0.64313725
v 0.05219264 0.01393888 0.01267516 0.54117647 0.42352941 0.64313725
v 0.05215450 0.01391502 0.01267516 0.54117647 0.42352941 0.64313725
v 0.05212145 0.01388220 0.01267516 0.54117647 0.42352941 0.64313725
v 0.05209602 0.01384342 0.01267516 0.54117647 0.42352941 0.64313725
v 0.05187481 0.01397170 0.01260803 0.54117647 0.42352941 0.64313725
v 0.05183668 0.01388817 0.01260803 0.54117647 0.42352941 0.64313725
v 0.07543722 0.01416262 0.01241410 0.54117647 0.42352941 0.64313725
v 0.07519567 0.01420140 0.01252101 0.54117647 0.42352941 0.64313725
v 0.07519567 0.01442811 0.01241410 0.54117647 0.42352941 0.64313725
v 0.07493886 0.01446093 0.01247377 0.54117647 0.42352941 0.64313725
v 0.07467443 0.01447286 0.01249366 0.54117647 0.42352941 0.64313725
v 0.06349965 0.01435354 0.01255084 0.54117647 0.42352941 0.64313725
v 0.05232486 0.01423123 0.01260803 0.54117647 0.42352941 0.64313725
v 0.07610593 0.01423123 0.01117592 0.54117647 0.42352941 0.64313725
v 0.07610593 0.01422526 0.01126543 0.54117647 0.42352941 0.64313725
v 0.07610593 0.01420140 0.01135245 0.54117647 0.42352941 0.64313725
v 0.07610593 0.01416262 0.01143449 0.54117647 0.42352941 0.64313725
v 0.07610593 0.01410892 0.01150908 0.54117647 0.42352941 0.64313725
v 0.07610593 0.01404627 0.01157373 0.54117647 0.42352941 0.64313725
v 0.07610593 0.01397170 0.01162594 0.54117647 0.42352941 0.64313725
v 0.07610593 0.01388817 0.01166572 0.54117647 0.42352941 0.64313725
v 0.07599405 0.01397170 0.01189197 0.54117647 0.42352941 0.64313725
v 0.07584149 0.01404627 0.01209585 0.54117647 0.42352941 0.64313725
v 0.07565334 0.01410892 0.01227238 0.54117647 0.42352941 0.64313725
v 0.05022466 0.00907341 -0.01267263 0.54117647 0.42352941 0.64313725
v 0.05157479 0.01397468 -0.01247373 0.54117647 0.42352941 0.64313725
v 0.05161039 0.01423123 -0.01241406 0.54117647 0.42352941 0.64313725
v 0.05183668 0.01423123 -0.01252097 0.54117647 0.42352941 0.64313725
v 0.05187481 0.01447286 -0.01241406 0.54117647 0.42352941 0.64313725
v 0.05209602 0.01447286 -0.01247373 0.54117647 0.42352941 0.64313725
v 0.05232486 0.01447286 -0.01249362 0.54117647 0.42352941 0.64313725
v 0.06349965 0.01458324 -0.01241903 0.54117647 0.42352941 0.64313725
v 0.07467443 0.01469063 -0.01234195 0.54117647 0.42352941 0.64313725
v 0.07493886 0.01467571 -0.01232455 0.54117647 0.42352941 0.64313725
v 0.07543722 0.01437143 -0.01231709 0.54117647 0.42352941 0.64313725
v 0.07519567 0.01463097 -0.01227234 0.54117647 0.42352941 0.64313725
v 0.07565334 0.01429387 -0.01218532 0.54117647 0.42352941 0.64313725
v 0.07584149 0.01420140 -0.01202371 0.54117647 0.42352941 0.64313725
v 0.07599405 0.01409102 -0.01183475 0.54117647 0.42352941 0.64313725
v 0.07599405 0.01420140 -0.01175767 0.54117647 0.42352941 0.64313725
v 0.07599405 0.01429387 -0.01166568 0.54117647 0.42352941 0.64313725
v 0.07599405 0.01437143 -0.01155628 0.54117647 0.42352941 0.64313725
v 0.07599405 0.01442811 -0.01143445 0.54117647 0.42352941 0.64313725
v 0.07599405 0.01446093 -0.01130765 0.54117647 0.42352941 0.64313725
v 0.07599405 0.01447286 -0.01117588 0.54117647 0.42352941 0.64313725
v 0.07604999 0.01435354 0.00000002 0.54117647 0.42352941 0.64313725
v 0.05022466 0.00907341 0.01267267 0.54117647 0.42352941 0.64313725
v 0.05161039 0.01397170 0.01249366 0.54117647 0.42352941 0.64313725
v 0.05223587 0.01422526 0.01260803 0.54117647 0.42352941 0.64313725
v 0.05214688 0.01420140 0.01260803 0.54117647 0.42352941 0.64313725
v 0.05206551 0.01416262 0.01260803 0.54117647 0.42352941 0.64313725
v 0.05198923 0.01410892 0.01260803 0.54117647 0.42352941 0.64313725
v 0.05192567 0.01404627 0.01260803 0.54117647 0.42352941 0.64313725
v 0.05166632 0.01409102 0.01249366 0.54117647 0.42352941 0.64313725
v 0.07543722 0.01437143 0.01231713 0.54117647 0.42352941 0.64313725
v 0.07519567 0.01463097 0.01227238 0.54117647 0.42352941 0.64313725
v 0.07493886 0.01467571 0.01232459 0.54117647 0.42352941 0.64313725
v 0.05232486 0.01447286 0.01249366 0.54117647 0.42352941 0.64313725
v 0.07467443 0.01469063 0.01234199 0.54117647 0.42352941 0.64313725
v 0.06349965 0.01458324 0.01241907 0.54117647 0.42352941 0.64313725
v 0.07599405 0.01447286 0.01117592 0.54117647 0.42352941 0.64313725
v 0.07599405 0.01446093 0.01130769 0.54117647 0.42352941 0.64313725
v 0.07599405 0.01442811 0.01143449 0.54117647 0.42352941 0.64313725
v 0.07599405 0.01437143 0.01155632 0.54117647 0.42352941 0.64313725
v 0.07599405 0.01429387 0.01166572 0.54117647 0.42352941 0.64313725
v 0.07599405 0.01420140 0.01175771 0.54117647 0.42352941 0.64313725
v 0.07599405 0.01409102 0.01183479 0.54117647 0.42352941 0.64313725
v 0.07584149 0.01420140 0.01202375 0.54117647 0.42352941 0.64313725
v 0.07565334 0.01429387 0.01218536 0.54117647 0.42352941 0.64313725
v 0.05022466 0.00934487 -0.01260799 0.54117647 0.42352941 0.64313725
v 0.05136121 0.01397468 -0.01232455 0.54117647 0.42352941 0.64313725
v 0.05140443 0.01423123 -0.01227234 0.54117647 0.42352941 0.64313725
v 0.05166632 0.01447286 -0.01231709 0.54117647 0.42352941 0.64313725
v 0.05192567 0.01469063 -0.01227234 0.54117647 0.42352941 0.64313725
v 0.05212145 0.01469063 -0.01232455 0.54117647 0.42352941 0.64313725
v 0.05232486 0.01469063 -0.01234195 0.54117647 0.42352941 0.64313725
v 0.07467443 0.01487856 -0.01215548 0.54117647 0.42352941 0.64313725
v 0.07493886 0.01486067 -0.01214056 0.54117647 0.42352941 0.64313725
v 0.07543722 0.01455937 -0.01218532 0.54117647 0.42352941 0.64313725
v 0.07565334 0.01446093 -0.01206846 0.54117647 0.42352941 0.64313725
v 0.07519567 0.01480697 -0.01209581 0.54117647 0.42352941 0.64313725
v 0.07543722 0.01472344 -0.01202371 0.54117647 0.42352941 0.64313725
v 0.07584149 0.01434160 -0.01192426 0.54117647 0.42352941 0.64313725
v 0.07584149 0.01446093 -0.01180491 0.54117647 0.42352941 0.64313725
v 0.07584149 0.01455937 -0.01166568 0.54117647 0.42352941 0.64313725
v 0.07584149 0.01463097 -0.01150904 0.54117647 0.42352941 0.64313725
v 0.07584149 0.01467571 -0.01134495 0.54117647 0.42352941 0.64313725
v 0.07584149 0.01469063 -0.01117588 0.54117647 0.42352941 0.64313725
v 0.07591777 0.01458324 0.00000002 0.54117647 0.42352941 0.64313725
v 0.05022466 0.00934487 0.01260803 0.54117647 0.42352941 0.64313725
v 0.05140443 0.01404627 0.01234199 0.54117647 0.42352941 0.64313725
v 0.05219264 0.01446093 0.01249366 0.54117647 0.42352941 0.64313725
v 0.05206551 0.01442811 0.01249366 0.54117647 0.42352941 0.64313725
v 0.05194346 0.01437143 0.01249366 0.54117647 0.42352941 0.64313725
v 0.05183668 0.01429387 0.01249366 0.54117647 0.42352941 0.64313725
v 0.05174260 0.01420140 0.01249366 0.54117647 0.42352941 0.64313725
v 0.05157479 0.01434160 0.01234199 0.54117647 0.42352941 0.64313725
v 0.05147817 0.01420140 0.01234199 0.54117647 0.42352941 0.64313725
v 0.07565334 0.01446093 0.01206850 0.54117647 0.42352941 0.64313725
v 0.07543722 0.01455937 0.01218536 0.54117647 0.42352941 0.64313725
v 0.07543722 0.01472344 0.01202375 0.54117647 0.42352941 0.64313725
v 0.07519567 0.01480697 0.01209585 0.54117647 0.42352941 0.64313725
v 0.07493886 0.01486067 0.01214060 0.54117647 0.42352941 0.64313725
v 0.07467443 0.01487856 0.01215552 0.54117647 0.42352941 0.64313725
v 0.05232486 0.01469063 0.01234199 0.54117647 0.42352941 0.64313725
v 0.05215450 0.01467571 0.01234199 0.54117647 0.42352941 0.64313725
v 0.07584149 0.01469063 0.01117592 0.54117647 0.42352941 0.64313725
v 0.07584149 0.01467571 0.01134499 0.54117647 0.42352941 0.64313725
v 0.07584149 0.01463097 0.01150908 0.54117647 0.42352941 0.64313725
v 0.07584149 0.01455937 0.01166572 0.54117647 0.42352941 0.64313725
v 0.07584149 0.01446093 0.01180495 0.54117647 0.42352941 0.64313725
v 0.07584149 0.01434160 0.01192430 0.54117647 0.42352941 0.64313725
v 0.05022466 0.00942542 -0.01257318 0.54117647 0.42352941 0.64313725
v 0.05102558 0.01397468 -0.01192426 0.54117647 0.42352941 0.64313725
v 0.05117560 0.01397468 -0.01214056 0.54117647 0.42352941 0.64313725
v 0.05131544 0.01447286 -0.01202371 0.54117647 0.42352941 0.64313725
v 0.05147817 0.01447286 -0.01218532 0.54117647 0.42352941 0.64313725
v 0.05122899 0.01423123 -0.01209581 0.54117647 0.42352941 0.64313725
v 0.05157479 0.01469063 -0.01206846 0.54117647 0.42352941 0.64313725
v 0.05174260 0.01469063 -0.01218532 0.54117647 0.42352941 0.64313725
v 0.05183668 0.01487856 -0.01202371 0.54117647 0.42352941 0.64313725
v 0.05198923 0.01487856 -0.01209581 0.54117647 0.42352941 0.64313725
v 0.05215450 0.01487856 -0.01214056 0.54117647 0.42352941 0.64313725
v 0.05232486 0.01487856 -0.01215548 0.54117647 0.42352941 0.64313725
v 0.06349965 0.01495613 -0.01204608 0.54117647 0.42352941 0.64313725
v 0.07467443 0.01503070 -0.01193669 0.54117647 0.42352941 0.64313725
v 0.07493886 0.01500982 -0.01192426 0.54117647 0.42352941 0.64313725
v 0.07519567 0.01495016 -0.01189193 0.54117647 0.42352941 0.64313725
v 0.07565334 0.01460412 -0.01192426 0.54117647 0.42352941 0.64313725
v 0.07543722 0.01485470 -0.01183475 0.54117647 0.42352941 0.64313725
v 0.07565334 0.01472344 -0.01175767 0.54117647 0.42352941 0.64313725
v 0.07565334 0.01480697 -0.01157369 0.54117647 0.42352941 0.64313725
v 0.07565334 0.01486067 -0.01137727 0.54117647 0.42352941 0.64313725
v 0.07565334 0.01487856 -0.01117588 0.54117647 0.42352941 0.64313725
v 0.05022466 0.00951789 0.01253344 0.54117647 0.42352941 0.64313725
v 0.05122899 0.01410892 0.01215552 0.54117647 0.42352941 0.64313725
v 0.05108406 0.01416262 0.01193673 0.54117647 0.42352941 0.64313725
v 0.05131544 0.01429387 0.01215552 0.54117647 0.42352941 0.64313725
v 0.05198923 0.01463097 0.01234199 0.54117647 0.42352941 0.64313725
v 0.05183668 0.01455937 0.01234199 0.54117647 0.42352941 0.64313725
v 0.05169683 0.01446093 0.01234199 0.54117647 0.42352941 0.64313725
v 0.05157479 0.01460412 0.01215552 0.54117647 0.42352941 0.64313725
v 0.05142986 0.01446093 0.01215552 0.54117647 0.42352941 0.64313725
v 0.07565334 0.01460412 0.01192430 0.54117647 0.42352941 0.64313725
v 0.07565334 0.01472344 0.01175771 0.54117647 0.42352941 0.64313725
v 0.07543722 0.01485470 0.01183479 0.54117647 0.42352941 0.64313725
v 0.07519567 0.01495016 0.01189197 0.54117647 0.42352941 0.64313725
v 0.07493886 0.01500982 0.01192430 0.54117647 0.42352941 0.64313725
v 0.07467443 0.01503070 0.01193673 0.54117647 0.42352941 0.64313725
v 0.06349965 0.01495613 0.01204612 0.54117647 0.42352941 0.64313725
v 0.05232486 0.01487856 0.01215552 0.54117647 0.42352941 0.64313725
v 0.05212145 0.01486067 0.01215552 0.54117647 0.42352941 0.64313725
v 0.07565334 0.01487856 0.01117592 0.54117647 0.42352941 0.64313725
v 0.07565334 0.01486067 0.01137731 0.54117647 0.42352941 0.64313725
v 0.07565334 0.01480697 0.01157373 0.54117647 0.42352941 0.64313725
v 0.05022466 0.00960739 -0.01249362 0.54117647 0.42352941 0.64313725
v 0.05091371 0.01397468 -0.01168806 0.54117647 0.42352941 0.64313725
v 0.05108406 0.01423123 -0.01189193 0.54117647 0.42352941 0.64313725
v 0.05118322 0.01447286 -0.01183475 0.54117647 0.42352941 0.64313725
v 0.05142986 0.01469063 -0.01192426 0.54117647 0.42352941 0.64313725
v 0.05157479 0.01487856 -0.01180491 0.54117647 0.42352941 0.64313725
v 0.05169683 0.01487856 -0.01192426 0.54117647 0.42352941 0.64313725
v 0.05194346 0.01503070 -0.01183475 0.54117647 0.42352941 0.64313725
v 0.05206551 0.01503070 -0.01189193 0.54117647 0.42352941 0.64313725
v 0.05219264 0.01503070 -0.01192426 0.54117647 0.42352941 0.64313725
v 0.05232486 0.01503070 -0.01193669 0.54117647 0.42352941 0.64313725
v 0.06349965 0.01508738 -0.01181734 0.54117647 0.42352941 0.64313725
v 0.07467443 0.01514406 -0.01169552 0.54117647 0.42352941 0.64313725
v 0.07493886 0.01512020 -0.01168806 0.54117647 0.42352941 0.64313725
v 0.07519567 0.01505755 -0.01166568 0.54117647 0.42352941 0.64313725
v 0.07543722 0.01495016 -0.01162590 0.54117647 0.42352941 0.64313725
v 0.07543722 0.01500982 -0.01140462 0.54117647 0.42352941 0.64313725
v 0.07543722 0.01503070 -0.01117588 0.54117647 0.42352941 0.64313725
v 0.07554655 0.01495613 0.00000002 0.54117647 0.42352941 0.64313725
v 0.05022466 0.00960739 0.01249366 0.54117647 0.42352941 0.64313725
v 0.05102558 0.01393888 0.01193673 0.54117647 0.42352941 0.64313725
v 0.05118322 0.01437143 0.01193673 0.54117647 0.42352941 0.64313725
v 0.05108406 0.01442811 0.01169556 0.54117647 0.42352941 0.64313725
v 0.05097982 0.01420140 0.01169556 0.54117647 0.42352941 0.64313725
v 0.05091371 0.01395976 0.01169556 0.54117647 0.42352941 0.64313725
v 0.05192567 0.01480697 0.01215552 0.54117647 0.42352941 0.64313725
v 0.05174260 0.01472344 0.01215552 0.54117647 0.42352941 0.64313725
v 0.05147817 0.01472344 0.01193673 0.54117647 0.42352941 0.64313725
v 0.05131544 0.01455937 0.01193673 0.54117647 0.42352941 0.64313725
v 0.07543722 0.01495016 0.01162594 0.54117647 0.42352941 0.64313725
v 0.07519567 0.01505755 0.01166572 0.54117647 0.42352941 0.64313725
v 0.07493886 0.01512020 0.01168810 0.54117647 0.42352941 0.64313725
v 0.07467443 0.01514406 0.01169556 0.54117647 0.42352941 0.64313725
v 0.06349965 0.01508738 0.01181738 0.54117647 0.42352941 0.64313725
v 0.05232486 0.01503070 0.01193673 0.54117647 0.42352941 0.64313725
v 0.05209602 0.01500982 0.01193673 0.54117647 0.42352941 0.64313725
v 0.05187481 0.01495016 0.01193673 0.54117647 0.42352941 0.64313725
v 0.07543722 0.01503070 0.01117592 0.54117647 0.42352941 0.64313725
v 0.07543722 0.01500982 0.01140466 0.54117647 0.42352941 0.64313725
v 0.05022466 0.00984902 -0.01234195 0.54117647 0.42352941 0.64313725
v 0.05084760 0.01397468 -0.01143445 0.54117647 0.42352941 0.64313725
v 0.05091371 0.01423123 -0.01142451 0.54117647 0.42352941 0.64313725
v 0.05097982 0.01423123 -0.01166568 0.54117647 0.42352941 0.64313725
v 0.05108406 0.01447286 -0.01162590 0.54117647 0.42352941 0.64313725
v 0.05131544 0.01469063 -0.01175767 0.54117647 0.42352941 0.64313725
v 0.05147817 0.01487856 -0.01166568 0.54117647 0.42352941 0.64313725
v 0.05166632 0.01503070 -0.01155628 0.54117647 0.42352941 0.64313725
v 0.05174260 0.01503070 -0.01166568 0.54117647 0.42352941 0.64313725
v 0.05183668 0.01503070 -0.01175767 0.54117647 0.42352941 0.64313725
v 0.05198923 0.01514406 -0.01157369 0.54117647 0.42352941 0.64313725
v 0.05206551 0.01514406 -0.01162590 0.54117647 0.42352941 0.64313725
v 0.05214688 0.01514406 -0.01166568 0.54117647 0.42352941 0.64313725
v 0.05223587 0.01514406 -0.01168806 0.54117647 0.42352941 0.64313725
v 0.05232486 0.01514406 -0.01169552 0.54117647 0.42352941 0.64313725
v 0.07493886 0.01518881 -0.01143445 0.54117647 0.42352941 0.64313725
v 0.07467443 0.01521267 -0.01143943 0.54117647 0.42352941 0.64313725
v 0.07519567 0.01512020 -0.01142451 0.54117647 0.42352941 0.64313725
v 0.07519567 0.01514406 -0.01117588 0.54117647 0.42352941 0.64313725
v 0.05022466 0.00971478 0.01242653 0.54117647 0.42352941 0.64313725
v 0.05122899 0.01463097 0.01169556 0.54117647 0.42352941 0.64313725
v 0.05117560 0.01467571 0.01143947 0.54117647 0.42352941 0.64313725
v 0.05102558 0.01446093 0.01143947 0.54117647 0.42352941 0.64313725
v 0.05091371 0.01422526 0.01143947 0.54117647 0.42352941 0.64313725
v 0.05084760 0.01397170 0.01143947 0.54117647 0.42352941 0.64313725
v 0.05022466 0.00984902 0.01234199 0.54117647 0.42352941 0.64313725
v 0.05166632 0.01485470 0.01193673 0.54117647 0.42352941 0.64313725
v 0.05140443 0.01480697 0.01169556 0.54117647 0.42352941 0.64313725
v 0.07519567 0.01512020 0.01142455 0.54117647 0.42352941 0.64313725
v 0.07493886 0.01518881 0.01143449 0.54117647 0.42352941 0.64313725
v 0.07467443 0.01521267 0.01143947 0.54117647 0.42352941 0.64313725
v 0.05232486 0.01514406 0.01169556 0.54117647 0.42352941 0.64313725
v 0.05207568 0.01512020 0.01169556 0.54117647 0.42352941 0.64313725
v 0.05183668 0.01505755 0.01169556 0.54117647 0.42352941 0.64313725
v 0.07519567 0.01514406 0.01117592 0.54117647 0.42352941 0.64313725
v 0.05022466 0.01005486 -0.01215548 0.54117647 0.42352941 0.64313725
v 0.05082472 0.01397468 -0.01117588 0.54117647 0.42352941 0.64313725
v 0.05022466 0.01006679 -0.01214305 0.54117647 0.42352941 0.64313725
v 0.05022466 0.01024279 -0.01193669 0.54117647 0.42352941 0.64313725
v 0.05022466 0.01030842 -0.01181983 0.54117647 0.42352941 0.64313725
v 0.05022466 0.01037703 -0.01169552 0.54117647 0.42352941 0.64313725
v 0.05089337 0.01423123 -0.01117588 0.54117647 0.42352941 0.64313725
v 0.05100524 0.01447286 -0.01117588 0.54117647 0.42352941 0.64313725
v 0.05102558 0.01447286 -0.01140462 0.54117647 0.42352941 0.64313725
v 0.05117560 0.01469063 -0.01137727 0.54117647 0.42352941 0.64313725
v 0.05122899 0.01469063 -0.01157369 0.54117647 0.42352941 0.64313725
v 0.05140443 0.01487856 -0.01150904 0.54117647 0.42352941 0.64313725
v 0.05161039 0.01503070 -0.01143445 0.54117647 0.42352941 0.64313725
v 0.05183668 0.01514406 -0.01135241 0.54117647 0.42352941 0.64313725
v 0.05187481 0.01514406 -0.01143445 0.54117647 0.42352941 0.64313725
v 0.05192567 0.01514406 -0.01150904 0.54117647 0.42352941 0.64313725
v 0.05212145 0.01521267 -0.01134495 0.54117647 0.42352941 0.64313725
v 0.05215450 0.01521267 -0.01137727 0.54117647 0.42352941 0.64313725
v 0.05219264 0.01521267 -0.01140462 0.54117647 0.42352941 0.64313725
v 0.05223587 0.01521267 -0.01142451 0.54117647 0.42352941 0.64313725
v 0.05227909 0.01521267 -0.01143445 0.54117647 0.42352941 0.64313725
v 0.05232486 0.01521267 -0.01143943 0.54117647 0.42352941 0.64313725
v 0.07493886 0.01521267 -0.01117588 0.54117647 0.42352941 0.64313725
v 0.06349965 0.01522461 -0.01130765 0.54117647 0.42352941 0.64313725
v 0.07467443 0.01523356 -0.01117588 0.54117647 0.42352941 0.64313725
v 0.05136121 0.01486067 0.01143947 0.54117647 0.42352941 0.64313725
v 0.05134595 0.01487856 0.01117592 0.54117647 0.42352941 0.64313725
v 0.05115780 0.01469063 0.01117592 0.54117647 0.42352941 0.64313725
v 0.05100524 0.01447286 0.01117592 0.54117647 0.42352941 0.64313725
v 0.05089337 0.01423123 0.01117592 0.54117647 0.42352941 0.64313725
v 0.05082472 0.01397468 0.01117592 0.54117647 0.42352941 0.64313725
v 0.05022466 0.01037703 0.01169556 0.54117647 0.42352941 0.64313725
v 0.05022466 0.01024279 0.01193673 0.54117647 0.42352941 0.64313725
v 0.05022466 0.01005486 0.01215552 0.54117647 0.42352941 0.64313725
v 0.05022466 0.00989377 0.01230221 0.54117647 0.42352941 0.64313725
v 0.05161039 0.01495016 0.01169556 0.54117647 0.42352941 0.64313725
v 0.05157479 0.01500982 0.01143947 0.54117647 0.42352941 0.64313725
v 0.07493886 0.01521267 0.01117592 0.54117647 0.42352941 0.64313725
v 0.05232486 0.01521267 0.01143947 0.54117647 0.42352941 0.64313725
v 0.07467443 0.01523356 0.01117592 0.54117647 0.42352941 0.64313725
v 0.06349965 0.01522461 0.01130769 0.54117647 0.42352941 0.64313725
v 0.05206551 0.01518881 0.01143947 0.54117647 0.42352941 0.64313725
v 0.05181125 0.01512020 0.01143947 0.54117647 0.42352941 0.64313725
v 0.05085777 0.01410295 0.00000002 0.54117647 0.42352941 0.64313725
v 0.05022466 0.01044266 -0.01150159 0.54117647 0.42352941 0.64313725
v 0.05022466 0.01046056 -0.01143943 0.54117647 0.42352941 0.64313725
v 0.05022466 0.01049039 -0.01117588 0.54117647 0.42352941 0.64313725
v 0.05094931 0.01435354 0.00000002 0.54117647 0.42352941 0.64313725
v 0.05108152 0.01458324 0.00000002 0.54117647 0.42352941 0.64313725
v 0.05115780 0.01469063 -0.01117588 0.54117647 0.42352941 0.64313725
v 0.05134595 0.01487856 -0.01117588 0.54117647 0.42352941 0.64313725
v 0.05136121 0.01487856 -0.01134495 0.54117647 0.42352941 0.64313725
v 0.05157479 0.01503070 -0.01130765 0.54117647 0.42352941 0.64313725
v 0.05181125 0.01514406 -0.01126539 0.54117647 0.42352941 0.64313725
v 0.05207568 0.01521267 -0.01126539 0.54117647 0.42352941 0.64313725
v 0.05209602 0.01521267 -0.01130765 0.54117647 0.42352941 0.64313725
v 0.05232486 0.01523356 -0.01117588 0.54117647 0.42352941 0.64313725
v 0.07480665 0.01522461 0.00000002 0.54117647 0.42352941 0.64313725
v 0.05156207 0.01503070 0.01117592 0.54117647 0.42352941 0.64313725
v 0.05145529 0.01495613 0.00000002 0.54117647 0.42352941 0.64313725
v 0.05022466 0.01049039 0.01117592 0.54117647 0.42352941 0.64313725
v 0.05022466 0.01046653 0.01138726 0.54117647 0.42352941 0.64313725
v 0.05022466 0.01046056 0.01143947 0.54117647 0.42352941 0.64313725
v 0.05022466 0.01040686 0.01160854 0.54117647 0.42352941 0.64313725
v 0.05180362 0.01514406 0.01117592 0.54117647 0.42352941 0.64313725
v 0.05232486 0.01523356 0.01117592 0.54117647 0.42352941 0.64313725
v 0.05206043 0.01521267 0.01117592 0.54117647 0.42352941 0.64313725
v 0.05156207 0.01503070 -0.01117588 0.54117647 0.42352941 0.64313725
v 0.05180362 0.01514406 -0.01117588 0.54117647 0.42352941 0.64313725
v 0.05206043 0.01521267 -0.01117588 0.54117647 0.42352941 0.64313725
v 0.05206551 0.01521267 -0.01122063 0.54117647 0.42352941 0.64313725
v 0.05219264 0.01522461 0.00000002 0.54117647 0.42352941 0.64313725
f 249 250 255
f 249 255 263
f 249 263 273
f 249 273 287
f 249 287 306
f 249 306 329
f 249 329 328
f 249 328 355
f 249 355 392
f 249 392 437
f 249 437 436
f 249 436 435
f 249 435 469
f 249 469 464
f 249 464 496
f 249 496 524
f 249 524 561
f 249 561 605
f 249 605 654
f 249 654 697
f 249 697 742
f 249 742 782
f 249 782 821
f 249 821 827
f 249 827 871
f 249 871 870
f 249 870 869
f 249 869 868
f 249 868 900
f 249 900 899
f 249 899 898
f 249 898 897
f 249 897 883
f 249 883 882
f 249 882 881
f 249 881 842
f 249 842 841
f 249 841 840
f 249 840 839
f 249 839 837
f 249 837 802
f 249 802 763
f 249 763 720
f 249 720 677
f 249 677 632
f 249 632 583
f 249 583 538
f 249 538 511
f 249 511 480
f 249 480 449
f 249 449 448
f 249 448 405
f 249 405 404
f 249 404 364
f 249 364 336
f 249 336 313
f 249 313 312
f 249 312 293
f 249 293 277
f 249 277 264
f 249 264 256
f 249 256 251
f 249 251 252
f 249 252 253
f 249 253 250
f 250 253 254
f 250 254 255
f 251 256 252
f 252 254 253
f 252 256 257
f 252 257 258
f 252 258 259
f 252 259 261
f 252 261 254
f 254 260 255
f 254 261 262
f 254 262 260
f 255 260 263
f 256 264 257
f 257 264 265
f 257 265 266
f 257 266 258
f 258 266 267
f 258 267 268
f 258 268 269
f 258 269 259
f 259 269 270
f 259 270 261
f 260 262 271
f 260 271 272
f 260 272 273
f 260 273 263
f 261 270 274
f 261 274 262
f 262 274 275
f 262 275 276
f 262 276 271
f 264 277 265
f 265 277 278
f 265 278 266
f 266 278 279
f 266 279 267
f 267 279 280
f 267 280 281
f 267 281 282
f 267 282 283
f 267 283 268
f 268 283 269
f 269 274 270
f 269 283 284
f 269 284 288
f 269 288 274
f 271 276 285
f 271 285 286
f 271 286 272
f 272 286 273
f 273 286 287
f 274 288 289
f 274 289 275
f 275 289 276
f 276 289 290
f 276 290 291
f 276 291 292
f 276 292 285
f 277 293 278
f 278 293 294
f 278 294 279
f 279 294 295
f 279 295 296
f 279 296 280
f 280 296 281
f 281 296 297
f 281 297 298
f 281 298 299
f 281 299 282
f 282 299 283
f 283 299 300
f 283 300 284
f 284 300 301
f 284 301 302
f 284 302 288
f 285 292 303
f 285 303 304
f 285 304 305
f 285 305 286
f 286 305 287
f 287 305 306
f 288 302 307
f 288 307 308
f 288 308 289
f 289 308 309
f 289 309 290
f 290 309 291
f 291 309 310
f 291 310 311
f 291 311 303
f 291 303 292
f 293 312 294
f 294 312 313
f 294 313 314
f 294 314 315
f 294 315 295
f 295 315 296
f 296 315 316
f 296 316 317
f 296 317 297
f 297 317 318
f 297 318 298
f 298 318 319
f 298 319 320
f 298 320 299
f 299 320 321
f 299 321 322
f 299 322 300
f 300 323 301
f 300 322 323
f 301 307 302
f 301 323 330
f 301 330 307
f 303 311 324
f 303 324 325
f 303 325 326
f 303 326 304
f 304 326 305
f 305 326 327
f 305 327 328
f 305 328 329
f 305 329 306
f 307 330 308
f 308 330 331
f 308 331 309
f 309 331 332
f 309 332 333
f 309 333 310
f 310 334 311
f 310 333 335
f 310 335 334
f 311 334 324
f 313 336 314
f 314 336 337
f 314 337 338
f 314 338 315
f 315 338 339
f 315 339 316
f 316 339 317
f 317 340 318
f 317 339 341
f 317 341 340
f 318 340 342
f 318 342 319
f 319 343 376
f 319 376 344
f 319 344 345
f 319 345 320
f 319 342 343
f 320 345 346
f 320 346 347
f 320 347 321
f 321 347 322
f 322 347 346
f 322 346 348
f 322 348 383
f 322 383 349
f 322 349 323
f 323 349 356
f 323 356 330
f 324 334 350
f 324 350 351
f 324 351 352
f 324 352 325
f 325 352 326
f 326 352 353
f 326 353 327
f 327 353 354
f 327 354 355
f 327 355 328
f 330 356 331
f 331 356 393
f 331 393 357
f 331 357 358
f 331 358 359
f 331 359 332
f 332 359 333
f 333 359 358
f 333 358 360
f 333 360 362
f 333 362 335
f 334 361 350
f 334 335 361
f 335 362 400
f 335 400 363
f 335 363 361
f 336 364 337
f 337 364 365
f 337 365 338
f 338 365 366
f 338 366 367
f 338 367 339
f 339 367 341
f 340 341 368
f 340 368 369
f 340 369 370
f 340 370 342
f 341 367 371
f 341 371 372
f 341 372 368
f 342 370 343
f 343 370 369
f 343 369 373
f 343 373 374
f 343 374 375
f 343 375 376
f 344 376 377
f 344 377 378
f 344 378 379
f 344 379 345
f 345 379 346
f 346 379 380
f 346 380 348
f 348 380 381
f 348 381 382
f 348 382 383
f 349 383 393
f 349 393 356
f 350 384 385
f 350 385 351
f 350 361 386
f 350 386 384
f 351 385 387
f 351 387 388
f 351 388 389
f 351 389 352
f 352 389 353
f 353 389 390
f 353 390 391
f 353 391 354
f 354 391 392
f 354 392 355
f 357 393 394
f 357 394 395
f 357 395 396
f 357 396 358
f 358 396 397
f 358 397 360
f 360 397 362
f 361 363 386
f 362 397 398
f 362 398 399
f 362 399 400
f 363 401 384
f 363 384 386
f 363 400 402
f 363 402 403
f 363 403 401
f 364 404 365
f 365 404 405
f 365 405 366
f 366 405 406
f 366 406 407
f 366 407 367
f 367 407 408
f 367 408 371
f 368 372 409
f 368 409 410
f 368 410 411
f 368 411 373
f 368 373 369
f 371 408 372
f 372 408 412
f 372 412 413
f 372 413 414
f 372 414 410
f 372 410 409
f 373 411 374
f 374 410 415
f 374 415 416
f 374 416 375
f 374 411 410
f 375 416 417
f 375 417 418
f 375 418 376
f 376 418 377
f 377 418 419
f 377 419 420
f 377 420 378
f 378 420 379
f 379 420 421
f 379 421 422
f 379 422 380
f 380 422 423
f 380 423 381
f 381 423 382
f 382 424 383
f 382 423 425
f 382 425 438
f 382 438 394
f 382 394 424
f 383 424 393
f 384 401 385
f 385 401 426
f 385 426 427
f 385 427 428
f 385 428 387
f 387 429 388
f 387 428 427
f 387 427 430
f 387 430 431
f 387 431 432
f 387 432 429
f 388 429 389
f 389 429 433
f 389 433 434
f 389 434 390
f 390 434 435
f 390 435 436
f 390 436 391
f 391 436 437
f 391 437 392
f 393 424 394
f 394 438 395
f 395 438 439
f 395 439 440
f 395 440 396
f 396 440 397
f 397 440 441
f 397 441 442
f 397 442 398
f 398 442 444
f 398 444 399
f 399 443 400
f 399 444 443
f 400 443 402
f 401 403 426
f 402 443 445
f 402 445 446
f 402 446 403
f 403 446 447
f 403 447 427
f 403 427 426
f 405 448 406
f 406 448 449
f 406 449 407
f 407 449 408
f 408 449 412
f 410 414 415
f 412 449 450
f 412 450 451
f 412 451 413
f 413 452 416
f 413 416 415
f 413 415 414
f 413 451 453
f 413 453 452
f 416 452 454
f 416 454 417
f 417 454 455
f 417 455 456
f 417 456 418
f 418 456 419
f 419 456 457
f 419 457 458
f 419 458 459
f 419 459 420
f 420 459 421
f 421 459 460
f 421 460 422
f 422 460 461
f 422 461 423
f 423 461 462
f 423 462 463
f 423 463 425
f 425 463 470
f 425 470 438
f 427 447 430
f 429 432 464
f 429 464 433
f 430 447 431
f 431 465 432
f 431 447 446
f 431 446 466
f 431 466 467
f 431 467 465
f 432 468 464
f 432 465 468
f 433 464 434
f 434 464 469
f 434 469 435
f 438 470 471
f 438 471 439
f 439 471 440
f 440 471 472
f 440 472 473
f 440 473 441
f 441 473 474
f 441 474 442
f 442 474 444
f 443 444 475
f 443 475 445
f 444 474 476
f 444 476 477
f 444 477 475
f 445 475 478
f 445 478 479
f 445 479 446
f 446 479 466
f 449 480 481
f 449 481 450
f 450 481 451
f 451 482 453
f 451 481 482
f 452 453 454
f 453 483 515
f 453 515 484
f 453 484 485
f 453 485 486
f 453 486 454
f 453 482 481
f 453 481 511
f 453 511 538
f 453 538 512
f 453 512 483
f 454 486 455
f 455 486 485
f 455 485 487
f 455 487 456
f 456 487 457
f 457 487 488
f 457 488 458
f 458 488 489
f 458 489 490
f 458 490 459
f 459 490 491
f 459 491 460
f 460 491 492
f 460 492 461
f 461 492 462
f 462 492 493
f 462 493 463
f 463 493 494
f 463 494 495
f 463 495 470
f 464 468 497
f 464 497 496
f 465 467 498
f 465 498 497
f 465 497 468
f 466 479 467
f 467 499 527
f 467 527 500
f 467 500 530
f 467 530 525
f 467 525 497
f 467 497 498
f 467 479 501
f 467 501 502
f 467 502 499
f 470 495 503
f 470 503 504
f 470 504 471
f 471 504 505
f 471 505 472
f 472 505 473
f 473 505 506
f 473 506 474
f 474 506 507
f 474 507 476
f 475 477 508
f 475 508 478
f 476 507 509
f 476 509 510
f 476 510 477
f 477 510 508
f 478 508 502
f 478 502 501
f 478 501 479
f 480 511 481
f 483 512 541
f 483 541 513
f 483 513 514
f 483 514 515
f 484 516 485
f 484 515 545
f 484 545 516
f 485 516 487
f 487 516 488
f 488 516 545
f 488 545 517
f 488 517 518
f 488 518 489
f 489 518 519
f 489 519 490
f 490 519 520
f 490 520 491
f 491 520 521
f 491 521 492
f 492 521 522
f 492 522 493
f 493 522 523
f 493 523 494
f 494 503 495
f 494 523 531
f 494 531 503
f 496 497 524
f 497 525 524
f 499 502 526
f 499 526 564
f 499 564 527
f 500 527 528
f 500 528 529
f 500 529 568
f 500 568 530
f 502 508 526
f 503 531 532
f 503 532 504
f 504 532 533
f 504 533 505
f 505 533 534
f 505 534 506
f 506 534 535
f 506 535 507
f 507 535 536
f 507 536 509
f 508 510 526
f 509 536 537
f 509 537 510
f 510 537 564
f 510 564 526
f 512 539 540
f 512 540 541
f 512 538 539
f 513 541 586
f 513 586 542
f 513 542 514
f 514 542 543
f 514 543 544
f 514 544 545
f 514 545 515
f 517 545 546
f 517 546 547
f 517 547 518
f 518 547 519
f 519 547 548
f 519 548 520
f 520 548 549
f 520 549 550
f 520 550 521
f 521 550 522
f 522 550 551
f 522 551 523
f 523 551 552
f 523 552 553
f 523 553 554
f 523 554 555
f 523 555 556
f 523 556 557
f 523 557 558
f 523 558 559
f 523 559 560
f 523 560 531
f 524 525 530
f 524 530 562
f 524 562 563
f 524 563 561
f 527 564 528
f 528 565 566
f 528 566 567
f 528 567 529
f 528 564 565
f 529 567 620
f 529 620 568
f 530 568 562
f 531 569 532
f 531 560 570
f 531 570 571
f 531 571 572
f 531 572 573
f 531 573 574
f 531 574 575
f 531 575 576
f 531 576 577
f 531 577 569
f 532 569 578
f 532 578 533
f 533 578 534
f 534 578 579
f 534 579 580
f 534 580 535
f 535 580 581
f 535 581 536
f 536 581 537
f 537 581 582
f 537 582 564
f 538 583 540
f 538 540 539
f 540 584 585
f 540 585 586
f 540 586 541
f 540 583 584
f 542 586 587
f 542 587 588
f 542 588 543
f 543 589 544
f 543 588 590
f 543 590 591
f 543 591 589
f 544 589 592
f 544 592 546
f 544 546 545
f 546 592 547
f 547 592 593
f 547 593 548
f 548 593 594
f 548 594 595
f 548 595 549
f 549 595 550
f 550 552 551
f 550 595 596
f 550 596 552
f 552 596 597
f 552 597 553
f 553 597 598
f 553 598 554
f 554 598 555
f 555 598 599
f 555 599 600
f 555 600 556
f 556 600 557
f 557 600 601
f 557 601 602
f 557 602 558
f 558 602 604
f 558 604 559
f 559 603 570
f 559 570 560
f 559 604 603
f 561 563 605
f 562 568 606
f 562 606 607
f 562 607 608
f 562 608 609
f 562 609 610
f 562 610 611
f 562 611 563
f 563 611 612
f 563 612 613
f 563 613 605
f 564 582 565
f 565 582 614
f 565 614 615
f 565 615 566
f 566 615 616
f 566 616 617
f 566 617 618
f 566 618 567
f 567 618 619
f 567 619 620
f 568 620 606
f 569 577 578
f 570 603 621
f 570 621 622
f 570 622 571
f 571 622 572
f 572 622 623
f 572 623 624
f 572 624 573
f 573 624 574
f 574 624 625
f 574 625 626
f 574 626 575
f 575 626 576
f 576 626 627
f 576 627 628
f 576 628 577
f 577 628 578
f 578 628 629
f 578 629 579
f 579 629 580
f 580 629 630
f 580 630 631
f 580 631 581
f 581 631 614
f 581 614 582
f 583 632 633
f 583 633 584
f 584 633 634
f 584 634 635
f 584 635 585
f 585 635 636
f 585 636 637
f 585 637 586
f 586 637 638
f 586 638 587
f 587 638 588
f 588 638 639
f 588 639 640
f 588 640 641
f 588 641 590
f 589 591 642
f 589 642 592
f 590 641 591
f 591 641 643
f 591 643 642
f 592 642 593
f 593 642 644
f 593 644 645
f 593 645 594
f 594 645 595
f 595 597 596
f 595 645 646
f 595 646 597
f 597 646 647
f 597 647 598
f 598 647 648
f 598 648 599
f 599 648 600
f 600 648 649
f 600 649 601
f 601 649 650
f 601 650 602
f 602 650 651
f 602 651 652
f 602 652 604
f 603 604 621
f 604 652 653
f 604 653 621
f 605 613 655
f 605 655 654
f 606 620 656
f 606 656 657
f 606 657 607
f 607 657 658
f 607 658 608
f 608 658 609
f 609 658 659
f 609 659 660
f 609 660 610
f 610 660 612
f 610 612 611
f 612 655 613
f 612 660 661
f 612 661 655
f 614 631 662
f 614 662 615
f 615 662 616
f 616 662 663
f 616 663 664
f 616 664 617
f 617 664 618
f 618 665 619
f 618 664 666
f 618 666 667
f 618 667 665
f 619 665 620
f 620 665 656
f 621 653 668
f 621 668 622
f 622 668 669
f 622 669 670
f 622 670 623
f 623 670 671
f 623 671 624
f 624 671 672
f 624 672 625
f 625 672 626
f 626 672 673
f 626 673 627
f 627 629 628
f 627 673 674
f 627 674 629
f 629 674 675
f 629 675 630
f 630 675 631
f 631 675 676
f 631 676 662
f 632 677 678
f 632 678 633
f 633 678 679
f 633 679 634
f 634 679 680
f 634 680 635
f 635 680 636
f 636 680 681
f 636 681 637
f 637 681 682
f 637 682 638
f 638 682 683
f 638 683 639
f 639 683 640
f 640 683 731
f 640 731 684
f 640 684 641
f 641 684 685
f 641 685 643
f 642 643 686
f 642 686 687
f 642 687 644
f 643 685 688
f 643 688 689
f 643 689 686
f 644 687 645
f 645 647 646
f 645 687 690
f 645 690 647
f 647 690 648
f 648 690 691
f 648 691 649
f 649 691 692
f 649 692 650
f 650 692 693
f 650 693 694
f 650 694 651
f 651 694 652
f 652 694 695
f 652 695 696
f 652 696 668
f 652 668 653
f 654 655 698
f 654 698 697
f 655 661 698
f 656 665 699
f 656 699 700
f 656 700 657
f 657 700 701
f 657 701 658
f 658 701 659
f 659 701 702
f 659 702 703
f 659 703 660
f 660 703 661
f 661 703 704
f 661 704 705
f 661 705 698
f 662 676 706
f 662 706 707
f 662 707 663
f 663 707 708
f 663 708 709
f 663 709 710
f 663 710 664
f 664 710 711
f 664 711 666
f 665 667 712
f 665 712 713
f 665 713 699
f 666 712 667
f 666 711 758
f 666 758 712
f 668 696 714
f 668 714 715
f 668 715 669
f 669 715 670
f 670 715 716
f 670 716 717
f 670 717 671
f 671 717 718
f 671 718 672
f 672 718 719
f 672 719 673
f 673 675 674
f 673 719 675
f 675 719 706
f 675 706 676
f 677 720 721
f 677 721 722
f 677 722 678
f 678 722 679
f 679 723 724
f 679 724 680
f 679 722 725
f 679 725 723
f 680 724 726
f 680 726 727
f 680 727 681
f 681 727 728
f 681 728 729
f 681 729 730
f 681 730 682
f 682 730 731
f 682 731 683
f 684 731 732
f 684 732 733
f 684 733 685
f 685 733 734
f 685 734 735
f 685 735 688
f 686 689 687
f 687 691 690
f 687 689 736
f 687 736 691
f 688 735 689
f 689 735 737
f 689 737 738
f 689 738 736
f 691 736 738
f 691 738 692
f 692 738 693
f 693 738 739
f 693 739 740
f 693 740 694
f 694 740 741
f 694 741 695
f 695 714 696
f 695 741 760
f 695 760 714
f 697 698 743
f 697 743 744
f 697 744 742
f 698 705 745
f 698 745 743
f 699 713 700
f 700 713 746
f 700 746 701
f 701 746 747
f 701 747 748
f 701 748 702
f 702 748 704
f 702 704 703
f 704 748 749
f 704 749 750
f 704 750 705
f 705 750 745
f 706 719 718
f 706 718 751
f 706 751 708
f 706 708 707
f 708 752 753
f 708 753 754
f 708 754 709
f 708 751 752
f 709 754 710
f 710 754 755
f 710 755 756
f 710 756 711
f 711 757 758
f 711 756 757
f 712 758 713
f 713 758 759
f 713 759 746
f 714 760 715
f 715 760 761
f 715 761 716
f 716 761 762
f 716 762 752
f 716 752 717
f 717 752 718
f 718 752 751
f 720 763 721
f 721 764 765
f 721 765 722
f 721 763 764
f 722 765 725
f 723 766 767
f 723 767 726
f 723 726 724
f 723 725 765
f 723 765 766
f 726 767 768
f 726 768 769
f 726 769 728
f 726 728 727
f 728 769 770
f 728 770 729
f 729 770 771
f 729 771 730
f 730 771 772
f 730 772 773
f 730 773 731
f 731 773 732
f 732 773 733
f 733 773 774
f 733 774 775
f 733 775 734
f 734 775 776
f 734 776 777
f 734 777 735
f 735 777 737
f 737 777 778
f 737 778 738
f 738 778 739
f 739 778 740
f 740 778 779
f 740 779 780
f 740 780 741
f 741 781 760
f 741 780 781
f 742 744 783
f 742 783 782
f 743 745 744
f 744 745 784
f 744 784 785
f 744 785 786
f 744 786 787
f 744 787 783
f 745 750 784
f 746 759 788
f 746 788 789
f 746 789 747
f 747 789 748
f 748 789 749
f 749 789 790
f 749 790 750
f 750 790 791
f 750 791 784
f 752 762 792
f 752 792 753
f 753 792 793
f 753 793 754
f 754 793 755
f 755 793 794
f 755 794 795
f 755 795 756
f 756 796 797
f 756 797 757
f 756 795 796
f 757 797 758
f 758 797 759
f 759 797 798
f 759 798 799
f 759 799 788
f 760 781 800
f 760 800 761
f 761 800 801
f 761 801 792
f 761 792 762
f 763 802 764
f 764 803 804
f 764 804 805
f 764 805 765
f 764 802 803
f 765 805 806
f 765 806 766
f 766 806 807
f 766 807 767
f 767 807 808
f 767 808 768
f 768 808 809
f 768 809 810
f 768 810 811
f 768 811 769
f 769 811 770
f 770 811 812
f 770 812 813
f 770 813 814
f 770 814 771
f 771 814 772
f 772 814 815
f 772 815 773
f 773 815 816
f 773 816 774
f 774 816 775
f 775 817 776
f 775 816 858
f 775 858 818
f 775 818 817
f 776 817 777
f 777 779 778
f 777 817 819
f 777 819 779
f 779 819 820
f 779 820 780
f 780 800 781
f 780 820 836
f 780 836 800
f 782 783 787
f 782 787 821
f 784 791 785
f 785 791 822
f 785 822 823
f 785 823 824
f 785 824 825
f 785 825 786
f 786 825 787
f 787 825 826
f 787 826 827
f 787 827 821
f 788 799 789
f 789 799 828
f 789 828 790
f 790 828 829
f 790 829 822
f 790 822 791
f 792 801 793
f 793 801 830
f 793 830 831
f 793 831 794
f 794 831 795
f 795 831 832
f 795 832 875
f 795 875 833
f 795 833 796
f 796 833 797
f 797 833 798
f 798 833 834
f 798 834 835
f 798 835 799
f 799 835 828
f 800 836 801
f 801 836 830
f 802 837 803
f 803 838 804
f 803 837 839
f 803 839 840
f 803 840 841
f 803 841 842
f 803 842 838
f 804 843 844
f 804 844 845
f 804 845 806
f 804 806 805
f 804 838 843
f 806 845 846
f 806 846 847
f 806 847 807
f 807 847 848
f 807 848 808
f 808 848 809
f 809 848 849
f 809 849 850
f 809 850 851
f 809 851 852
f 809 852 810
f 810 852 812
f 810 812 811
f 812 852 853
f 812 853 854
f 812 854 855
f 812 855 813
f 813 855 814
f 814 855 856
f 814 856 815
f 815 856 857
f 815 857 858
f 815 858 816
f 817 820 819
f 817 818 859
f 817 859 820
f 818 858 860
f 818 860 861
f 818 861 859
f 820 859 874
f 820 874 836
f 822 829 823
f 823 829 862
f 823 862 863
f 823 863 864
f 823 864 865
f 823 865 824
f 824 865 825
f 825 866 867
f 825 867 826
f 825 865 866
f 826 867 868
f 826 868 869
f 826 869 870
f 826 870 871
f 826 871 827
f 828 835 872
f 828 872 829
f 829 872 873
f 829 873 862
f 830 836 831
f 831 836 874
f 831 874 832
f 832 874 876
f 832 876 877
f 832 877 875
f 833 878 834
f 833 875 878
f 834 878 835
f 835 879 873
f 835 873 872
f 835 878 879
f 838 867 880
f 838 880 843
f 838 842 881
f 838 881 882
f 838 882 883
f 838 883 897
f 838 897 867
f 843 880 866
f 843 866 884
f 843 884 844
f 844 884 865
f 844 865 885
f 844 885 886
f 844 886 846
f 844 846 845
f 846 886 887
f 846 887 888
f 846 888 848
f 846 848 847
f 848 888 889
f 848 889 849
f 849 889 890
f 849 890 850
f 850 890 891
f 850 891 851
f 851 891 892
f 851 892 853
f 851 853 852
f 853 892 893
f 853 893 854
f 854 893 855
f 855 893 856
f 856 893 857
f 857 893 858
f 858 893 860
f 859 861 894
f 859 894 874
f 860 893 861
f 861 893 902
f 861 902 876
f 861 876 894
f 862 873 895
f 862 895 863
f 863 895 896
f 863 896 887
f 863 887 886
f 863 886 864
f 864 886 885
f 864 885 865
f 865 884 866
f 866 880 867
f 867 897 898
f 867 898 899
f 867 899 900
f 867 900 868
f 873 879 901
f 873 901 895
f 874 894 876
f 875 877 902
f 875 902 903
f 875 903 878
f 876 902 877
f 878 901 879
f 878 903 901
f 887 896 904
f 887 904 888
f 888 904 889
f 889 904 890
f 890 905 906
f 890 906 907
f 890 907 891
f 890 904 905
f 891 907 893
f 891 893 892
f 893 907 906
f 893 906 908
f 893 908 902
f 895 904 896
f 895 901 905
f 895 905 904
f 901 903 906
f 901 906 905
f 902 908 903
f 903 908 906

o geometry_2
v 0.05022465 0.01049144 0.00799776 0.43529412 0.89019608 0.96078431
v 0.05022465 0.01048892 0.01117560 0.43529412 0.89019608 0.96078431
v 0.05022465 0.01048892 0.00529545 0.43529412 0.89019608 0.96078431
v 0.00049525 0.01015640 0.00683362 0.43529412 0.89019608 0.96078431
v 0.00049525 0.01015640 0.01097336 0.43529412 0.89019608 0.96078431
v 0.05022465 0.01046876 0.01138798 0.43529412 0.89019608 0.96078431
v 0.00049525 0.01015388 0.01117995 0.43529412 0.89019608 0.96078431
v 0.00049525 0.01014380 0.01130680 0.43529412 0.89019608 0.96078431
v 0.05022465 -0.01523840 0.00529545 0.43529412 0.89019608 0.96078431
v 0.01064460 0.01015640 0.00529545 0.43529412 0.89019608 0.96078431
v 0.00049525 0.01013624 0.00658862 0.43529412 0.89019608 0.96078431
v 0.05022465 0.01046121 0.01144017 0.43529412 0.89019608 0.96078431
v 0.00049525 0.01013121 0.01143872 0.43529412 0.89019608 0.96078431
v 0.05022465 -0.01523840 0.01117560 0.43529412 0.89019608 0.96078431
v 0.05016624 -0.01524344 0.00529545 0.43529412 0.89019608 0.96078431
v 0.01040121 0.01013624 0.00529545 0.43529412 0.89019608 0.96078431
v 0.00049525 0.00984907 0.00591594 0.43529412 0.89019608 0.96078431
v 0.00049525 0.00998006 0.00612397 0.43529412 0.89019608 0.96078431
v 0.00049525 0.01002541 0.00622980 0.43529412 0.89019608 0.96078431
v 0.00049525 0.01007579 0.00635013 0.43529412 0.89019608 0.96078431
v 0.00049525 0.01013373 0.00657702 0.43529412 0.89019608 0.96078431
v 0.05022465 0.01037808 0.01169678 0.43529412 0.89019608 0.96078431
v 0.00049525 0.01009846 0.01156703 0.43529412 0.89019608 0.96078431
v 0.00049525 0.01006319 0.01169533 0.43529412 0.89019608 0.96078431
v 0.05022465 -0.01521573 0.01144017 0.43529412 0.89019608 0.96078431
v 0.05016624 -0.01524344 0.01117560 0.43529412 0.89019608 0.96078431
v 0.01162303 -0.01524344 0.00529545 0.43529412 0.89019608 0.96078431
v 0.01016269 0.01007579 0.00529545 0.43529412 0.89019608 0.96078431
v 0.00049525 0.00868778 0.00531067 0.43529412 0.89019608 0.96078431
v 0.00049525 0.00880365 0.00531937 0.43529412 0.89019608 0.96078431
v 0.00049525 0.00881121 0.00532009 0.43529412 0.89019608 0.96078431
v 0.00049525 0.00886915 0.00532879 0.43529412 0.89019608 0.96078431
v 0.00049525 0.00893213 0.00533894 0.43529412 0.89019608 0.96078431
v 0.00049525 0.00905052 0.00536866 0.43529412 0.89019608 0.96078431
v 0.00049525 0.00916892 0.00540708 0.43529412 0.89019608 0.96078431
v 0.00049525 0.00928228 0.00545492 0.43529412 0.89019608 0.96078431
v 0.00049525 0.00939060 0.00551218 0.43529412 0.89019608 0.96078431
v 0.00049525 0.00948884 0.00557380 0.43529412 0.89019608 0.96078431
v 0.00049525 0.00958457 0.00564991 0.43529412 0.89019608 0.96078431
v 0.00049525 0.00968533 0.00573254 0.43529412 0.89019608 0.96078431
v 0.05022465 0.01031510 0.01180841 0.43529412 0.89019608 0.96078431
v 0.00049525 0.01000777 0.01181856 0.43529412 0.89019608 0.96078431
v 0.00049525 0.00994983 0.01194106 0.43529412 0.89019608 0.96078431
v 0.05022465 -0.01516283 0.01163589 0.43529412 0.89019608 0.96078431
v 0.05016624 -0.01515023 0.01169678 0.43529412 0.89019608 0.96078431
v 0.05016624 -0.01521825 0.01144017 0.43529412 0.89019608 0.96078431
v 0.02508736 -0.01522581 0.01137421 0.43529412 0.89019608 0.96078431
v 0.01254304 -0.01524344 0.01117560 0.43529412 0.89019608 0.96078431
v 0.00049525 -0.01524344 0.00780930 0.43529412 0.89019608 0.96078431
v 0.00049525 -0.01522077 0.00755197 0.43529412 0.89019608 0.96078431
v 0.00049525 -0.01515527 0.00730189 0.43529412 0.89019608 0.96078431
v 0.00049525 -0.01510489 0.00718808 0.43529412 0.89019608 0.96078431
v 0.01136504 -0.01522077 0.00529545 0.43529412 0.89019608 0.96078431
v 0.01014322 0.01006823 0.00529545 0.43529412 0.89019608 0.96078431
v 0.00049525 0.00856434 0.00531067 0.43529412 0.89019608 0.96078431
v 0.00993390 0.00998006 0.00529545 0.43529412 0.89019608 0.96078431
v 0.00972946 0.00984907 0.00529545 0.43529412 0.89019608 0.96078431
v 0.00954448 0.00968533 0.00529545 0.43529412 0.89019608 0.96078431
v 0.00938871 0.00949136 0.00529545 0.43529412 0.89019608 0.96078431
v 0.00932543 0.00939060 0.00529545 0.43529412 0.89019608 0.96078431
v 0.00926702 0.00927976 0.00529545 0.43529412 0.89019608 0.96078431
v 0.00921834 0.00916892 0.00529545 0.43529412 0.89019608 0.96078431
v 0.00917940 0.00905052 0.00529545 0.43529412 0.89019608 0.96078431
v 0.00915019 0.00893213 0.00529545 0.43529412 0.89019608 0.96078431
v 0.00913072 0.00881121 0.00529545 0.43529412 0.89019608 0.96078431
v 0.00912098 0.00868778 0.00529545 0.43529412 0.89019608 0.96078431
v 0.05022465 0.01024205 0.01193744 0.43529412 0.89019608 0.96078431
v 0.00049525 0.00987678 0.01204544 0.43529412 0.89019608 0.96078431
v 0.05022465 -0.01514520 0.01169678 0.43529412 0.89019608 0.96078431
v 0.02508736 -0.01516787 0.01163299 0.43529412 0.89019608 0.96078431
v 0.03762193 -0.01521069 0.01147207 0.43529412 0.89019608 0.96078431
v 0.05022465 -0.01503436 0.01193744 0.43529412 0.89019608 0.96078431
v 0.05016624 -0.01503688 0.01193744 0.43529412 0.89019608 0.96078431
v 0.03762193 -0.01505199 0.01190772 0.43529412 0.89019608 0.96078431
v 0.02508736 -0.01506710 0.01187727 0.43529412 0.89019608 0.96078431
v 0.01254304 -0.01515023 0.01169678 0.43529412 0.89019608 0.96078431
v 0.01254304 -0.01521825 0.01144017 0.43529412 0.89019608 0.96078431
v 0.00049525 -0.01521825 0.01143872 0.43529412 0.89019608 0.96078431
v 0.01254304 -0.01522832 0.01134087 0.43529412 0.89019608 0.96078431
v 0.00049525 -0.01523084 0.01130680 0.43529412 0.89019608 0.96078431
v 0.00049525 -0.01524092 0.01117922 0.43529412 0.89019608 0.96078431
v 0.00049525 -0.01524344 0.01113210 0.43529412 0.89019608 0.96078431
v 0.00049525 -0.01504947 0.00706630 0.43529412 0.89019608 0.96078431
v 0.01111191 -0.01515527 0.00529545 0.43529412 0.89019608 0.96078431
v 0.00049525 -0.01497390 0.00695540 0.43529412 0.89019608 0.96078431
v 0.00049525 -0.01490336 0.00685247 0.43529412 0.89019608 0.96078431
v 0.00049525 -0.01481268 0.00675534 0.43529412 0.89019608 0.96078431
v 0.00049525 -0.01472199 0.00666183 0.43529412 0.89019608 0.96078431
v 0.00049525 -0.01467413 0.00662341 0.43529412 0.89019608 0.96078431
v 0.00049525 -0.01462123 0.00658137 0.43529412 0.89019608 0.96078431
v 0.00049525 -0.01451795 0.00651250 0.43529412 0.89019608 0.96078431
v 0.00049525 -0.00260776 0.00579851 0.43529412 0.89019608 0.96078431
v 0.00912098 0.00856434 0.00529545 0.43529412 0.89019608 0.96078431
v 0.01002639 -0.01214750 0.00529545 0.43529412 0.89019608 0.96078431
v 0.01009941 -0.01378489 0.00529545 0.43529412 0.89019608 0.96078431
v 0.01010915 -0.01391337 0.00529545 0.43529412 0.89019608 0.96078431
v 0.01012862 -0.01402925 0.00529545 0.43529412 0.89019608 0.96078431
v 0.01016269 -0.01416528 0.00529545 0.43529412 0.89019608 0.96078431
v 0.01020650 -0.01428871 0.00529545 0.43529412 0.89019608 0.96078431
v 0.05022465 0.01019670 0.01199108 0.43529412 0.89019608 0.96078431
v 0.00049525 0.00979617 0.01215780 0.43529412 0.89019608 0.96078431
v 0.00049525 -0.01518550 0.01156703 0.43529412 0.89019608 0.96078431
v 0.01254304 -0.01521069 0.01147207 0.43529412 0.89019608 0.96078431
v 0.05022465 -0.01492352 0.01209618 0.43529412 0.89019608 0.96078431
v 0.05016624 -0.01488573 0.01215490 0.43529412 0.89019608 0.96078431
v 0.03762193 -0.01501924 0.01196498 0.43529412 0.89019608 0.96078431
v 0.00049525 -0.01503688 0.01194106 0.43529412 0.89019608 0.96078431
v 0.00049525 -0.01515023 0.01169533 0.43529412 0.89019608 0.96078431
v 0.01087826 -0.01504947 0.00529545 0.43529412 0.89019608 0.96078431
v 0.00049525 -0.01446001 0.00647916 0.43529412 0.89019608 0.96078431
v 0.00049525 -0.01440459 0.00644872 0.43529412 0.89019608 0.96078431
v 0.00049525 -0.01428871 0.00639580 0.43529412 0.89019608 0.96078431
v 0.00049525 -0.01423077 0.00637478 0.43529412 0.89019608 0.96078431
v 0.00049525 -0.01416024 0.00635086 0.43529412 0.89019608 0.96078431
v 0.00049525 -0.01378489 0.00628707 0.43529412 0.89019608 0.96078431
v 0.01025518 -0.01439451 0.00529545 0.43529412 0.89019608 0.96078431
v 0.05022465 0.01005563 0.01215490 0.43529412 0.89019608 0.96078431
v 0.00049525 0.00970548 0.01224840 0.43529412 0.89019608 0.96078431
v 0.05022465 -0.01488069 0.01215490 0.43529412 0.89019608 0.96078431
v 0.03762193 -0.01490588 0.01212808 0.43529412 0.89019608 0.96078431
v 0.05022465 -0.01469428 0.01234336 0.43529412 0.89019608 0.96078431
v 0.05016624 -0.01469680 0.01234336 0.43529412 0.89019608 0.96078431
v 0.03762193 -0.01486306 0.01217882 0.43529412 0.89019608 0.96078431
v 0.01254304 -0.01488573 0.01215490 0.43529412 0.89019608 0.96078431
v 0.00049525 -0.01496382 0.01204544 0.43529412 0.89019608 0.96078431
v 0.01068841 -0.01492100 0.00529545 0.43529412 0.89019608 0.96078431
v 0.00049525 -0.01404184 0.00631969 0.43529412 0.89019608 0.96078431
v 0.00049525 -0.01384535 0.00629214 0.43529412 0.89019608 0.96078431
v 0.01026005 -0.01440459 0.00529545 0.43529412 0.89019608 0.96078431
v 0.01032333 -0.01451795 0.00529545 0.43529412 0.89019608 0.96078431
v 0.01039635 -0.01462627 0.00529545 0.43529412 0.89019608 0.96078431
v 0.05022465 0.00989441 0.01230205 0.43529412 0.89019608 0.96078431
v 0.00049525 0.00960724 0.01234554 0.43529412 0.89019608 0.96078431
v 0.01254304 -0.01490588 0.01212808 0.43529412 0.89019608 0.96078431
v 0.05022465 -0.01455573 0.01243977 0.43529412 0.89019608 0.96078431
v 0.05016624 -0.01448016 0.01249559 0.43529412 0.89019608 0.96078431
v 0.03762193 -0.01472199 0.01231944 0.43529412 0.89019608 0.96078431
v 0.03762193 -0.01467161 0.01236221 0.43529412 0.89019608 0.96078431
v 0.00049525 -0.01469932 0.01234191 0.43529412 0.89019608 0.96078431
v 0.01254304 -0.01486306 0.01217882 0.43529412 0.89019608 0.96078431
v 0.00049525 -0.01488573 0.01215417 0.43529412 0.89019608 0.96078431
v 0.01066407 -0.01490336 0.00529545 0.43529412 0.89019608 0.96078431
v 0.00049525 -0.01391337 0.00629794 0.43529412 0.89019608 0.96078431
v 0.01047910 -0.01472703 0.00529545 0.43529412 0.89019608 0.96078431
v 0.05022465 0.00984907 0.01234336 0.43529412 0.89019608 0.96078431
v 0.00049525 0.00939564 0.01249486 0.43529412 0.89019608 0.96078431
v 0.05022465 -0.01447512 0.01249559 0.43529412 0.89019608 0.96078431
v 0.03762193 -0.01450787 0.01247674 0.43529412 0.89019608 0.96078431
v 0.05022465 -0.01434917 0.01255503 0.43529412 0.89019608 0.96078431
v 0.05022465 -0.01423581 0.01260794 0.43529412 0.89019608 0.96078431
v 0.05016624 -0.01423833 0.01260794 0.43529412 0.89019608 0.96078431
v 0.00049525 -0.01436428 0.01254995 0.43529412 0.89019608 0.96078431
v 0.01254304 -0.01448016 0.01249559 0.43529412 0.89019608 0.96078431
v 0.01254304 -0.01472199 0.01231944 0.43529412 0.89019608 0.96078431
v 0.00049525 -0.01459100 0.01241875 0.43529412 0.89019608 0.96078431
v 0.01254304 -0.01467161 0.01236221 0.43529412 0.89019608 0.96078431
v 0.00049525 -0.01479253 0.01224840 0.43529412 0.89019608 0.96078431
v 0.05022465 0.00960976 0.01249559 0.43529412 0.89019608 0.96078431
v 0.00049525 0.00927220 0.01255213 0.43529412 0.89019608 0.96078431
v 0.01254304 -0.01450787 0.01247674 0.43529412 0.89019608 0.96078431
v 0.05022465 -0.01415520 0.01262969 0.43529412 0.89019608 0.96078431
v 0.05016624 -0.01398390 0.01267680 0.43529412 0.89019608 0.96078431
v 0.03762193 -0.01420810 0.01261664 0.43529412 0.89019608 0.96078431
v 0.01254304 -0.01423833 0.01260794 0.43529412 0.89019608 0.96078431
v 0.00049525 -0.01424337 0.01260577 0.43529412 0.89019608 0.96078431
v 0.00049525 -0.01448016 0.01249486 0.43529412 0.89019608 0.96078431
v 0.05022465 0.00934526 0.01260794 0.43529412 0.89019608 0.96078431
v 0.00049525 0.00915632 0.01260577 0.43529412 0.89019608 0.96078431
v 0.05022465 -0.01397634 0.01267680 0.43529412 0.89019608 0.96078431
v 0.05021005 -0.01397886 0.01267680 0.43529412 0.89019608 0.96078431
v 0.05016624 -0.01371940 0.01270000 0.43529412 0.89019608 0.96078431
v 0.01254304 -0.01398390 0.01267680 0.43529412 0.89019608 0.96078431
v 0.01254304 -0.01420810 0.01261664 0.43529412 0.89019608 0.96078431
v 0.00049525 -0.01423581 0.01260867 0.43529412 0.89019608 0.96078431
v 0.05022465 0.00906312 0.01267680 0.43529412 0.89019608 0.96078431
v 0.00049525 0.00914877 0.01260867 0.43529412 0.89019608 0.96078431
v 0.00049525 0.00902030 0.01264346 0.43529412 0.89019608 0.96078431
v 0.00049525 0.00889182 0.01267680 0.43529412 0.89019608 0.96078431
v 0.05022465 -0.01389070 0.01268405 0.43529412 0.89019608 0.96078431
v 0.05022465 -0.01382772 0.01268913 0.43529412 0.89019608 0.96078431
v 0.05022465 -0.01377482 0.01269275 0.43529412 0.89019608 0.96078431
v 0.05022465 -0.01366398 0.01269927 0.43529412 0.89019608 0.96078431
v 0.05022465 -0.01281001 0.01270000 0.43529412 0.89019608 0.96078431
v 0.01254304 -0.01371940 0.01270000 0.43529412 0.89019608 0.96078431
v 0.00049525 -0.01385291 0.01268768 0.43529412 0.89019608 0.96078431
v 0.00049525 -0.01398390 0.01267608 0.43529412 0.89019608 0.96078431
v 0.00049525 -0.01411238 0.01264201 0.43529412 0.89019608 0.96078431
v 0.05022465 0.00879106 0.01270000 0.43529412 0.89019608 0.96078431
v 0.00049525 0.00876083 0.01268840 0.43529412 0.89019608 0.96078431
v 0.00049525 -0.01360604 0.01270000 0.43529412 0.89019608 0.96078431
v 0.00049525 -0.01371940 0.01269927 0.43529412 0.89019608 0.96078431
v 0.00049525 0.00863236 0.01269927 0.43529412 0.89019608 0.96078431
v 0.01231913 0.00863236 0.01270000 0.43529412 0.89019608 0.96078431
v 0.00049525 0.00851900 0.01270000 0.43529412 0.89019608 0.96078431
f 909 910 914
f 909 914 920
f 909 920 930
f 909 930 949
f 909 949 975
f 909 975 1008
f 909 1008 1025
f 909 1025 1040
f 909 1040 1053
f 909 1053 1066
f 909 1066 1075
f 909 1075 1083
f 909 1083 1096
f 909 1096 1091
f 909 1091 1090
f 909 1090 1089
f 909 1089 1088
f 909 1088 1087
f 909 1087 1077
f 909 1077 1069
f 909 1069 1058
f 909 1058 1057
f 909 1057 1055
f 909 1055 1043
f 909 1043 1029
f 909 1029 1027
f 909 1027 1012
f 909 1012 980
f 909 980 977
f 909 977 952
f 909 952 933
f 909 933 922
f 909 922 917
f 909 917 911
f 909 911 912
f 909 912 913
f 909 913 910
f 910 913 915
f 910 915 916
f 910 916 914
f 911 917 923
f 911 923 935
f 911 935 961
f 911 961 992
f 911 992 1017
f 911 1017 1034
f 911 1034 1050
f 911 1050 1052
f 911 1052 1039
f 911 1039 1038
f 911 1038 1037
f 911 1037 1024
f 911 1024 1007
f 911 1007 1006
f 911 1006 1005
f 911 1005 1004
f 911 1004 1003
f 911 1003 1002
f 911 1002 1001
f 911 1001 974
f 911 974 973
f 911 973 972
f 911 972 971
f 911 971 970
f 911 970 969
f 911 969 968
f 911 968 967
f 911 967 966
f 911 966 965
f 911 965 964
f 911 964 962
f 911 962 936
f 911 936 924
f 911 924 918
f 911 918 912
f 912 919 929
f 912 929 928
f 912 928 927
f 912 927 926
f 912 926 925
f 912 925 948
f 912 948 947
f 912 947 946
f 912 946 945
f 912 945 944
f 912 944 943
f 912 943 942
f 912 942 941
f 912 941 940
f 912 940 939
f 912 939 938
f 912 938 937
f 912 937 963
f 912 963 1000
f 912 1000 1023
f 912 1023 1036
f 912 1036 1051
f 912 1051 1035
f 912 1035 1022
f 912 1022 1021
f 912 1021 1020
f 912 1020 1019
f 912 1019 1018
f 912 1018 999
f 912 999 998
f 912 998 997
f 912 997 996
f 912 996 995
f 912 995 994
f 912 994 993
f 912 993 991
f 912 991 960
f 912 960 959
f 912 959 958
f 912 958 957
f 912 957 990
f 912 990 989
f 912 989 988
f 912 988 986
f 912 986 1010
f 912 1010 1016
f 912 1016 1015
f 912 1015 1033
f 912 1033 1049
f 912 1049 1065
f 912 1065 1047
f 912 1047 1063
f 912 1063 1074
f 912 1074 1060
f 912 1060 1073
f 912 1073 1082
f 912 1082 1095
f 912 1095 1094
f 912 1094 1093
f 912 1093 1099
f 912 1099 1098
f 912 1098 1102
f 912 1102 1100
f 912 1100 1097
f 912 1097 1086
f 912 1086 1085
f 912 1085 1084
f 912 1084 1076
f 912 1076 1067
f 912 1067 1054
f 912 1054 1041
f 912 1041 1026
f 912 1026 1009
f 912 1009 976
f 912 976 951
f 912 951 950
f 912 950 932
f 912 932 931
f 912 931 921
f 912 921 916
f 912 916 915
f 912 915 913
f 912 918 919
f 914 916 921
f 914 921 920
f 917 922 934
f 917 934 923
f 918 924 925
f 918 925 926
f 918 926 927
f 918 927 928
f 918 928 929
f 918 929 919
f 920 921 931
f 920 931 932
f 920 932 930
f 922 933 934
f 923 934 956
f 923 956 990
f 923 990 957
f 923 957 935
f 924 936 937
f 924 937 938
f 924 938 939
f 924 939 940
f 924 940 941
f 924 941 942
f 924 942 943
f 924 943 944
f 924 944 945
f 924 945 946
f 924 946 947
f 924 947 948
f 924 948 925
f 930 932 950
f 930 950 951
f 930 951 949
f 933 952 953
f 933 953 954
f 933 954 934
f 934 954 955
f 934 955 956
f 935 957 958
f 935 958 959
f 935 959 960
f 935 960 961
f 936 962 937
f 937 962 964
f 937 964 965
f 937 965 966
f 937 966 967
f 937 967 968
f 937 968 969
f 937 969 970
f 937 970 971
f 937 971 972
f 937 972 973
f 937 973 974
f 937 974 1001
f 937 1001 963
f 949 951 975
f 951 976 975
f 952 977 953
f 953 978 979
f 953 979 954
f 953 977 980
f 953 980 981
f 953 981 982
f 953 982 983
f 953 983 984
f 953 984 978
f 954 979 1011
f 954 1011 985
f 954 985 955
f 955 985 986
f 955 986 987
f 955 987 956
f 956 987 988
f 956 988 989
f 956 989 990
f 960 991 961
f 961 991 993
f 961 993 994
f 961 994 995
f 961 995 996
f 961 996 997
f 961 997 998
f 961 998 999
f 961 999 992
f 963 1001 1002
f 963 1002 1003
f 963 1003 1004
f 963 1004 1005
f 963 1005 1006
f 963 1006 1007
f 963 1007 1000
f 975 976 1009
f 975 1009 1008
f 978 984 1010
f 978 1010 979
f 979 1010 1011
f 980 1012 1013
f 980 1013 981
f 981 1013 1028
f 981 1028 1014
f 981 1014 1015
f 981 1015 982
f 982 1015 983
f 983 1015 984
f 984 1015 1016
f 984 1016 1010
f 985 1011 986
f 986 988 987
f 986 1011 1010
f 992 999 1018
f 992 1018 1019
f 992 1019 1020
f 992 1020 1021
f 992 1021 1022
f 992 1022 1017
f 1000 1007 1023
f 1007 1024 1023
f 1008 1009 1025
f 1009 1026 1025
f 1012 1027 1013
f 1013 1027 1029
f 1013 1029 1030
f 1013 1030 1031
f 1013 1031 1048
f 1013 1048 1032
f 1013 1032 1042
f 1013 1042 1028
f 1014 1028 1015
f 1015 1028 1033
f 1017 1022 1035
f 1017 1035 1034
f 1023 1024 1037
f 1023 1037 1038
f 1023 1038 1039
f 1023 1039 1036
f 1025 1026 1041
f 1025 1041 1040
f 1028 1042 1033
f 1029 1043 1044
f 1029 1044 1030
f 1030 1045 1031
f 1030 1044 1046
f 1030 1046 1047
f 1030 1047 1045
f 1031 1045 1062
f 1031 1062 1048
f 1032 1048 1049
f 1032 1049 1042
f 1033 1042 1049
f 1034 1035 1051
f 1034 1051 1050
f 1036 1039 1051
f 1039 1052 1051
f 1040 1041 1053
f 1041 1054 1053
f 1043 1055 1044
f 1044 1056 1046
f 1044 1055 1057
f 1044 1057 1058
f 1044 1058 1059
f 1044 1059 1060
f 1044 1060 1061
f 1044 1061 1068
f 1044 1068 1056
f 1045 1047 1062
f 1046 1056 1063
f 1046 1063 1064
f 1046 1064 1047
f 1047 1064 1063
f 1047 1065 1048
f 1047 1048 1062
f 1048 1065 1049
f 1050 1051 1052
f 1053 1054 1066
f 1054 1067 1066
f 1056 1068 1063
f 1058 1069 1070
f 1058 1070 1059
f 1059 1070 1071
f 1059 1071 1081
f 1059 1081 1082
f 1059 1082 1072
f 1059 1072 1073
f 1059 1073 1060
f 1060 1074 1061
f 1061 1074 1068
f 1063 1068 1074
f 1066 1067 1076
f 1066 1076 1075
f 1069 1077 1078
f 1069 1078 1070
f 1070 1078 1079
f 1070 1079 1092
f 1070 1092 1080
f 1070 1080 1081
f 1070 1081 1071
f 1072 1082 1073
f 1075 1076 1084
f 1075 1084 1085
f 1075 1085 1086
f 1075 1086 1083
f 1077 1087 1079
f 1077 1079 1078
f 1079 1087 1088
f 1079 1088 1089
f 1079 1089 1090
f 1079 1090 1091
f 1079 1091 1096
f 1079 1096 1101
f 1079 1101 1102
f 1079 1102 1098
f 1079 1098 1092
f 1080 1092 1093
f 1080 1093 1094
f 1080 1094 1095
f 1080 1095 1081
f 1081 1095 1082
f 1083 1086 1097
f 1083 1097 1096
f 1092 1098 1099
f 1092 1099 1093
f 1096 1097 1100
f 1096 1100 1101
f 1100 1102 1101

o geometry_3
v 0.00049524 0.01015654 -0.00683364 0.38039216 0.78823529 0.52549020
v 0.00049524 0.01013665 -0.00658863 0.38039216 0.78823529 0.52549020
v 0.00049524 0.01015654 -0.01111980 0.38039216 0.78823529 0.52549020
v -0.01064686 0.01015654 -0.00529473 0.38039216 0.78823529 0.52549020
v 0.00049524 0.01007698 -0.00635015 0.38039216 0.78823529 0.52549020
v 0.00049524 0.01015405 -0.01117706 0.38039216 0.78823529 0.52549020
v -0.00000071 0.01015654 -0.01117562 0.38039216 0.78823529 0.52549020
v -0.01040128 0.01013665 -0.00529473 0.38039216 0.78823529 0.52549020
v 0.00049524 0.00968414 -0.00573256 0.38039216 0.78823529 0.52549020
v 0.00049524 0.00977116 -0.00582824 0.38039216 0.78823529 0.52549020
v 0.00049524 0.00984824 -0.00591595 0.38039216 0.78823529 0.52549020
v 0.00049524 0.00991786 -0.00602396 0.38039216 0.78823529 0.52549020
v 0.00049524 0.00998001 -0.00612399 0.38039216 0.78823529 0.52549020
v 0.00049524 0.01002725 -0.00623272 0.38039216 0.78823529 0.52549020
v -0.04869563 0.01015654 -0.00529473 0.38039216 0.78823529 0.52549020
v 0.00049524 0.01014411 -0.01130899 0.38039216 0.78823529 0.52549020
v 0.00049524 0.01013168 -0.01144382 0.38039216 0.78823529 0.52549020
v -0.02463467 0.01013914 -0.01137423 0.38039216 0.78823529 0.52549020
v -0.04869563 0.01015654 -0.01117562 0.38039216 0.78823529 0.52549020
v -0.01016053 0.01007698 -0.00529473 0.38039216 0.78823529 0.52549020
v 0.00049524 0.00868714 -0.00531068 0.38039216 0.78823529 0.52549020
v 0.00049524 0.00874681 -0.00531503 0.38039216 0.78823529 0.52549020
v 0.00049524 0.00881145 -0.00532011 0.38039216 0.78823529 0.52549020
v 0.00049524 0.00886864 -0.00532880 0.38039216 0.78823529 0.52549020
v 0.00049524 0.00893080 -0.00533895 0.38039216 0.78823529 0.52549020
v 0.00049524 0.00904517 -0.00536650 0.38039216 0.78823529 0.52549020
v 0.00049524 0.00910732 -0.00538679 0.38039216 0.78823529 0.52549020
v 0.00049524 0.00916202 -0.00540492 0.38039216 0.78823529 0.52549020
v 0.00049524 0.00922169 -0.00542956 0.38039216 0.78823529 0.52549020
v 0.00049524 0.00927639 -0.00545276 0.38039216 0.78823529 0.52549020
v 0.00049524 0.00933358 -0.00548175 0.38039216 0.78823529 0.52549020
v 0.00049524 0.00938579 -0.00550857 0.38039216 0.78823529 0.52549020
v 0.00049524 0.00944049 -0.00554264 0.38039216 0.78823529 0.52549020
v 0.00049524 0.00948773 -0.00557381 0.38039216 0.78823529 0.52549020
v 0.00049524 0.00959464 -0.00565862 0.38039216 0.78823529 0.52549020
v -0.04869563 -0.01524344 -0.00529473 0.38039216 0.78823529 0.52549020
v 0.00049524 0.01009687 -0.01157212 0.38039216 0.78823529 0.52549020
v -0.00000071 0.01006455 -0.01169680 0.38039216 0.78823529 0.52549020
v -0.04869563 0.01013168 -0.01144454 0.38039216 0.78823529 0.52549020
v -0.01014127 0.01006952 -0.00529473 0.38039216 0.78823529 0.52549020
v 0.00049524 0.00856531 -0.00531068 0.38039216 0.78823529 0.52549020
v -0.00993422 0.00998001 -0.00529473 0.38039216 0.78823529 0.52549020
v -0.00972717 0.00984824 -0.00529473 0.38039216 0.78823529 0.52549020
v -0.00971754 0.00984078 -0.00529473 0.38039216 0.78823529 0.52549020
v -0.00954420 0.00968414 -0.00529473 0.38039216 0.78823529 0.52549020
v -0.00939012 0.00949270 -0.00529473 0.38039216 0.78823529 0.52549020
v -0.00932271 0.00939076 -0.00529473 0.38039216 0.78823529 0.52549020
v -0.00926492 0.00928137 -0.00529473 0.38039216 0.78823529 0.52549020
v -0.00921677 0.00916700 -0.00529473 0.38039216 0.78823529 0.52549020
v -0.00917825 0.00905014 -0.00529473 0.38039216 0.78823529 0.52549020
v -0.00914936 0.00893080 -0.00529473 0.38039216 0.78823529 0.52549020
v -0.00913010 0.00881145 -0.00529473 0.38039216 0.78823529 0.52549020
v -0.00912047 0.00868714 -0.00529473 0.38039216 0.78823529 0.52549020
v -0.01161950 -0.01524344 -0.00529473 0.38039216 0.78823529 0.52549020
v -0.04869563 -0.01524344 -0.01117562 0.38039216 0.78823529 0.52549020
v 0.00049524 0.01006206 -0.01169825 0.38039216 0.78823529 0.52549020
v 0.00049524 0.01000736 -0.01181858 0.38039216 0.78823529 0.52549020
v -0.01232250 0.01002228 -0.01178741 0.38039216 0.78823529 0.52549020
v -0.04869563 0.01006455 -0.01169680 0.38039216 0.78823529 0.52549020
v 0.00049524 -0.00146688 -0.00574850 0.38039216 0.78823529 0.52549020
v -0.00912047 0.00856531 -0.00529473 0.38039216 0.78823529 0.52549020
v -0.01002571 -0.01214800 -0.00529473 0.38039216 0.78823529 0.52549020
v -0.01009793 -0.01378399 -0.00529473 0.38039216 0.78823529 0.52549020
v -0.01010756 -0.01391327 -0.00529473 0.38039216 0.78823529 0.52549020
v -0.01013164 -0.01404007 -0.00529473 0.38039216 0.78823529 0.52549020
v -0.01016053 -0.01415444 -0.00529473 0.38039216 0.78823529 0.52549020
v -0.01020387 -0.01427627 -0.00529473 0.38039216 0.78823529 0.52549020
v -0.01020868 -0.01428870 -0.00529473 0.38039216 0.78823529 0.52549020
v -0.01025683 -0.01439561 -0.00529473 0.38039216 0.78823529 0.52549020
v 0.00049524 -0.01524344 -0.00780931 0.38039216 0.78823529 0.52549020
v 0.00049524 -0.01522106 -0.00755198 0.38039216 0.78823529 0.52549020
v 0.00049524 -0.01521858 -0.00754111 0.38039216 0.78823529 0.52549020
v 0.00049524 -0.01515642 -0.00730190 0.38039216 0.78823529 0.52549020
v 0.00049524 -0.01504951 -0.00706632 0.38039216 0.78823529 0.52549020
v -0.01136430 -0.01522106 -0.00529473 0.38039216 0.78823529 0.52549020
v -0.04869563 -0.01522106 -0.01142860 0.38039216 0.78823529 0.52549020
v -0.02508247 -0.01522604 -0.01137423 0.38039216 0.78823529 0.52549020
v -0.00000071 -0.01524344 -0.01117562 0.38039216 0.78823529 0.52549020
v 0.00049524 0.00995266 -0.01193383 0.38039216 0.78823529 0.52549020
v -0.02463467 0.00998001 -0.01187729 0.38039216 0.78823529 0.52549020
v -0.04869563 0.00995266 -0.01193311 0.38039216 0.78823529 0.52549020
v 0.00049524 -0.01320965 -0.00626171 0.38039216 0.78823529 0.52549020
v -0.01026646 -0.01441550 -0.00529473 0.38039216 0.78823529 0.52549020
v 0.00049524 -0.01378399 -0.00628708 0.38039216 0.78823529 0.52549020
v 0.00049524 -0.01524344 -0.01103209 0.38039216 0.78823529 0.52549020
v 0.00049524 -0.01490530 -0.00685248 0.38039216 0.78823529 0.52549020
v -0.01111392 -0.01515642 -0.00529473 0.38039216 0.78823529 0.52549020
v 0.00049524 -0.01481082 -0.00675390 0.38039216 0.78823529 0.52549020
v 0.00049524 -0.01472629 -0.00666619 0.38039216 0.78823529 0.52549020
v 0.00049524 -0.01462435 -0.00658428 0.38039216 0.78823529 0.52549020
v 0.00049524 -0.01457463 -0.00655021 0.38039216 0.78823529 0.52549020
v 0.00049524 -0.01451744 -0.00651252 0.38039216 0.78823529 0.52549020
v 0.00049524 -0.01440556 -0.00644873 0.38039216 0.78823529 0.52549020
v -0.04869563 -0.01521858 -0.01144382 0.38039216 0.78823529 0.52549020
v 0.00049524 -0.01521858 -0.01144382 0.38039216 0.78823529 0.52549020
v 0.00049524 -0.01523101 -0.01130899 0.38039216 0.78823529 0.52549020
v 0.00049524 -0.01524095 -0.01117706 0.38039216 0.78823529 0.52549020
v 0.00049524 0.00987310 -0.01204981 0.38039216 0.78823529 0.52549020
v -0.01232250 0.00993277 -0.01196500 0.38039216 0.78823529 0.52549020
v -0.04869563 0.00994769 -0.01194180 0.38039216 0.78823529 0.52549020
v -0.01032424 -0.01451744 -0.00529473 0.38039216 0.78823529 0.52549020
v 0.00049524 -0.01391327 -0.00629796 0.38039216 0.78823529 0.52549020
v -0.01039647 -0.01462435 -0.00529473 0.38039216 0.78823529 0.52549020
v -0.01047833 -0.01472629 -0.00529473 0.38039216 0.78823529 0.52549020
v -0.01087798 -0.01504951 -0.00529473 0.38039216 0.78823529 0.52549020
v 0.00049524 -0.01428870 -0.00639581 0.38039216 0.78823529 0.52549020
v 0.00049524 -0.01416688 -0.00635232 0.38039216 0.78823529 0.52549020
v 0.00049524 -0.01404007 -0.00631970 0.38039216 0.78823529 0.52549020
v -0.04869563 -0.01515642 -0.01167795 0.38039216 0.78823529 0.52549020
v -0.03762576 -0.01521112 -0.01147209 0.38039216 0.78823529 0.52549020
v -0.00000071 -0.01515145 -0.01169680 0.38039216 0.78823529 0.52549020
v 0.00049524 -0.01518377 -0.01157212 0.38039216 0.78823529 0.52549020
v -0.01254399 -0.01521112 -0.01147209 0.38039216 0.78823529 0.52549020
v 0.00049524 0.00979603 -0.01215782 0.38039216 0.78823529 0.52549020
v -0.00000071 0.00979851 -0.01215492 0.38039216 0.78823529 0.52549020
v -0.01232250 0.00981840 -0.01212810 0.38039216 0.78823529 0.52549020
v -0.03695646 0.00993277 -0.01196500 0.38039216 0.78823529 0.52549020
v -0.04869563 0.00980349 -0.01214912 0.38039216 0.78823529 0.52549020
v -0.01066611 -0.01490530 -0.00529473 0.38039216 0.78823529 0.52549020
v -0.04869563 -0.01515145 -0.01169317 0.38039216 0.78823529 0.52549020
v -0.03762576 -0.01515145 -0.01169680 0.38039216 0.78823529 0.52549020
v 0.00049524 -0.01509675 -0.01181350 0.38039216 0.78823529 0.52549020
v 0.00049524 -0.01514896 -0.01169825 0.38039216 0.78823529 0.52549020
v -0.01254399 -0.01510918 -0.01178741 0.38039216 0.78823529 0.52549020
v 0.00049524 0.00970155 -0.01225205 0.38039216 0.78823529 0.52549020
v -0.00000071 0.00961204 -0.01234338 0.38039216 0.78823529 0.52549020
v -0.01232250 0.00977614 -0.01217884 0.38039216 0.78823529 0.52549020
v -0.04869563 0.00979603 -0.01215854 0.38039216 0.78823529 0.52549020
v -0.03695646 0.00981840 -0.01212810 0.38039216 0.78823529 0.52549020
v -0.04869563 -0.01514896 -0.01170042 0.38039216 0.78823529 0.52549020
v -0.04869563 -0.01503956 -0.01193383 0.38039216 0.78823529 0.52549020
v -0.02508247 -0.01506691 -0.01187729 0.38039216 0.78823529 0.52549020
v 0.00049524 -0.01503956 -0.01193383 0.38039216 0.78823529 0.52549020
v 0.00049524 0.00960707 -0.01234556 0.38039216 0.78823529 0.52549020
v 0.00049524 0.00939325 -0.01249633 0.38039216 0.78823529 0.52549020
v -0.04869563 0.00940071 -0.01249126 0.38039216 0.78823529 0.52549020
v -0.03695646 0.00961204 -0.01234338 0.38039216 0.78823529 0.52549020
v -0.03695646 0.00977614 -0.01217884 0.38039216 0.78823529 0.52549020
v -0.04869563 0.00961701 -0.01233758 0.38039216 0.78823529 0.52549020
v -0.04869563 -0.01503211 -0.01194760 0.38039216 0.78823529 0.52549020
v 0.00049524 -0.01496000 -0.01204981 0.38039216 0.78823529 0.52549020
v -0.01254399 -0.01501967 -0.01196500 0.38039216 0.78823529 0.52549020
v 0.00049524 0.00915705 -0.01260579 0.38039216 0.78823529 0.52549020
v -0.01232250 0.00924407 -0.01256592 0.38039216 0.78823529 0.52549020
v -0.03695646 0.00924407 -0.01256592 0.38039216 0.78823529 0.52549020
v -0.04869563 0.00939325 -0.01249561 0.38039216 0.78823529 0.52549020
v -0.04869563 0.00960707 -0.01234556 0.38039216 0.78823529 0.52549020
v -0.04869563 -0.01489784 -0.01213897 0.38039216 0.78823529 0.52549020
v -0.01254399 -0.01490530 -0.01212810 0.38039216 0.78823529 0.52549020
v -0.00000071 -0.01488541 -0.01215492 0.38039216 0.78823529 0.52549020
v 0.00049524 -0.01488541 -0.01215419 0.38039216 0.78823529 0.52549020
v 0.00049524 0.00914959 -0.01260869 0.38039216 0.78823529 0.52549020
v -0.00000071 0.00915208 -0.01260796 0.38039216 0.78823529 0.52549020
v -0.04869563 0.00915705 -0.01260579 0.38039216 0.78823529 0.52549020
v -0.04869563 -0.01488790 -0.01215202 0.38039216 0.78823529 0.52549020
v 0.00049524 -0.01479342 -0.01224842 0.38039216 0.78823529 0.52549020
v -0.04869563 -0.01487795 -0.01216362 0.38039216 0.78823529 0.52549020
v -0.01254399 -0.01486304 -0.01217884 0.38039216 0.78823529 0.52549020
v 0.00049524 0.00902030 -0.01264348 0.38039216 0.78823529 0.52549020
v -0.03695646 0.00915208 -0.01260796 0.38039216 0.78823529 0.52549020
v -0.04869563 0.00914710 -0.01260869 0.38039216 0.78823529 0.52549020
v 0.00049524 -0.01469894 -0.01234193 0.38039216 0.78823529 0.52549020
v -0.00000071 -0.01469894 -0.01234338 0.38039216 0.78823529 0.52549020
v -0.04869563 -0.01471137 -0.01232961 0.38039216 0.78823529 0.52549020
v -0.03762576 -0.01469894 -0.01234338 0.38039216 0.78823529 0.52549020
v -0.03762576 -0.01486304 -0.01217884 0.38039216 0.78823529 0.52549020
v 0.00049524 0.00889102 -0.01267682 0.38039216 0.78823529 0.52549020
v -0.00000071 0.00889599 -0.01267682 0.38039216 0.78823529 0.52549020
v -0.03695646 0.00889599 -0.01267682 0.38039216 0.78823529 0.52549020
v -0.03695646 0.00911976 -0.01261666 0.38039216 0.78823529 0.52549020
v -0.04869563 0.00890345 -0.01267465 0.38039216 0.78823529 0.52549020
v 0.00049524 -0.01448015 -0.01249633 0.38039216 0.78823529 0.52549020
v -0.04869563 -0.01469397 -0.01234556 0.38039216 0.78823529 0.52549020
v -0.04869563 -0.01468900 -0.01234991 0.38039216 0.78823529 0.52549020
v -0.03762576 -0.01450750 -0.01247676 0.38039216 0.78823529 0.52549020
v 0.00049524 0.00875924 -0.01268842 0.38039216 0.78823529 0.52549020
v 0.00049524 0.00863244 -0.01269929 0.38039216 0.78823529 0.52549020
v -0.01232250 0.00866476 -0.01269712 0.38039216 0.78823529 0.52549020
v -0.02463467 0.00863244 -0.01270002 0.38039216 0.78823529 0.52549020
v -0.01232250 0.00886367 -0.01267972 0.38039216 0.78823529 0.52549020
v -0.03695646 0.00886367 -0.01267972 0.38039216 0.78823529 0.52549020
v -0.04869563 0.00889102 -0.01267682 0.38039216 0.78823529 0.52549020
v 0.00049524 -0.01424395 -0.01260579 0.38039216 0.78823529 0.52549020
v -0.03762576 -0.01448015 -0.01249561 0.38039216 0.78823529 0.52549020
v -0.04869563 -0.01447766 -0.01249706 0.38039216 0.78823529 0.52549020
v -0.03762576 -0.01433097 -0.01256592 0.38039216 0.78823529 0.52549020
v -0.01254399 -0.01433097 -0.01256592 0.38039216 0.78823529 0.52549020
v 0.00049524 -0.01371934 -0.01269929 0.38039216 0.78823529 0.52549020
v -0.02441317 0.00304325 -0.01270002 0.38039216 0.78823529 0.52549020
v -0.04869563 0.00863244 -0.01270002 0.38039216 0.78823529 0.52549020
v 0.00049524 -0.01423649 -0.01260869 0.38039216 0.78823529 0.52549020
v -0.04869563 -0.01424395 -0.01260579 0.38039216 0.78823529 0.52549020
v -0.00000071 -0.01423898 -0.01260796 0.38039216 0.78823529 0.52549020
v 0.00049524 -0.01398289 -0.01267610 0.38039216 0.78823529 0.52549020
v -0.00000071 -0.01398289 -0.01267682 0.38039216 0.78823529 0.52549020
v -0.01254399 -0.01375166 -0.01269712 0.38039216 0.78823529 0.52549020
v -0.02508247 -0.01371934 -0.01270002 0.38039216 0.78823529 0.52549020
v -0.04869563 -0.01339364 -0.01270002 0.38039216 0.78823529 0.52549020
v 0.00049524 -0.01411218 -0.01264203 0.38039216 0.78823529 0.52549020
v -0.04869563 -0.01422903 -0.01261086 0.38039216 0.78823529 0.52549020
v -0.04869563 -0.01400278 -0.01267175 0.38039216 0.78823529 0.52549020
v -0.04869563 -0.01423649 -0.01260869 0.38039216 0.78823529 0.52549020
v -0.03762576 -0.01423898 -0.01260796 0.38039216 0.78823529 0.52549020
v -0.03762576 -0.01398289 -0.01267682 0.38039216 0.78823529 0.52549020
v -0.01254399 -0.01395057 -0.01267972 0.38039216 0.78823529 0.52549020
v -0.03762576 -0.01371934 -0.01270002 0.38039216 0.78823529 0.52549020
v -0.04869563 -0.01372183 -0.01269929 0.38039216 0.78823529 0.52549020
v -0.04869563 -0.01398786 -0.01267537 0.38039216 0.78823529 0.52549020
v -0.04869563 -0.01397792 -0.01267682 0.38039216 0.78823529 0.52549020
v -0.04869563 -0.01397046 -0.01267755 0.38039216 0.78823529 0.52549020
v -0.03762576 -0.01395057 -0.01267972 0.38039216 0.78823529 0.52549020
f 1103 1104 1107
f 1103 1107 1116
f 1103 1116 1115
f 1103 1115 1114
f 1103 1114 1113
f 1103 1113 1112
f 1103 1112 1111
f 1103 1111 1137
f 1103 1137 1136
f 1103 1136 1135
f 1103 1135 1134
f 1103 1134 1133
f 1103 1133 1132
f 1103 1132 1131
f 1103 1131 1130
f 1103 1130 1129
f 1103 1129 1128
f 1103 1128 1127
f 1103 1127 1126
f 1103 1126 1125
f 1103 1125 1124
f 1103 1124 1123
f 1103 1123 1143
f 1103 1143 1162
f 1103 1162 1184
f 1103 1184 1186
f 1103 1186 1204
f 1103 1204 1210
f 1103 1210 1209
f 1103 1209 1208
f 1103 1208 1195
f 1103 1195 1194
f 1103 1194 1193
f 1103 1193 1192
f 1103 1192 1191
f 1103 1191 1190
f 1103 1190 1188
f 1103 1188 1176
f 1103 1176 1175
f 1103 1175 1174
f 1103 1174 1173
f 1103 1173 1172
f 1103 1172 1187
f 1103 1187 1199
f 1103 1199 1198
f 1103 1198 1197
f 1103 1197 1214
f 1103 1214 1225
f 1103 1225 1224
f 1103 1224 1235
f 1103 1235 1243
f 1103 1243 1253
f 1103 1253 1258
f 1103 1258 1264
f 1103 1264 1274
f 1103 1274 1285
f 1103 1285 1293
f 1103 1293 1301
f 1103 1301 1296
f 1103 1296 1290
f 1103 1290 1279
f 1103 1279 1278
f 1103 1278 1269
f 1103 1269 1261
f 1103 1261 1254
f 1103 1254 1245
f 1103 1245 1237
f 1103 1237 1236
f 1103 1236 1227
f 1103 1227 1216
f 1103 1216 1200
f 1103 1200 1181
f 1103 1181 1159
f 1103 1159 1158
f 1103 1158 1139
f 1103 1139 1119
f 1103 1119 1118
f 1103 1118 1108
f 1103 1108 1105
f 1103 1105 1109
f 1103 1109 1121
f 1103 1121 1117
f 1103 1117 1106
f 1103 1106 1104
f 1104 1106 1107
f 1105 1108 1109
f 1106 1110 1111
f 1106 1111 1112
f 1106 1112 1113
f 1106 1113 1114
f 1106 1114 1115
f 1106 1115 1116
f 1106 1116 1107
f 1106 1117 1138
f 1106 1138 1156
f 1106 1156 1177
f 1106 1177 1189
f 1106 1189 1207
f 1106 1207 1221
f 1106 1221 1206
f 1106 1206 1205
f 1106 1205 1203
f 1106 1203 1185
f 1106 1185 1171
f 1106 1171 1170
f 1106 1170 1169
f 1106 1169 1168
f 1106 1168 1167
f 1106 1167 1166
f 1106 1166 1165
f 1106 1165 1164
f 1106 1164 1163
f 1106 1163 1155
f 1106 1155 1154
f 1106 1154 1153
f 1106 1153 1152
f 1106 1152 1151
f 1106 1151 1150
f 1106 1150 1149
f 1106 1149 1148
f 1106 1148 1147
f 1106 1147 1146
f 1106 1146 1145
f 1106 1145 1144
f 1106 1144 1142
f 1106 1142 1122
f 1106 1122 1110
f 1108 1118 1109
f 1109 1118 1119
f 1109 1119 1120
f 1109 1120 1121
f 1110 1122 1123
f 1110 1123 1124
f 1110 1124 1125
f 1110 1125 1126
f 1110 1126 1127
f 1110 1127 1128
f 1110 1128 1129
f 1110 1129 1130
f 1110 1130 1131
f 1110 1131 1132
f 1110 1132 1133
f 1110 1133 1134
f 1110 1134 1135
f 1110 1135 1136
f 1110 1136 1137
f 1110 1137 1111
f 1117 1121 1141
f 1117 1141 1161
f 1117 1161 1183
f 1117 1183 1202
f 1117 1202 1220
f 1117 1220 1230
f 1117 1230 1241
f 1117 1241 1249
f 1117 1249 1238
f 1117 1238 1248
f 1117 1248 1256
f 1117 1256 1263
f 1117 1263 1273
f 1117 1273 1284
f 1117 1284 1292
f 1117 1292 1300
f 1117 1300 1309
f 1117 1309 1312
f 1117 1312 1311
f 1117 1311 1310
f 1117 1310 1303
f 1117 1303 1302
f 1117 1302 1304
f 1117 1304 1294
f 1117 1294 1287
f 1117 1287 1276
f 1117 1276 1275
f 1117 1275 1266
f 1117 1266 1259
f 1117 1259 1257
f 1117 1257 1250
f 1117 1250 1242
f 1117 1242 1233
f 1117 1233 1232
f 1117 1232 1222
f 1117 1222 1211
f 1117 1211 1196
f 1117 1196 1178
f 1117 1178 1157
f 1117 1157 1138
f 1119 1139 1140
f 1119 1140 1141
f 1119 1141 1120
f 1120 1141 1121
f 1122 1142 1123
f 1123 1142 1144
f 1123 1144 1145
f 1123 1145 1146
f 1123 1146 1147
f 1123 1147 1148
f 1123 1148 1149
f 1123 1149 1150
f 1123 1150 1151
f 1123 1151 1152
f 1123 1152 1153
f 1123 1153 1154
f 1123 1154 1155
f 1123 1155 1163
f 1123 1163 1143
f 1138 1157 1180
f 1138 1180 1187
f 1138 1187 1172
f 1138 1172 1156
f 1139 1158 1140
f 1140 1158 1159
f 1140 1159 1160
f 1140 1160 1161
f 1140 1161 1141
f 1143 1163 1164
f 1143 1164 1165
f 1143 1165 1166
f 1143 1166 1167
f 1143 1167 1168
f 1143 1168 1169
f 1143 1169 1170
f 1143 1170 1171
f 1143 1171 1162
f 1156 1172 1173
f 1156 1173 1174
f 1156 1174 1175
f 1156 1175 1176
f 1156 1176 1177
f 1157 1178 1179
f 1157 1179 1180
f 1159 1181 1182
f 1159 1182 1160
f 1160 1182 1161
f 1161 1182 1183
f 1162 1171 1184
f 1171 1185 1186
f 1171 1186 1184
f 1176 1188 1177
f 1177 1188 1190
f 1177 1190 1191
f 1177 1191 1192
f 1177 1192 1193
f 1177 1193 1194
f 1177 1194 1195
f 1177 1195 1189
f 1178 1196 1197
f 1178 1197 1179
f 1179 1197 1180
f 1180 1197 1198
f 1180 1198 1199
f 1180 1199 1187
f 1181 1200 1201
f 1181 1201 1202
f 1181 1202 1183
f 1181 1183 1182
f 1185 1203 1186
f 1186 1203 1205
f 1186 1205 1206
f 1186 1206 1204
f 1189 1195 1208
f 1189 1208 1209
f 1189 1209 1210
f 1189 1210 1207
f 1196 1211 1212
f 1196 1212 1215
f 1196 1215 1197
f 1197 1213 1214
f 1197 1215 1213
f 1200 1216 1217
f 1200 1217 1218
f 1200 1218 1201
f 1201 1218 1231
f 1201 1231 1219
f 1201 1219 1202
f 1202 1219 1220
f 1204 1206 1221
f 1204 1221 1207
f 1204 1207 1210
f 1211 1222 1223
f 1211 1223 1212
f 1212 1223 1213
f 1212 1213 1215
f 1213 1224 1225
f 1213 1225 1214
f 1213 1223 1226
f 1213 1226 1224
f 1216 1227 1228
f 1216 1228 1229
f 1216 1229 1230
f 1216 1230 1217
f 1217 1230 1220
f 1217 1220 1218
f 1218 1220 1231
f 1219 1231 1220
f 1222 1232 1223
f 1223 1232 1233
f 1223 1233 1234
f 1223 1234 1226
f 1224 1226 1234
f 1224 1234 1235
f 1227 1236 1228
f 1228 1236 1237
f 1228 1237 1238
f 1228 1238 1239
f 1228 1239 1240
f 1228 1240 1229
f 1229 1240 1230
f 1230 1240 1239
f 1230 1239 1241
f 1233 1242 1235
f 1233 1235 1234
f 1235 1242 1244
f 1235 1244 1243
f 1237 1245 1246
f 1237 1246 1247
f 1237 1247 1248
f 1237 1248 1238
f 1238 1249 1239
f 1239 1249 1241
f 1242 1250 1251
f 1242 1251 1244
f 1243 1252 1253
f 1243 1244 1251
f 1243 1251 1252
f 1245 1254 1255
f 1245 1255 1262
f 1245 1262 1256
f 1245 1256 1247
f 1245 1247 1246
f 1247 1256 1248
f 1250 1257 1252
f 1250 1252 1251
f 1252 1258 1253
f 1252 1257 1259
f 1252 1259 1260
f 1252 1260 1258
f 1254 1261 1272
f 1254 1272 1262
f 1254 1262 1255
f 1256 1262 1263
f 1258 1260 1265
f 1258 1265 1264
f 1259 1266 1267
f 1259 1267 1268
f 1259 1268 1260
f 1260 1268 1267
f 1260 1267 1265
f 1261 1269 1270
f 1261 1270 1271
f 1261 1271 1272
f 1262 1272 1273
f 1262 1273 1263
f 1264 1265 1274
f 1265 1267 1274
f 1266 1275 1267
f 1267 1275 1276
f 1267 1276 1277
f 1267 1277 1274
f 1269 1278 1270
f 1270 1278 1279
f 1270 1279 1280
f 1270 1280 1281
f 1270 1281 1282
f 1270 1282 1283
f 1270 1283 1271
f 1271 1283 1292
f 1271 1292 1284
f 1271 1284 1273
f 1271 1273 1272
f 1274 1277 1286
f 1274 1286 1287
f 1274 1287 1288
f 1274 1288 1289
f 1274 1289 1285
f 1276 1287 1277
f 1277 1287 1286
f 1279 1290 1291
f 1279 1291 1281
f 1279 1281 1280
f 1281 1291 1299
f 1281 1299 1308
f 1281 1308 1300
f 1281 1300 1292
f 1281 1292 1283
f 1281 1283 1282
f 1285 1289 1288
f 1285 1288 1294
f 1285 1294 1305
f 1285 1305 1295
f 1285 1295 1293
f 1287 1294 1288
f 1290 1296 1297
f 1290 1297 1298
f 1290 1298 1299
f 1290 1299 1291
f 1293 1295 1305
f 1293 1305 1304
f 1293 1304 1302
f 1293 1302 1303
f 1293 1303 1297
f 1293 1297 1301
f 1294 1304 1305
f 1296 1301 1297
f 1297 1303 1306
f 1297 1306 1313
f 1297 1313 1307
f 1297 1307 1299
f 1297 1299 1298
f 1299 1307 1313
f 1299 1313 1308
f 1300 1308 1309
f 1303 1310 1306
f 1306 1310 1311
f 1306 1311 1312
f 1306 1312 1313
f 1308 1313 1312
f 1308 1312 1309

o geometry_4
v 0.05022466 0.01049143 0.00529472 0.56470588 0.92549020 0.07058824
v 0.05022466 -0.01523840 0.00529472 0.56470588 0.92549020 0.07058824
v 0.05022466 0.01048891 -0.00530041 0.56470588 0.92549020 0.07058824
v 0.01064497 0.01015639 -0.00530041 0.56470588 0.92549020 0.07058824
v 0.01064497 0.01015639 0.00529472 0.56470588 0.92549020 0.07058824
v 0.05016832 -0.01524344 0.00529472 0.56470588 0.92549020 0.07058824
v 0.05022466 -0.01523840 -0.00530041 0.56470588 0.92549020 0.07058824
v 0.01039953 0.01013624 -0.00530041 0.56470588 0.92549020 0.07058824
v 0.01039953 0.01013624 0.00529472 0.56470588 0.92549020 0.07058824
v 0.05016832 -0.01524344 -0.00530041 0.56470588 0.92549020 0.07058824
v 0.01162269 -0.01524344 0.00529472 0.56470588 0.92549020 0.07058824
v 0.01016214 0.01007578 -0.00530041 0.56470588 0.92549020 0.07058824
v 0.01016214 0.01007578 0.00529472 0.56470588 0.92549020 0.07058824
v 0.01162269 -0.01524344 -0.00530041 0.56470588 0.92549020 0.07058824
v 0.01136518 -0.01522077 0.00529472 0.56470588 0.92549020 0.07058824
v 0.00995292 0.00998762 -0.00530041 0.56470588 0.92549020 0.07058824
v 0.01014202 0.01006823 0.00529472 0.56470588 0.92549020 0.07058824
v 0.01136518 -0.01522077 -0.00530041 0.56470588 0.92549020 0.07058824
v 0.01111170 -0.01515527 0.00529472 0.56470588 0.92549020 0.07058824
v 0.00993682 0.00998006 -0.00530041 0.56470588 0.92549020 0.07058824
v 0.00993682 0.00998006 0.00529472 0.56470588 0.92549020 0.07058824
v 0.01111170 -0.01515527 -0.00530041 0.56470588 0.92549020 0.07058824
v 0.01087833 -0.01504947 0.00529472 0.56470588 0.92549020 0.07058824
v 0.00972760 0.00984907 -0.00530041 0.56470588 0.92549020 0.07058824
v 0.00972760 0.00984907 0.00529472 0.56470588 0.92549020 0.07058824
v 0.01087833 -0.01504947 -0.00530041 0.56470588 0.92549020 0.07058824
v 0.01068923 -0.01492100 0.00529472 0.56470588 0.92549020 0.07058824
v 0.01085017 -0.01503184 -0.00530041 0.56470588 0.92549020 0.07058824
v 0.00954251 0.00968533 -0.00530041 0.56470588 0.92549020 0.07058824
v 0.00954251 0.00968533 0.00529472 0.56470588 0.92549020 0.07058824
v 0.01066509 -0.01490336 0.00529472 0.56470588 0.92549020 0.07058824
v 0.01066509 -0.01490336 -0.00530041 0.56470588 0.92549020 0.07058824
v 0.00938962 0.00949388 -0.00530041 0.56470588 0.92549020 0.07058824
v 0.00938560 0.00949136 0.00529472 0.56470588 0.92549020 0.07058824
v 0.01047598 -0.01472703 0.00529472 0.56470588 0.92549020 0.07058824
v 0.01047598 -0.01472703 -0.00530041 0.56470588 0.92549020 0.07058824
v 0.00932122 0.00938808 -0.00530041 0.56470588 0.92549020 0.07058824
v 0.00932524 0.00939060 0.00529472 0.56470588 0.92549020 0.07058824
v 0.01039551 -0.01462627 0.00529472 0.56470588 0.92549020 0.07058824
v 0.01039551 -0.01462627 -0.00530041 0.56470588 0.92549020 0.07058824
v 0.00926489 0.00928228 -0.00530041 0.56470588 0.92549020 0.07058824
v 0.00926489 0.00927976 0.00529472 0.56470588 0.92549020 0.07058824
v 0.01032308 -0.01451795 0.00529472 0.56470588 0.92549020 0.07058824
v 0.01032308 -0.01451795 -0.00530041 0.56470588 0.92549020 0.07058824
v 0.00921661 0.00916640 -0.00530041 0.56470588 0.92549020 0.07058824
v 0.00922063 0.00916892 0.00529472 0.56470588 0.92549020 0.07058824
v 0.01025871 -0.01440459 0.00529472 0.56470588 0.92549020 0.07058824
v 0.01025871 -0.01440459 -0.00530041 0.56470588 0.92549020 0.07058824
v 0.00918039 0.00905052 -0.00530041 0.56470588 0.92549020 0.07058824
v 0.00918039 0.00905052 0.00529472 0.56470588 0.92549020 0.07058824
v 0.01020640 -0.01428871 0.00529472 0.56470588 0.92549020 0.07058824
v 0.01021042 -0.01429879 -0.00530041 0.56470588 0.92549020 0.07058824
v 0.00915223 0.00893212 -0.00530041 0.56470588 0.92549020 0.07058824
v 0.00915223 0.00893212 0.00529472 0.56470588 0.92549020 0.07058824
v 0.01016617 -0.01417535 0.00529472 0.56470588 0.92549020 0.07058824
v 0.01020640 -0.01428871 -0.00530041 0.56470588 0.92549020 0.07058824
v 0.00913211 0.00881121 -0.00530041 0.56470588 0.92549020 0.07058824
v 0.00913211 0.00881121 0.00529472 0.56470588 0.92549020 0.07058824
v 0.01016617 -0.01416528 -0.00530041 0.56470588 0.92549020 0.07058824
v 0.01012995 -0.01404184 0.00529472 0.56470588 0.92549020 0.07058824
v 0.01012995 -0.01404184 -0.00530041 0.56470588 0.92549020 0.07058824
v 0.00912406 0.00868777 -0.00530041 0.56470588 0.92549020 0.07058824
v 0.00912004 0.00868777 0.00529472 0.56470588 0.92549020 0.07058824
v 0.01010984 -0.01391337 0.00529472 0.56470588 0.92549020 0.07058824
v 0.01010984 -0.01392344 -0.00530041 0.56470588 0.92549020 0.07058824
v 0.00912406 0.00854167 -0.00530041 0.56470588 0.92549020 0.07058824
v 0.00912406 0.00853411 0.00529472 0.56470588 0.92549020 0.07058824
v 0.01009776 -0.01378490 0.00529472 0.56470588 0.92549020 0.07058824
v 0.01009776 -0.01379497 -0.00530041 0.56470588 0.92549020 0.07058824
v 0.01002534 -0.01214750 0.00529472 0.56470588 0.92549020 0.07058824
f 1314 1315 1320
f 1314 1320 1316
f 1314 1316 1317
f 1314 1317 1318
f 1314 1318 1322
f 1314 1322 1326
f 1314 1326 1330
f 1314 1330 1334
f 1314 1334 1338
f 1314 1338 1343
f 1314 1343 1347
f 1314 1347 1351
f 1314 1351 1355
f 1314 1355 1359
f 1314 1359 1363
f 1314 1363 1367
f 1314 1367 1371
f 1314 1371 1376
f 1314 1376 1380
f 1314 1380 1383
f 1314 1383 1381
f 1314 1381 1377
f 1314 1377 1373
f 1314 1373 1368
f 1314 1368 1364
f 1314 1364 1360
f 1314 1360 1356
f 1314 1356 1352
f 1314 1352 1348
f 1314 1348 1344
f 1314 1344 1340
f 1314 1340 1336
f 1314 1336 1332
f 1314 1332 1328
f 1314 1328 1324
f 1314 1324 1319
f 1314 1319 1315
f 1315 1319 1323
f 1315 1323 1320
f 1316 1320 1323
f 1316 1323 1327
f 1316 1327 1331
f 1316 1331 1335
f 1316 1335 1339
f 1316 1339 1341
f 1316 1341 1345
f 1316 1345 1349
f 1316 1349 1353
f 1316 1353 1357
f 1316 1357 1361
f 1316 1361 1365
f 1316 1365 1369
f 1316 1369 1372
f 1316 1372 1374
f 1316 1374 1378
f 1316 1378 1382
f 1316 1382 1379
f 1316 1379 1375
f 1316 1375 1370
f 1316 1370 1366
f 1316 1366 1362
f 1316 1362 1358
f 1316 1358 1354
f 1316 1354 1350
f 1316 1350 1346
f 1316 1346 1342
f 1316 1342 1337
f 1316 1337 1333
f 1316 1333 1329
f 1316 1329 1325
f 1316 1325 1321
f 1316 1321 1317
f 1317 1321 1322
f 1317 1322 1318
f 1319 1324 1327
f 1319 1327 1323
f 1321 1325 1326
f 1321 1326 1322
f 1324 1328 1331
f 1324 1331 1327
f 1325 1329 1330
f 1325 1330 1326
f 1328 1332 1335
f 1328 1335 1331
f 1329 1333 1334
f 1329 1334 1330
f 1332 1336 1339
f 1332 1339 1335
f 1333 1337 1338
f 1333 1338 1334
f 1336 1340 1341
f 1336 1341 1339
f 1337 1342 1343
f 1337 1343 1338
f 1340 1344 1345
f 1340 1345 1341
f 1342 1346 1347
f 1342 1347 1343
f 1344 1348 1349
f 1344 1349 1345
f 1346 1350 1347
f 1347 1350 1351
f 1348 1352 1353
f 1348 1353 1349
f 1350 1354 1355
f 1350 1355 1351
f 1352 1356 1357
f 1352 1357 1353
f 1354 1358 1355
f 1355 1358 1359
f 1356 1360 1361
f 1356 1361 1357
f 1358 1362 1363
f 1358 1363 1359
f 1360 1364 1365
f 1360 1365 1361
f 1362 1366 1367
f 1362 1367 1363
f 1364 1368 1369
f 1364 1369 1365
f 1366 1370 1371
f 1366 1371 1367
f 1368 1372 1369
f 1368 1373 1374
f 1368 1374 1372
f 1370 1375 1376
f 1370 1376 1371
f 1373 1377 1378
f 1373 1378 1374
f 1375 1379 1376
f 1376 1379 1380
f 1377 1381 1382
f 1377 1382 1378
f 1379 1382 1383
f 1379 1383 1380
f 1381 1383 1382

o geometry_5
v -0.01064635 0.01015654 0.00530720 0.08627451 0.01960784 0.83137255
v -0.01039842 0.01013665 0.00530720 0.08627451 0.01960784 0.83137255
v -0.01064635 0.01015654 -0.00529474 0.08627451 0.01960784 0.83137255
v -0.04869563 0.01015654 0.00530720 0.08627451 0.01960784 0.83137255
v -0.01039842 0.01013665 -0.00529474 0.08627451 0.01960784 0.83137255
v -0.01018148 0.01008195 0.00530720 0.08627451 0.01960784 0.83137255
v -0.04869563 0.01015654 -0.00529474 0.08627451 0.01960784 0.83137255
v -0.04869563 -0.01524344 0.00530720 0.08627451 0.01960784 0.83137255
v -0.01016211 0.01007698 -0.00529474 0.08627451 0.01960784 0.83137255
v -0.01016211 0.01007698 0.00530720 0.08627451 0.01960784 0.83137255
v -0.04869563 -0.01524344 -0.00529474 0.08627451 0.01960784 0.83137255
v -0.01162257 -0.01524344 0.00530720 0.08627451 0.01960784 0.83137255
v -0.01014274 0.01006952 -0.00529474 0.08627451 0.01960784 0.83137255
v -0.00994905 0.00998747 0.00530720 0.08627451 0.01960784 0.83137255
v -0.01162257 -0.01524344 -0.00529474 0.08627451 0.01960784 0.83137255
v -0.01136302 -0.01522106 0.00530720 0.08627451 0.01960784 0.83137255
v -0.00993355 0.00998001 -0.00529474 0.08627451 0.01960784 0.83137255
v -0.00993355 0.00998001 0.00530720 0.08627451 0.01960784 0.83137255
v -0.01136302 -0.01522106 -0.00529474 0.08627451 0.01960784 0.83137255
v -0.01132428 -0.01521112 0.00530720 0.08627451 0.01960784 0.83137255
v -0.00971662 0.00984078 -0.00529474 0.08627451 0.01960784 0.83137255
v -0.00972824 0.00984824 0.00530720 0.08627451 0.01960784 0.83137255
v -0.01111509 -0.01515642 -0.00529474 0.08627451 0.01960784 0.83137255
v -0.01111509 -0.01515642 0.00530720 0.08627451 0.01960784 0.83137255
v -0.00955004 0.00969160 0.00530720 0.08627451 0.01960784 0.83137255
v -0.00954229 0.00968414 -0.00529474 0.08627451 0.01960784 0.83137255
v -0.01090590 -0.01506194 -0.00529474 0.08627451 0.01960784 0.83137255
v -0.01108022 -0.01514150 0.00530720 0.08627451 0.01960784 0.83137255
v -0.00954229 0.00968414 0.00530720 0.08627451 0.01960784 0.83137255
v -0.00939121 0.00950016 0.00530720 0.08627451 0.01960784 0.83137255
v -0.00938734 0.00949270 -0.00529474 0.08627451 0.01960784 0.83137255
v -0.01087878 -0.01504951 -0.00529474 0.08627451 0.01960784 0.83137255
v -0.01087878 -0.01504951 0.00530720 0.08627451 0.01960784 0.83137255
v -0.00932535 0.00939076 0.00530720 0.08627451 0.01960784 0.83137255
v -0.00932535 0.00939076 -0.00529474 0.08627451 0.01960784 0.83137255
v -0.01066572 -0.01490530 -0.00529474 0.08627451 0.01960784 0.83137255
v -0.01066572 -0.01490530 0.00530720 0.08627451 0.01960784 0.83137255
v -0.00926725 0.00928137 0.00530720 0.08627451 0.01960784 0.83137255
v -0.00926725 0.00928137 -0.00529474 0.08627451 0.01960784 0.83137255
v -0.01047590 -0.01472629 -0.00529474 0.08627451 0.01960784 0.83137255
v -0.01047590 -0.01472629 0.00530720 0.08627451 0.01960784 0.83137255
v -0.00921689 0.00916700 0.00530720 0.08627451 0.01960784 0.83137255
v -0.00921689 0.00916700 -0.00529474 0.08627451 0.01960784 0.83137255
v -0.01040229 -0.01463430 -0.00529474 0.08627451 0.01960784 0.83137255
v -0.01039455 -0.01462435 0.00530720 0.08627451 0.01960784 0.83137255
v -0.00917815 0.00905014 0.00530720 0.08627451 0.01960784 0.83137255
v -0.00917815 0.00905014 -0.00529474 0.08627451 0.01960784 0.83137255
v -0.01039455 -0.01462435 -0.00529474 0.08627451 0.01960784 0.83137255
v -0.01032869 -0.01452739 0.00530720 0.08627451 0.01960784 0.83137255
v -0.00915103 0.00893328 0.00530720 0.08627451 0.01960784 0.83137255
v -0.00915103 0.00893080 -0.00529474 0.08627451 0.01960784 0.83137255
v -0.01032481 -0.01451744 -0.00529474 0.08627451 0.01960784 0.83137255
v -0.01031707 -0.01450750 0.00530720 0.08627451 0.01960784 0.83137255
v -0.01025896 -0.01440556 -0.00529474 0.08627451 0.01960784 0.83137255
v -0.00913166 0.00881145 0.00530720 0.08627451 0.01960784 0.83137255
v -0.00913166 0.00881145 -0.00529474 0.08627451 0.01960784 0.83137255
v -0.01025896 -0.01440556 0.00530720 0.08627451 0.01960784 0.83137255
v -0.01020860 -0.01428870 -0.00529474 0.08627451 0.01960784 0.83137255
v -0.01021247 -0.01429865 0.00530720 0.08627451 0.01960784 0.83137255
v -0.00912391 0.00868714 0.00530720 0.08627451 0.01960784 0.83137255
v -0.00912391 0.00868714 -0.00529474 0.08627451 0.01960784 0.83137255
v -0.01016599 -0.01417682 0.00530720 0.08627451 0.01960784 0.83137255
v -0.01020860 -0.01428870 0.00530720 0.08627451 0.01960784 0.83137255
v -0.01016599 -0.01416688 -0.00529474 0.08627451 0.01960784 0.83137255
v -0.00912391 0.00855785 0.00530720 0.08627451 0.01960784 0.83137255
v -0.00912391 0.00853548 -0.00529474 0.08627451 0.01960784 0.83137255
v -0.01013112 -0.01404007 0.00530720 0.08627451 0.01960784 0.83137255
v -0.01016211 -0.01415444 -0.00529474 0.08627451 0.01960784 0.83137255
v -0.01013112 -0.01404007 -0.00529474 0.08627451 0.01960784 0.83137255
v -0.01001491 -0.01189689 0.00530720 0.08627451 0.01960784 0.83137255
v -0.01002653 -0.01214800 -0.00529474 0.08627451 0.01960784 0.83137255
v -0.01010788 -0.01391327 0.00530720 0.08627451 0.01960784 0.83137255
v -0.01010788 -0.01391327 -0.00529474 0.08627451 0.01960784 0.83137255
v -0.01010013 -0.01379393 0.00530720 0.08627451 0.01960784 0.83137255
v -0.01010013 -0.01378399 -0.00529474 0.08627451 0.01960784 0.83137255
f 1384 1385 1388
f 1384 1388 1386
f 1384 1386 1390
f 1384 1390 1387
f 1384 1387 1391
f 1384 1391 1395
f 1384 1395 1399
f 1384 1399 1403
f 1384 1403 1407
f 1384 1407 1411
f 1384 1411 1416
f 1384 1416 1420
f 1384 1420 1424
f 1384 1424 1428
f 1384 1428 1432
f 1384 1432 1436
f 1384 1436 1440
f 1384 1440 1442
f 1384 1442 1446
f 1384 1446 1445
f 1384 1445 1450
f 1384 1450 1455
f 1384 1455 1457
f 1384 1457 1453
f 1384 1453 1448
f 1384 1448 1443
f 1384 1443 1438
f 1384 1438 1433
f 1384 1433 1429
f 1384 1429 1425
f 1384 1425 1421
f 1384 1421 1417
f 1384 1417 1413
f 1384 1413 1412
f 1384 1412 1408
f 1384 1408 1405
f 1384 1405 1401
f 1384 1401 1397
f 1384 1397 1393
f 1384 1393 1389
f 1384 1389 1385
f 1385 1389 1388
f 1386 1388 1392
f 1386 1392 1396
f 1386 1396 1400
f 1386 1400 1404
f 1386 1404 1409
f 1386 1409 1414
f 1386 1414 1418
f 1386 1418 1422
f 1386 1422 1426
f 1386 1426 1430
f 1386 1430 1434
f 1386 1434 1439
f 1386 1439 1444
f 1386 1444 1449
f 1386 1449 1454
f 1386 1454 1458
f 1386 1458 1456
f 1386 1456 1452
f 1386 1452 1451
f 1386 1451 1447
f 1386 1447 1441
f 1386 1441 1437
f 1386 1437 1435
f 1386 1435 1431
f 1386 1431 1427
f 1386 1427 1423
f 1386 1423 1419
f 1386 1419 1415
f 1386 1415 1410
f 1386 1410 1406
f 1386 1406 1402
f 1386 1402 1398
f 1386 1398 1394
f 1386 1394 1390
f 1387 1390 1394
f 1387 1394 1391
f 1388 1389 1392
f 1389 1393 1392
f 1391 1394 1398
f 1391 1398 1395
f 1392 1393 1396
f 1393 1397 1396
f 1395 1398 1402
f 1395 1402 1399
f 1396 1397 1400
f 1397 1401 1400
f 1399 1402 1403
f 1400 1401 1405
f 1400 1405 1404
f 1402 1406 1403
f 1403 1406 1407
f 1404 1405 1408
f 1404 1408 1409
f 1406 1410 1411
f 1406 1411 1407
f 1408 1412 1409
f 1409 1412 1413
f 1409 1413 1414
f 1410 1415 1416
f 1410 1416 1411
f 1413 1417 1418
f 1413 1418 1414
f 1415 1419 1420
f 1415 1420 1416
f 1417 1421 1422
f 1417 1422 1418
f 1419 1423 1424
f 1419 1424 1420
f 1421 1425 1426
f 1421 1426 1422
f 1423 1427 1424
f 1424 1427 1428
f 1425 1429 1430
f 1425 1430 1426
f 1427 1431 1428
f 1428 1431 1432
f 1429 1433 1430
f 1430 1433 1434
f 1431 1435 1432
f 1432 1435 1437
f 1432 1437 1436
f 1433 1438 1439
f 1433 1439 1434
f 1436 1437 1440
f 1437 1441 1442
f 1437 1442 1440
f 1438 1443 1444
f 1438 1444 1439
f 1441 1445 1446
f 1441 1446 1442
f 1441 1447 1445
f 1443 1448 1449
f 1443 1449 1444
f 1445 1447 1451
f 1445 1451 1452
f 1445 1452 1450
f 1448 1453 1449
f 1449 1453 1454
f 1450 1452 1456
f 1450 1456 1455
f 1453 1457 1454
f 1454 1457 1458
f 1455 1456 1457
f 1456 1458 1457

o geometry_6
v 0.05022465 0.01049142 -0.00530041 0.77647059 0.86666667 0.97647059
v 0.05022465 -0.01523840 -0.00530041 0.77647059 0.86666667 0.97647059
v 0.05022465 0.01049142 -0.00799630 0.77647059 0.86666667 0.97647059
v 0.00049525 0.01015639 -0.00683306 0.77647059 0.86666667 0.97647059
v 0.01064460 0.01015639 -0.00530041 0.77647059 0.86666667 0.97647059
v 0.05016624 -0.01524344 -0.00530041 0.77647059 0.86666667 0.97647059
v 0.05022465 -0.01523840 -0.01117532 0.77647059 0.86666667 0.97647059
v 0.05022465 0.01048890 -0.01117532 0.77647059 0.86666667 0.97647059
v 0.00049525 0.01015639 -0.01117677 0.77647059 0.86666667 0.97647059
v 0.00049525 0.01013623 -0.00658824 0.77647059 0.86666667 0.97647059
v 0.00049525 0.01010601 -0.00646438 0.77647059 0.86666667 0.97647059
v 0.00049525 0.01007578 -0.00634994 0.77647059 0.86666667 0.97647059
v 0.00049525 0.01003043 -0.00624129 0.77647059 0.86666667 0.97647059
v 0.00049525 0.00998005 -0.00612395 0.77647059 0.86666667 0.97647059
v 0.00049525 0.00991708 -0.00602400 0.77647059 0.86666667 0.97647059
v 0.00049525 0.00984906 -0.00591607 0.77647059 0.86666667 0.97647059
v 0.01040121 0.01013623 -0.00530041 0.77647059 0.86666667 0.97647059
v 0.05016624 -0.01524344 -0.01117532 0.77647059 0.86666667 0.97647059
v 0.01162303 -0.01524344 -0.00530041 0.77647059 0.86666667 0.97647059
v 0.05022465 -0.01523336 -0.01123833 0.77647059 0.86666667 0.97647059
v 0.05022465 0.01048639 -0.01121516 0.77647059 0.86666667 0.97647059
v 0.00049525 0.01013371 -0.01143607 0.77647059 0.86666667 0.97647059
v 0.00049525 0.00977097 -0.00582843 0.77647059 0.86666667 0.97647059
v 0.01018216 0.01008082 -0.00530041 0.77647059 0.86666667 0.97647059
v 0.00049525 0.00968532 -0.00573282 0.77647059 0.86666667 0.97647059
v 0.00049525 0.00959463 -0.00565822 0.77647059 0.86666667 0.97647059
v 0.00049525 0.00948883 -0.00557420 0.77647059 0.86666667 0.97647059
v 0.00049525 0.00938555 -0.00550901 0.77647059 0.86666667 0.97647059
v 0.00049525 0.00933265 -0.00548149 0.77647059 0.86666667 0.97647059
v 0.00049525 0.00927471 -0.00545251 0.77647059 0.86666667 0.97647059
v 0.00049525 0.00922181 -0.00542934 0.77647059 0.86666667 0.97647059
v 0.00049525 0.00916135 -0.00540471 0.77647059 0.86666667 0.97647059
v 0.00049525 0.00905051 -0.00536849 0.77647059 0.86666667 0.97647059
v 0.00049525 0.00904547 -0.00536704 0.77647059 0.86666667 0.97647059
v 0.00049525 0.00893212 -0.00533952 0.77647059 0.86666667 0.97647059
v 0.00049525 0.00892456 -0.00533807 0.77647059 0.86666667 0.97647059
v 0.00049525 0.00881120 -0.00531996 0.77647059 0.86666667 0.97647059
v 0.00049525 0.00874570 -0.00531489 0.77647059 0.86666667 0.97647059
v 0.00049525 0.00868777 -0.00531055 0.77647059 0.86666667 0.97647059
v 0.02508736 -0.01522581 -0.01137378 0.77647059 0.86666667 0.97647059
v 0.03762193 -0.01522832 -0.01134119 0.77647059 0.86666667 0.97647059
v 0.05016624 -0.01521825 -0.01144042 0.77647059 0.86666667 0.97647059
v 0.05022465 -0.01521573 -0.01144042 0.77647059 0.86666667 0.97647059
v 0.01254304 -0.01524344 -0.01117532 0.77647059 0.86666667 0.97647059
v 0.01136504 -0.01522077 -0.00530041 0.77647059 0.86666667 0.97647059
v 0.00049525 -0.01515527 -0.00730169 0.77647059 0.86666667 0.97647059
v 0.00049525 -0.01521825 -0.00754071 0.77647059 0.86666667 0.97647059
v 0.00049525 -0.01522077 -0.00755158 0.77647059 0.86666667 0.97647059
v 0.00049525 -0.01524344 -0.00780943 0.77647059 0.86666667 0.97647059
v 0.05022465 0.01046120 -0.01144042 0.77647059 0.86666667 0.97647059
v 0.00049525 0.01006318 -0.01169827 0.77647059 0.86666667 0.97647059
v 0.01016269 0.01007578 -0.00530041 0.77647059 0.86666667 0.97647059
v 0.00049525 0.00856433 -0.00531055 0.77647059 0.86666667 0.97647059
v 0.00912098 0.00868777 -0.00530041 0.77647059 0.86666667 0.97647059
v 0.00913072 0.00881120 -0.00530041 0.77647059 0.86666667 0.97647059
v 0.00915019 0.00893212 -0.00530041 0.77647059 0.86666667 0.97647059
v 0.00917940 0.00905051 -0.00530041 0.77647059 0.86666667 0.97647059
v 0.00921834 0.00916639 -0.00530041 0.77647059 0.86666667 0.97647059
v 0.00926702 0.00928227 -0.00530041 0.77647059 0.86666667 0.97647059
v 0.00932056 0.00938807 -0.00530041 0.77647059 0.86666667 0.97647059
v 0.00938871 0.00949387 -0.00530041 0.77647059 0.86666667 0.97647059
v 0.00954448 0.00968532 -0.00530041 0.77647059 0.86666667 0.97647059
v 0.00954935 0.00969036 -0.00530041 0.77647059 0.86666667 0.97647059
v 0.00972946 0.00984906 -0.00530041 0.77647059 0.86666667 0.97647059
v 0.00993390 0.00998005 -0.00530041 0.77647059 0.86666667 0.97647059
v 0.00049525 -0.01523084 -0.01130932 0.77647059 0.86666667 0.97647059
v 0.00049525 -0.01521825 -0.01144404 0.77647059 0.86666667 0.97647059
v 0.03762193 -0.01521069 -0.01147229 0.77647059 0.86666667 0.97647059
v 0.05016624 -0.01515023 -0.01169683 0.77647059 0.86666667 0.97647059
v 0.05022465 -0.01514520 -0.01169683 0.77647059 0.86666667 0.97647059
v 0.00049525 -0.01524344 -0.01103190 0.77647059 0.86666667 0.97647059
v 0.00049525 -0.01524092 -0.01117677 0.77647059 0.86666667 0.97647059
v 0.01111191 -0.01515527 -0.00530041 0.77647059 0.86666667 0.97647059
v 0.00049525 -0.01446001 -0.00647887 0.77647059 0.86666667 0.97647059
v 0.00049525 -0.01451795 -0.00651219 0.77647059 0.86666667 0.97647059
v 0.00049525 -0.01462627 -0.00658462 0.77647059 0.86666667 0.97647059
v 0.00049525 -0.01472703 -0.00666574 0.77647059 0.86666667 0.97647059
v 0.00049525 -0.01489581 -0.00684392 0.77647059 0.86666667 0.97647059
v 0.00049525 -0.01490336 -0.00685261 0.77647059 0.86666667 0.97647059
v 0.00049525 -0.01497390 -0.00695329 0.77647059 0.86666667 0.97647059
v 0.00049525 -0.01504947 -0.00706629 0.77647059 0.86666667 0.97647059
v 0.00049525 -0.01509985 -0.00717783 0.77647059 0.86666667 0.97647059
v 0.05022465 0.01044104 -0.01150343 0.77647059 0.86666667 0.97647059
v 0.00049525 0.01000776 -0.01181851 0.77647059 0.86666667 0.97647059
v 0.05022465 0.01037807 -0.01169683 0.77647059 0.86666667 0.97647059
v 0.00912098 0.00856433 -0.00530041 0.77647059 0.86666667 0.97647059
v 0.00049525 -0.01320803 -0.00626157 0.77647059 0.86666667 0.97647059
v 0.01020650 -0.01428871 -0.00530041 0.77647059 0.86666667 0.97647059
v 0.01020163 -0.01427611 -0.00530041 0.77647059 0.86666667 0.97647059
v 0.01016269 -0.01416528 -0.00530041 0.77647059 0.86666667 0.97647059
v 0.01013348 -0.01405192 -0.00530041 0.77647059 0.86666667 0.97647059
v 0.01010915 -0.01391337 -0.00530041 0.77647059 0.86666667 0.97647059
v 0.01009941 -0.01379497 -0.00530041 0.77647059 0.86666667 0.97647059
v 0.00049525 -0.01515023 -0.01169827 0.77647059 0.86666667 0.97647059
v 0.02508736 -0.01516787 -0.01163309 0.77647059 0.86666667 0.97647059
v 0.02508736 -0.01506710 -0.01187718 0.77647059 0.86666667 0.97647059
v 0.03762193 -0.01505199 -0.01190760 0.77647059 0.86666667 0.97647059
v 0.05016624 -0.01503687 -0.01193730 0.77647059 0.86666667 0.97647059
v 0.05022465 -0.01503435 -0.01193730 0.77647059 0.86666667 0.97647059
v 0.01087826 -0.01504947 -0.00530041 0.77647059 0.86666667 0.97647059
v 0.00049525 -0.01416528 -0.00635284 0.77647059 0.86666667 0.97647059
v 0.00049525 -0.01423077 -0.00637529 0.77647059 0.86666667 0.97647059
v 0.00049525 -0.01428871 -0.00639557 0.77647059 0.86666667 0.97647059
v 0.00049525 -0.01440459 -0.00644917 0.77647059 0.86666667 0.97647059
v 0.00049525 0.00994982 -0.01194092 0.77647059 0.86666667 0.97647059
v 0.05022465 0.01024204 -0.01193730 0.77647059 0.86666667 0.97647059
v 0.00049525 -0.01378489 -0.00628692 0.77647059 0.86666667 0.97647059
v 0.01026005 -0.01440459 -0.00530041 0.77647059 0.86666667 0.97647059
v 0.00049525 -0.01503687 -0.01194092 0.77647059 0.86666667 0.97647059
v 0.03762193 -0.01501924 -0.01196482 0.77647059 0.86666667 0.97647059
v 0.05016624 -0.01488573 -0.01215532 0.77647059 0.86666667 0.97647059
v 0.05022465 -0.01488069 -0.01215532 0.77647059 0.86666667 0.97647059
v 0.01084905 -0.01503184 -0.00530041 0.77647059 0.86666667 0.97647059
v 0.00049525 -0.01404184 -0.00631952 0.77647059 0.86666667 0.97647059
v 0.00049525 -0.01410734 -0.00633690 0.77647059 0.86666667 0.97647059
v 0.00049525 0.00979616 -0.01215821 0.77647059 0.86666667 0.97647059
v 0.05022465 0.01006570 -0.01214445 0.77647059 0.86666667 0.97647059
v 0.00049525 -0.01391337 -0.00629779 0.77647059 0.86666667 0.97647059
v 0.01039635 -0.01462627 -0.00530041 0.77647059 0.86666667 0.97647059
v 0.01032333 -0.01451795 -0.00530041 0.77647059 0.86666667 0.97647059
v 0.01026492 -0.01441466 -0.00530041 0.77647059 0.86666667 0.97647059
v 0.00049525 -0.01488573 -0.01215387 0.77647059 0.86666667 0.97647059
v 0.01254304 -0.01490588 -0.01212779 0.77647059 0.86666667 0.97647059
v 0.03762193 -0.01490588 -0.01212779 0.77647059 0.86666667 0.97647059
v 0.03762193 -0.01486306 -0.01217849 0.77647059 0.86666667 0.97647059
v 0.03762193 -0.01472199 -0.01231974 0.77647059 0.86666667 0.97647059
v 0.05016624 -0.01469680 -0.01234291 0.77647059 0.86666667 0.97647059
v 0.05022465 -0.01469428 -0.01234291 0.77647059 0.86666667 0.97647059
v 0.05022465 -0.01481268 -0.01222413 0.77647059 0.86666667 0.97647059
v 0.01254304 -0.01488573 -0.01215532 0.77647059 0.86666667 0.97647059
v 0.01066407 -0.01490336 -0.00530041 0.77647059 0.86666667 0.97647059
v 0.00049525 0.00970295 -0.01225165 0.77647059 0.86666667 0.97647059
v 0.05022465 0.01005562 -0.01215532 0.77647059 0.86666667 0.97647059
v 0.01063974 -0.01488069 -0.00530041 0.77647059 0.86666667 0.97647059
v 0.01047910 -0.01472703 -0.00530041 0.77647059 0.86666667 0.97647059
v 0.00049525 -0.01469932 -0.01234219 0.77647059 0.86666667 0.97647059
v 0.01254304 -0.01486306 -0.01217849 0.77647059 0.86666667 0.97647059
v 0.01254304 -0.01472199 -0.01231974 0.77647059 0.86666667 0.97647059
v 0.03762193 -0.01467161 -0.01236247 0.77647059 0.86666667 0.97647059
v 0.05016624 -0.01448016 -0.01249574 0.77647059 0.86666667 0.97647059
v 0.05022465 -0.01447512 -0.01249574 0.77647059 0.86666667 0.97647059
v 0.00049525 0.00960723 -0.01234509 0.77647059 0.86666667 0.97647059
v 0.05022465 0.00984906 -0.01234291 0.77647059 0.86666667 0.97647059
v 0.00049525 -0.01459100 -0.01241824 0.77647059 0.86666667 0.97647059
v 0.01254304 -0.01467161 -0.01236247 0.77647059 0.86666667 0.97647059
v 0.02508736 -0.01453558 -0.01245735 0.77647059 0.86666667 0.97647059
v 0.05016624 -0.01423833 -0.01260801 0.77647059 0.86666667 0.97647059
v 0.05022465 -0.01423581 -0.01260801 0.77647059 0.86666667 0.97647059
v 0.00049525 -0.01448016 -0.01249574 0.77647059 0.86666667 0.97647059
v 0.00049525 -0.01436428 -0.01255007 0.77647059 0.86666667 0.97647059
v 0.00049525 0.00949891 -0.01242186 0.77647059 0.86666667 0.97647059
v 0.05022465 0.00960975 -0.01249574 0.77647059 0.86666667 0.97647059
v 0.00049525 0.00939311 -0.01249574 0.77647059 0.86666667 0.97647059
v 0.05016624 -0.01398390 -0.01267682 0.77647059 0.86666667 0.97647059
v 0.00049525 -0.01424337 -0.01260584 0.77647059 0.86666667 0.97647059
v 0.01254304 -0.01423833 -0.01260801 0.77647059 0.86666667 0.97647059
v 0.00049525 -0.01423581 -0.01260874 0.77647059 0.86666667 0.97647059
v 0.05022465 -0.01407207 -0.01265147 0.77647059 0.86666667 0.97647059
v 0.05021005 -0.01397886 -0.01267682 0.77647059 0.86666667 0.97647059
v 0.05022465 0.00934524 -0.01260801 0.77647059 0.86666667 0.97647059
v 0.00049525 0.00915632 -0.01260584 0.77647059 0.86666667 0.97647059
v 0.00049525 0.00927219 -0.01255224 0.77647059 0.86666667 0.97647059
v 0.03762193 -0.01388314 -0.01268551 0.77647059 0.86666667 0.97647059
v 0.05016624 -0.01371940 -0.01269928 0.77647059 0.86666667 0.97647059
v 0.01254304 -0.01398390 -0.01267682 0.77647059 0.86666667 0.97647059
v 0.01254304 -0.01381764 -0.01269131 0.77647059 0.86666667 0.97647059
v 0.00049525 -0.01411237 -0.01264205 0.77647059 0.86666667 0.97647059
v 0.05022465 -0.01397634 -0.01267682 0.77647059 0.86666667 0.97647059
v 0.05022465 -0.01389070 -0.01268407 0.77647059 0.86666667 0.97647059
v 0.05022465 0.00906311 -0.01267682 0.77647059 0.86666667 0.97647059
v 0.00049525 0.00889181 -0.01267682 0.77647059 0.86666667 0.97647059
v 0.00049525 0.00902028 -0.01264350 0.77647059 0.86666667 0.97647059
v 0.00049525 0.00914876 -0.01260874 0.77647059 0.86666667 0.97647059
v 0.05022465 -0.01366398 -0.01269928 0.77647059 0.86666667 0.97647059
v 0.05022465 -0.01377482 -0.01269276 0.77647059 0.86666667 0.97647059
v 0.05022465 -0.01382772 -0.01268914 0.77647059 0.86666667 0.97647059
v 0.00049525 -0.01371940 -0.01269928 0.77647059 0.86666667 0.97647059
v 0.00049525 -0.01398390 -0.01267610 0.77647059 0.86666667 0.97647059
v 0.00049525 -0.01385291 -0.01268769 0.77647059 0.86666667 0.97647059
v 0.05022465 0.00879105 -0.01269928 0.77647059 0.86666667 0.97647059
v 0.00049525 0.00863235 -0.01269928 0.77647059 0.86666667 0.97647059
v 0.00049525 0.00876082 -0.01268841 0.77647059 0.86666667 0.97647059
f 1459 1460 1465
f 1459 1465 1478
f 1459 1478 1501
f 1459 1501 1528
f 1459 1528 1557
f 1459 1557 1570
f 1459 1570 1587
f 1459 1587 1586
f 1459 1586 1599
f 1459 1599 1606
f 1459 1606 1616
f 1459 1616 1626
f 1459 1626 1627
f 1459 1627 1634
f 1459 1634 1633
f 1459 1633 1632
f 1459 1632 1638
f 1459 1638 1628
f 1459 1628 1618
f 1459 1618 1610
f 1459 1610 1601
f 1459 1601 1591
f 1459 1591 1575
f 1459 1575 1564
f 1459 1564 1543
f 1459 1543 1541
f 1459 1541 1508
f 1459 1508 1479
f 1459 1479 1466
f 1459 1466 1461
f 1459 1461 1467
f 1459 1467 1462
f 1459 1462 1463
f 1459 1463 1475
f 1459 1475 1482
f 1459 1482 1510
f 1459 1510 1523
f 1459 1523 1522
f 1459 1522 1521
f 1459 1521 1520
f 1459 1520 1519
f 1459 1519 1518
f 1459 1518 1517
f 1459 1517 1516
f 1459 1516 1515
f 1459 1515 1514
f 1459 1514 1513
f 1459 1513 1512
f 1459 1512 1544
f 1459 1544 1551
f 1459 1551 1550
f 1459 1550 1549
f 1459 1549 1548
f 1459 1548 1547
f 1459 1547 1546
f 1459 1546 1566
f 1459 1566 1579
f 1459 1579 1578
f 1459 1578 1577
f 1459 1577 1593
f 1459 1593 1592
f 1459 1592 1589
f 1459 1589 1571
f 1459 1571 1558
f 1459 1558 1531
f 1459 1531 1503
f 1459 1503 1477
f 1459 1477 1464
f 1459 1464 1460
f 1460 1464 1476
f 1460 1476 1465
f 1461 1466 1467
f 1462 1467 1480
f 1462 1480 1509
f 1462 1509 1542
f 1462 1542 1563
f 1462 1563 1574
f 1462 1574 1590
f 1462 1590 1600
f 1462 1600 1609
f 1462 1609 1611
f 1462 1611 1620
f 1462 1620 1619
f 1462 1619 1631
f 1462 1631 1630
f 1462 1630 1629
f 1462 1629 1640
f 1462 1640 1639
f 1462 1639 1635
f 1462 1635 1637
f 1462 1637 1636
f 1462 1636 1625
f 1462 1625 1615
f 1462 1615 1613
f 1462 1613 1608
f 1462 1608 1607
f 1462 1607 1602
f 1462 1602 1594
f 1462 1594 1580
f 1462 1580 1567
f 1462 1567 1552
f 1462 1552 1525
f 1462 1525 1524
f 1462 1524 1530
f 1462 1530 1529
f 1462 1529 1507
f 1462 1507 1506
f 1462 1506 1505
f 1462 1505 1504
f 1462 1504 1540
f 1462 1540 1539
f 1462 1539 1538
f 1462 1538 1537
f 1462 1537 1536
f 1462 1536 1535
f 1462 1535 1534
f 1462 1534 1533
f 1462 1533 1532
f 1462 1532 1562
f 1462 1562 1561
f 1462 1561 1560
f 1462 1560 1559
f 1462 1559 1573
f 1462 1573 1572
f 1462 1572 1576
f 1462 1576 1565
f 1462 1565 1545
f 1462 1545 1511
f 1462 1511 1497
f 1462 1497 1496
f 1462 1496 1495
f 1462 1495 1494
f 1462 1494 1493
f 1462 1493 1492
f 1462 1492 1491
f 1462 1491 1490
f 1462 1490 1489
f 1462 1489 1488
f 1462 1488 1487
f 1462 1487 1486
f 1462 1486 1485
f 1462 1485 1484
f 1462 1484 1483
f 1462 1483 1481
f 1462 1481 1474
f 1462 1474 1473
f 1462 1473 1472
f 1462 1472 1471
f 1462 1471 1470
f 1462 1470 1469
f 1462 1469 1468
f 1462 1468 1463
f 1463 1468 1469
f 1463 1469 1470
f 1463 1470 1471
f 1463 1471 1472
f 1463 1472 1473
f 1463 1473 1474
f 1463 1474 1475
f 1464 1477 1507
f 1464 1507 1529
f 1464 1529 1502
f 1464 1502 1476
f 1465 1476 1478
f 1466 1479 1467
f 1467 1479 1480
f 1474 1481 1475
f 1475 1481 1483
f 1475 1483 1484
f 1475 1484 1485
f 1475 1485 1486
f 1475 1486 1487
f 1475 1487 1488
f 1475 1488 1489
f 1475 1489 1490
f 1475 1490 1491
f 1475 1491 1492
f 1475 1492 1493
f 1475 1493 1494
f 1475 1494 1495
f 1475 1495 1496
f 1475 1496 1497
f 1475 1497 1482
f 1476 1498 1499
f 1476 1499 1500
f 1476 1500 1501
f 1476 1501 1478
f 1476 1502 1498
f 1477 1503 1504
f 1477 1504 1505
f 1477 1505 1506
f 1477 1506 1507
f 1479 1508 1480
f 1480 1508 1509
f 1482 1497 1510
f 1497 1511 1544
f 1497 1544 1512
f 1497 1512 1513
f 1497 1513 1514
f 1497 1514 1515
f 1497 1515 1516
f 1497 1516 1517
f 1497 1517 1518
f 1497 1518 1519
f 1497 1519 1520
f 1497 1520 1521
f 1497 1521 1522
f 1497 1522 1523
f 1497 1523 1510
f 1498 1500 1499
f 1498 1502 1524
f 1498 1524 1525
f 1498 1525 1500
f 1500 1526 1527
f 1500 1527 1501
f 1500 1525 1526
f 1501 1527 1528
f 1502 1529 1530
f 1502 1530 1524
f 1503 1531 1532
f 1503 1532 1533
f 1503 1533 1534
f 1503 1534 1535
f 1503 1535 1536
f 1503 1536 1537
f 1503 1537 1538
f 1503 1538 1539
f 1503 1539 1540
f 1503 1540 1504
f 1508 1541 1509
f 1509 1541 1543
f 1509 1543 1542
f 1511 1545 1546
f 1511 1546 1547
f 1511 1547 1548
f 1511 1548 1549
f 1511 1549 1550
f 1511 1550 1551
f 1511 1551 1544
f 1525 1552 1553
f 1525 1553 1526
f 1526 1553 1527
f 1527 1554 1555
f 1527 1555 1556
f 1527 1556 1557
f 1527 1557 1528
f 1527 1553 1552
f 1527 1552 1554
f 1531 1558 1559
f 1531 1559 1560
f 1531 1560 1561
f 1531 1561 1562
f 1531 1562 1532
f 1542 1543 1563
f 1543 1564 1563
f 1545 1565 1546
f 1546 1565 1566
f 1552 1567 1554
f 1554 1567 1555
f 1555 1567 1556
f 1556 1568 1569
f 1556 1569 1557
f 1556 1567 1568
f 1557 1569 1570
f 1558 1571 1572
f 1558 1572 1573
f 1558 1573 1559
f 1563 1564 1574
f 1564 1575 1574
f 1565 1576 1577
f 1565 1577 1578
f 1565 1578 1579
f 1565 1579 1566
f 1567 1580 1581
f 1567 1581 1582
f 1567 1582 1568
f 1568 1582 1569
f 1569 1583 1584
f 1569 1584 1585
f 1569 1585 1586
f 1569 1586 1587
f 1569 1587 1570
f 1569 1582 1581
f 1569 1581 1588
f 1569 1588 1595
f 1569 1595 1583
f 1571 1589 1576
f 1571 1576 1572
f 1574 1575 1591
f 1574 1591 1590
f 1576 1589 1592
f 1576 1592 1593
f 1576 1593 1577
f 1580 1594 1595
f 1580 1595 1588
f 1580 1588 1581
f 1583 1595 1596
f 1583 1596 1584
f 1584 1596 1594
f 1584 1594 1585
f 1585 1597 1598
f 1585 1598 1586
f 1585 1594 1597
f 1586 1598 1599
f 1590 1591 1600
f 1591 1601 1600
f 1594 1596 1595
f 1594 1602 1603
f 1594 1603 1597
f 1597 1604 1598
f 1597 1603 1604
f 1598 1605 1606
f 1598 1606 1599
f 1598 1604 1607
f 1598 1607 1608
f 1598 1608 1605
f 1600 1601 1609
f 1601 1610 1611
f 1601 1611 1609
f 1602 1607 1603
f 1603 1607 1604
f 1605 1612 1606
f 1605 1608 1613
f 1605 1613 1614
f 1605 1614 1615
f 1605 1615 1612
f 1606 1612 1617
f 1606 1617 1616
f 1610 1618 1619
f 1610 1619 1620
f 1610 1620 1611
f 1612 1621 1622
f 1612 1622 1617
f 1612 1615 1623
f 1612 1623 1624
f 1612 1624 1621
f 1613 1615 1614
f 1615 1625 1623
f 1616 1617 1626
f 1617 1622 1627
f 1617 1627 1626
f 1618 1628 1629
f 1618 1629 1630
f 1618 1630 1631
f 1618 1631 1619
f 1621 1624 1622
f 1622 1632 1633
f 1622 1633 1634
f 1622 1634 1627
f 1622 1624 1635
f 1622 1635 1639
f 1622 1639 1638
f 1622 1638 1632
f 1623 1625 1636
f 1623 1636 1637
f 1623 1637 1624
f 1624 1637 1635
f 1628 1638 1639
f 1628 1639 1640
f 1628 1640 1629

o geometry_7
v 0.00049524 0.01015654 0.01097337 0.79607843 0.45882353 0.78039216
v 0.00049524 0.01015654 0.00683337 0.79607843 0.45882353 0.78039216
v -0.00000071 0.01015654 0.01117599 0.79607843 0.45882353 0.78039216
v 0.00049524 0.01015405 0.01117961 0.79607843 0.45882353 0.78039216
v 0.00049524 0.01013665 0.00658806 0.79607843 0.45882353 0.78039216
v -0.01064686 0.01015654 0.00530792 0.79607843 0.45882353 0.78039216
v -0.00000071 0.01013168 0.01144013 0.79607843 0.45882353 0.78039216
v 0.00049524 0.01014411 0.01130697 0.79607843 0.45882353 0.78039216
v -0.01232250 0.01015654 0.01117599 0.79607843 0.45882353 0.78039216
v -0.02463467 0.01013914 0.01137427 0.79607843 0.45882353 0.78039216
v 0.00049524 0.01007698 0.00634998 0.79607843 0.45882353 0.78039216
v 0.00049524 0.00998001 0.00612347 0.79607843 0.45882353 0.78039216
v 0.00049524 0.00991040 0.00601348 0.79607843 0.45882353 0.78039216
v 0.00049524 0.00984824 0.00591651 0.79607843 0.45882353 0.78039216
v 0.00049524 0.00984078 0.00590638 0.79607843 0.45882353 0.78039216
v 0.00049524 0.00968414 0.00573270 0.79607843 0.45882353 0.78039216
v -0.01040128 0.01013665 0.00530792 0.79607843 0.45882353 0.78039216
v -0.04869563 0.01015654 0.00530792 0.79607843 0.45882353 0.78039216
v -0.01232250 0.01012422 0.01147269 0.79607843 0.45882353 0.78039216
v 0.00049524 0.01009935 0.01156749 0.79607843 0.45882353 0.78039216
v 0.00049524 0.01013168 0.01143868 0.79607843 0.45882353 0.78039216
v -0.04869563 0.01013168 0.01144447 0.79607843 0.45882353 0.78039216
v -0.03695646 0.01015654 0.01117527 0.79607843 0.45882353 0.78039216
v 0.00049524 0.00967420 0.00572402 0.79607843 0.45882353 0.78039216
v -0.01017979 0.01008195 0.00530792 0.79607843 0.45882353 0.78039216
v 0.00049524 0.00958469 0.00565021 0.79607843 0.45882353 0.78039216
v 0.00049524 0.00948773 0.00557422 0.79607843 0.45882353 0.78039216
v 0.00049524 0.00944049 0.00554311 0.79607843 0.45882353 0.78039216
v 0.00049524 0.00939076 0.00551199 0.79607843 0.45882353 0.78039216
v 0.00049524 0.00928137 0.00545482 0.79607843 0.45882353 0.78039216
v 0.00049524 0.00922169 0.00542949 0.79607843 0.45882353 0.78039216
v 0.00049524 0.00916700 0.00540706 0.79607843 0.45882353 0.78039216
v 0.00049524 0.00910732 0.00538680 0.79607843 0.45882353 0.78039216
v 0.00049524 0.00905014 0.00536871 0.79607843 0.45882353 0.78039216
v 0.00049524 0.00898798 0.00535279 0.79607843 0.45882353 0.78039216
v 0.00049524 0.00893080 0.00533904 0.79607843 0.45882353 0.78039216
v 0.00049524 0.00886864 0.00532891 0.79607843 0.45882353 0.78039216
v 0.00049524 0.00881145 0.00532022 0.79607843 0.45882353 0.78039216
v 0.00049524 0.00880400 0.00531950 0.79607843 0.45882353 0.78039216
v 0.00049524 0.00868714 0.00531009 0.79607843 0.45882353 0.78039216
v -0.04869563 -0.01524344 0.00530792 0.79607843 0.45882353 0.78039216
v -0.04869563 0.01015654 0.01113330 0.79607843 0.45882353 0.78039216
v -0.00000071 0.01006455 0.01169702 0.79607843 0.45882353 0.78039216
v 0.00049524 0.01006455 0.01169557 0.79607843 0.45882353 0.78039216
v -0.04869563 0.01006455 0.01169702 0.79607843 0.45882353 0.78039216
v -0.04869563 0.01015405 0.01118034 0.79607843 0.45882353 0.78039216
v -0.01016053 0.01007698 0.00530792 0.79607843 0.45882353 0.78039216
v 0.00049524 0.00856531 0.00531082 0.79607843 0.45882353 0.78039216
v -0.01026165 -0.01440556 0.00530792 0.79607843 0.45882353 0.78039216
v -0.01020868 -0.01428870 0.00530792 0.79607843 0.45882353 0.78039216
v -0.01016535 -0.01416688 0.00530792 0.79607843 0.45882353 0.78039216
v -0.01013164 -0.01404007 0.00530792 0.79607843 0.45882353 0.78039216
v -0.01010756 -0.01391327 0.00530792 0.79607843 0.45882353 0.78039216
v -0.01009793 -0.01379393 0.00530792 0.79607843 0.45882353 0.78039216
v -0.00912047 0.00856531 0.00530792 0.79607843 0.45882353 0.78039216
v -0.00912047 0.00868714 0.00530792 0.79607843 0.45882353 0.78039216
v -0.00913010 0.00881145 0.00530792 0.79607843 0.45882353 0.78039216
v -0.00914936 0.00893328 0.00530792 0.79607843 0.45882353 0.78039216
v -0.00917825 0.00905014 0.00530792 0.79607843 0.45882353 0.78039216
v -0.00921677 0.00916700 0.00530792 0.79607843 0.45882353 0.78039216
v -0.00926492 0.00928137 0.00530792 0.79607843 0.45882353 0.78039216
v -0.00932271 0.00939076 0.00530792 0.79607843 0.45882353 0.78039216
v -0.00939493 0.00950016 0.00530792 0.79607843 0.45882353 0.78039216
v -0.00954902 0.00969160 0.00530792 0.79607843 0.45882353 0.78039216
v -0.00972717 0.00984824 0.00530792 0.79607843 0.45882353 0.78039216
v -0.00973680 0.00985570 0.00530792 0.79607843 0.45882353 0.78039216
v -0.00993422 0.00998001 0.00530792 0.79607843 0.45882353 0.78039216
v -0.00994867 0.00998747 0.00530792 0.79607843 0.45882353 0.78039216
v -0.04869563 -0.01524344 0.01117527 0.79607843 0.45882353 0.78039216
v -0.01161950 -0.01524344 0.00530792 0.79607843 0.45882353 0.78039216
v -0.01232250 0.01002228 0.01178748 0.79607843 0.45882353 0.78039216
v 0.00049524 0.01000736 0.01181859 0.79607843 0.45882353 0.78039216
v -0.04869563 0.00995266 0.01193365 0.79607843 0.45882353 0.78039216
v -0.02463467 0.00998001 0.01187721 0.79607843 0.45882353 0.78039216
v 0.00049524 -0.00260809 0.00579856 0.79607843 0.45882353 0.78039216
v -0.01032906 -0.01452739 0.00530792 0.79607843 0.45882353 0.78039216
v 0.00049524 -0.01378399 0.00628702 0.79607843 0.45882353 0.78039216
v -0.01254399 -0.01524344 0.01117599 0.79607843 0.45882353 0.78039216
v -0.02508247 -0.01522604 0.01137427 0.79607843 0.45882353 0.78039216
v -0.04869563 -0.01522106 0.01142059 0.79607843 0.45882353 0.78039216
v -0.01136430 -0.01522106 0.00530792 0.79607843 0.45882353 0.78039216
v 0.00049524 -0.01504951 0.00706639 0.79607843 0.45882353 0.78039216
v 0.00049524 -0.01515642 0.00730230 0.79607843 0.45882353 0.78039216
v 0.00049524 -0.01522106 0.00755196 0.79607843 0.45882353 0.78039216
v 0.00049524 -0.01524344 0.00780958 0.79607843 0.45882353 0.78039216
v 0.00049524 0.00995266 0.01193365 0.79607843 0.45882353 0.78039216
v -0.04869563 0.00994769 0.01194162 0.79607843 0.45882353 0.78039216
v -0.01232250 0.00995018 0.01193800 0.79607843 0.45882353 0.78039216
v -0.01039647 -0.01462435 0.00530792 0.79607843 0.45882353 0.78039216
v 0.00049524 -0.01384614 0.00629208 0.79607843 0.45882353 0.78039216
v -0.01046870 -0.01471635 0.00530792 0.79607843 0.45882353 0.78039216
v -0.00000071 -0.01524344 0.01117599 0.79607843 0.45882353 0.78039216
v -0.04869563 -0.01521858 0.01144374 0.79607843 0.45882353 0.78039216
v -0.00000071 -0.01521858 0.01144013 0.79607843 0.45882353 0.78039216
v -0.01111392 -0.01515642 0.00530792 0.79607843 0.45882353 0.78039216
v 0.00049524 -0.01440556 0.00644912 0.79607843 0.45882353 0.78039216
v 0.00049524 -0.01451744 0.00651207 0.79607843 0.45882353 0.78039216
v 0.00049524 -0.01456966 0.00654681 0.79607843 0.45882353 0.78039216
v 0.00049524 -0.01461938 0.00658082 0.79607843 0.45882353 0.78039216
v 0.00049524 -0.01467408 0.00662352 0.79607843 0.45882353 0.78039216
v 0.00049524 -0.01472132 0.00666187 0.79607843 0.45882353 0.78039216
v 0.00049524 -0.01490530 0.00685219 0.79607843 0.45882353 0.78039216
v 0.00049524 -0.01524344 0.01113258 0.79607843 0.45882353 0.78039216
v -0.00000071 0.00995018 0.01193800 0.79607843 0.45882353 0.78039216
v 0.00049524 0.00994769 0.01194089 0.79607843 0.45882353 0.78039216
v -0.04869563 0.00980349 0.01214858 0.79607843 0.45882353 0.78039216
v -0.03695646 0.00993277 0.01196477 0.79607843 0.45882353 0.78039216
v 0.00049524 -0.01391327 0.00629787 0.79607843 0.45882353 0.78039216
v -0.01047833 -0.01472629 0.00530792 0.79607843 0.45882353 0.78039216
v 0.00049524 -0.01524095 0.01117961 0.79607843 0.45882353 0.78039216
v 0.00049524 -0.01523101 0.01130697 0.79607843 0.45882353 0.78039216
v -0.01254399 -0.01521112 0.01147269 0.79607843 0.45882353 0.78039216
v -0.03762576 -0.01521112 0.01147269 0.79607843 0.45882353 0.78039216
v -0.04869563 -0.01515642 0.01167821 0.79607843 0.45882353 0.78039216
v 0.00049524 -0.01521858 0.01143868 0.79607843 0.45882353 0.78039216
v 0.00049524 -0.01518626 0.01156749 0.79607843 0.45882353 0.78039216
v -0.01108021 -0.01514150 0.00530792 0.79607843 0.45882353 0.78039216
v 0.00049524 -0.01404007 0.00631958 0.79607843 0.45882353 0.78039216
v 0.00049524 -0.01415942 0.00635070 0.79607843 0.45882353 0.78039216
v 0.00049524 -0.01428870 0.00639557 0.79607843 0.45882353 0.78039216
v -0.00000071 0.00987559 0.01204654 0.79607843 0.45882353 0.78039216
v -0.01232250 0.00993277 0.01196477 0.79607843 0.45882353 0.78039216
v 0.00049524 0.00987559 0.01204510 0.79607843 0.45882353 0.78039216
v -0.04869563 0.00979603 0.01215871 0.79607843 0.45882353 0.78039216
v -0.03695646 0.00981840 0.01212832 0.79607843 0.45882353 0.78039216
v -0.01087798 -0.01504951 0.00530792 0.79607843 0.45882353 0.78039216
v -0.01066611 -0.01490530 0.00530792 0.79607843 0.45882353 0.78039216
v -0.01064204 -0.01488293 0.00530792 0.79607843 0.45882353 0.78039216
v -0.04869563 -0.01515145 0.01169340 0.79607843 0.45882353 0.78039216
v -0.03762576 -0.01515145 0.01169702 0.79607843 0.45882353 0.78039216
v 0.00049524 -0.01515145 0.01169557 0.79607843 0.45882353 0.78039216
v -0.00000071 -0.01515145 0.01169702 0.79607843 0.45882353 0.78039216
v -0.00000071 0.00979851 0.01215509 0.79607843 0.45882353 0.78039216
v 0.00049524 0.00979603 0.01215799 0.79607843 0.45882353 0.78039216
v -0.01232250 0.00981840 0.01212832 0.79607843 0.45882353 0.78039216
v -0.04869563 0.00961701 0.01233745 0.79607843 0.45882353 0.78039216
v -0.03695646 0.00961204 0.01234324 0.79607843 0.45882353 0.78039216
v -0.03695646 0.00977614 0.01217897 0.79607843 0.45882353 0.78039216
v -0.01232250 0.00977614 0.01217897 0.79607843 0.45882353 0.78039216
v -0.04869563 -0.01514896 0.01170064 0.79607843 0.45882353 0.78039216
v -0.01254399 -0.01510918 0.01178748 0.79607843 0.45882353 0.78039216
v -0.02508247 -0.01506691 0.01187721 0.79607843 0.45882353 0.78039216
v -0.04869563 -0.01503956 0.01193438 0.79607843 0.45882353 0.78039216
v 0.00049524 -0.01509675 0.01181353 0.79607843 0.45882353 0.78039216
v 0.00049524 0.00970652 0.01224844 0.79607843 0.45882353 0.78039216
v -0.04869563 0.00960707 0.01234541 0.79607843 0.45882353 0.78039216
v -0.04869563 0.00940071 0.01249087 0.79607843 0.45882353 0.78039216
v -0.00000071 0.00961204 0.01234324 0.79607843 0.45882353 0.78039216
v 0.00049524 -0.01503956 0.01193438 0.79607843 0.45882353 0.78039216
v -0.04869563 -0.01503211 0.01194740 0.79607843 0.45882353 0.78039216
v 0.00049524 0.00960707 0.01234541 0.79607843 0.45882353 0.78039216
v -0.04869563 0.00939325 0.01249521 0.79607843 0.45882353 0.78039216
v -0.00000071 0.00939325 0.01249521 0.79607843 0.45882353 0.78039216
v 0.00049524 0.00939325 0.01249448 0.79607843 0.45882353 0.78039216
v 0.00049524 -0.01496249 0.01204510 0.79607843 0.45882353 0.78039216
v -0.00000071 -0.01496249 0.01204654 0.79607843 0.45882353 0.78039216
v -0.01254399 -0.01501967 0.01196477 0.79607843 0.45882353 0.78039216
v -0.01254399 -0.01490530 0.01212832 0.79607843 0.45882353 0.78039216
v -0.04869563 -0.01489784 0.01213917 0.79607843 0.45882353 0.78039216
v -0.04869563 0.00938579 0.01249883 0.79607843 0.45882353 0.78039216
v -0.00000071 0.00927391 0.01255165 0.79607843 0.45882353 0.78039216
v 0.00049524 0.00927142 0.01255237 0.79607843 0.45882353 0.78039216
v -0.01232250 0.00936341 0.01250968 0.79607843 0.45882353 0.78039216
v 0.00049524 -0.01488541 0.01215437 0.79607843 0.45882353 0.78039216
v -0.00000071 -0.01488541 0.01215509 0.79607843 0.45882353 0.78039216
v -0.04869563 -0.01488790 0.01215220 0.79607843 0.45882353 0.78039216
v -0.04869563 0.00915705 0.01260593 0.79607843 0.45882353 0.78039216
v -0.03695646 0.00936341 0.01250968 0.79607843 0.45882353 0.78039216
v 0.00049524 0.00915705 0.01260593 0.79607843 0.45882353 0.78039216
v -0.01232250 0.00930374 0.01253790 0.79607843 0.45882353 0.78039216
v 0.00049524 -0.01479342 0.01224844 0.79607843 0.45882353 0.78039216
v -0.01254399 -0.01486304 0.01217897 0.79607843 0.45882353 0.78039216
v -0.04869563 -0.01487795 0.01216378 0.79607843 0.45882353 0.78039216
v -0.04869563 0.00914710 0.01260882 0.79607843 0.45882353 0.78039216
v 0.00049524 0.00914959 0.01260882 0.79607843 0.45882353 0.78039216
v 0.00049524 -0.01469894 0.01234179 0.79607843 0.45882353 0.78039216
v -0.00000071 -0.01469894 0.01234324 0.79607843 0.45882353 0.78039216
v -0.03762576 -0.01486304 0.01217897 0.79607843 0.45882353 0.78039216
v -0.03762576 -0.01469894 0.01234324 0.79607843 0.45882353 0.78039216
v -0.04869563 -0.01470143 0.01234035 0.79607843 0.45882353 0.78039216
v -0.04869563 0.00890345 0.01267467 0.79607843 0.45882353 0.78039216
v -0.03695646 0.00892831 0.01266816 0.79607843 0.45882353 0.78039216
v -0.00000071 0.00902528 0.01264211 0.79607843 0.45882353 0.78039216
v 0.00049524 0.00889102 0.01267684 0.79607843 0.45882353 0.78039216
v -0.01232250 0.00892831 0.01266816 0.79607843 0.45882353 0.78039216
v 0.00049524 -0.01458954 0.01241850 0.79607843 0.45882353 0.78039216
v -0.00000071 -0.01448015 0.01249521 0.79607843 0.45882353 0.78039216
v -0.02508247 -0.01453485 0.01245758 0.79607843 0.45882353 0.78039216
v -0.03762576 -0.01461689 0.01240041 0.79607843 0.45882353 0.78039216
v -0.04869563 -0.01447766 0.01249738 0.79607843 0.45882353 0.78039216
v -0.04869563 -0.01468900 0.01234975 0.79607843 0.45882353 0.78039216
v -0.04869563 0.00889102 0.01267684 0.79607843 0.45882353 0.78039216
v -0.03695646 0.00889599 0.01267612 0.79607843 0.45882353 0.78039216
v -0.00000071 0.00889599 0.01267612 0.79607843 0.45882353 0.78039216
v 0.00049524 0.00875924 0.01268842 0.79607843 0.45882353 0.78039216
v -0.01232250 0.00886367 0.01267974 0.79607843 0.45882353 0.78039216
v -0.00000071 0.00863244 0.01270000 0.79607843 0.45882353 0.78039216
v 0.00049524 -0.01448015 0.01249448 0.79607843 0.45882353 0.78039216
v 0.00049524 -0.01436329 0.01255020 0.79607843 0.45882353 0.78039216
v -0.00000071 -0.01436081 0.01255165 0.79607843 0.45882353 0.78039216
v -0.01254399 -0.01445031 0.01250968 0.79607843 0.45882353 0.78039216
v -0.01254399 -0.01439064 0.01253790 0.79607843 0.45882353 0.78039216
v -0.04869563 -0.01424395 0.01260593 0.79607843 0.45882353 0.78039216
v -0.04869563 0.00863990 0.01269928 0.79607843 0.45882353 0.78039216
v 0.00049524 0.00863244 0.01269928 0.79607843 0.45882353 0.78039216
v -0.00044851 -0.00254345 0.01270000 0.79607843 0.45882353 0.78039216
v 0.00049524 0.00851807 0.01270000 0.79607843 0.45882353 0.78039216
v 0.00049524 -0.01424395 0.01260593 0.79607843 0.45882353 0.78039216
v -0.04869563 -0.01423649 0.01260882 0.79607843 0.45882353 0.78039216
v -0.04869563 -0.01372183 0.01269928 0.79607843 0.45882353 0.78039216
v -0.00000071 -0.01371934 0.01270000 0.79607843 0.45882353 0.78039216
v 0.00049524 -0.01360746 0.01270000 0.79607843 0.45882353 0.78039216
v 0.00049524 -0.01423649 0.01260882 0.79607843 0.45882353 0.78039216
v -0.04869563 -0.01422903 0.01261099 0.79607843 0.45882353 0.78039216
v -0.04869563 -0.01397046 0.01267757 0.79607843 0.45882353 0.78039216
v -0.01254399 -0.01395057 0.01267974 0.79607843 0.45882353 0.78039216
v 0.00049524 -0.01398289 0.01267612 0.79607843 0.45882353 0.78039216
v 0.00049524 -0.01371934 0.01269928 0.79607843 0.45882353 0.78039216
v 0.00049524 -0.01411218 0.01264211 0.79607843 0.45882353 0.78039216
v -0.01254399 -0.01401521 0.01266816 0.79607843 0.45882353 0.78039216
v -0.03762576 -0.01401521 0.01266816 0.79607843 0.45882353 0.78039216
v -0.04869563 -0.01398786 0.01267540 0.79607843 0.45882353 0.78039216
v -0.04869563 -0.01397792 0.01267684 0.79607843 0.45882353 0.78039216
f 1641 1642 1646
f 1641 1646 1658
f 1641 1658 1682
f 1641 1682 1663
f 1641 1663 1649
f 1641 1649 1643
f 1641 1643 1644
f 1641 1644 1648
f 1641 1648 1661
f 1641 1661 1660
f 1641 1660 1684
f 1641 1684 1712
f 1641 1712 1726
f 1641 1726 1745
f 1641 1745 1763
f 1641 1763 1774
f 1641 1774 1785
f 1641 1785 1791
f 1641 1791 1794
f 1641 1794 1802
f 1641 1802 1809
f 1641 1809 1815
f 1641 1815 1824
f 1641 1824 1835
f 1641 1835 1845
f 1641 1845 1847
f 1641 1847 1852
f 1641 1852 1858
f 1641 1858 1857
f 1641 1857 1859
f 1641 1859 1853
f 1641 1853 1848
f 1641 1848 1839
f 1641 1839 1838
f 1641 1838 1826
f 1641 1826 1816
f 1641 1816 1811
f 1641 1811 1804
f 1641 1804 1795
f 1641 1795 1789
f 1641 1789 1784
f 1641 1784 1771
f 1641 1771 1756
f 1641 1756 1755
f 1641 1755 1751
f 1641 1751 1750
f 1641 1750 1743
f 1641 1743 1725
f 1641 1725 1724
f 1641 1724 1723
f 1641 1723 1722
f 1641 1722 1742
f 1641 1742 1741
f 1641 1741 1740
f 1641 1740 1739
f 1641 1739 1738
f 1641 1738 1737
f 1641 1737 1736
f 1641 1736 1760
f 1641 1760 1759
f 1641 1759 1758
f 1641 1758 1748
f 1641 1748 1730
f 1641 1730 1717
f 1641 1717 1715
f 1641 1715 1688
f 1641 1688 1680
f 1641 1680 1679
f 1641 1679 1678
f 1641 1678 1677
f 1641 1677 1676
f 1641 1676 1675
f 1641 1675 1674
f 1641 1674 1673
f 1641 1673 1672
f 1641 1672 1671
f 1641 1671 1670
f 1641 1670 1669
f 1641 1669 1668
f 1641 1668 1667
f 1641 1667 1666
f 1641 1666 1664
f 1641 1664 1656
f 1641 1656 1655
f 1641 1655 1654
f 1641 1654 1653
f 1641 1653 1652
f 1641 1652 1651
f 1641 1651 1645
f 1641 1645 1642
f 1642 1645 1646
f 1643 1647 1648
f 1643 1648 1644
f 1643 1649 1650
f 1643 1650 1647
f 1645 1651 1646
f 1646 1651 1652
f 1646 1652 1653
f 1646 1653 1654
f 1646 1654 1655
f 1646 1655 1656
f 1646 1656 1657
f 1646 1657 1665
f 1646 1665 1687
f 1646 1687 1708
f 1646 1708 1707
f 1646 1707 1706
f 1646 1706 1705
f 1646 1705 1704
f 1646 1704 1703
f 1646 1703 1702
f 1646 1702 1701
f 1646 1701 1700
f 1646 1700 1699
f 1646 1699 1698
f 1646 1698 1697
f 1646 1697 1696
f 1646 1696 1695
f 1646 1695 1694
f 1646 1694 1693
f 1646 1693 1692
f 1646 1692 1691
f 1646 1691 1690
f 1646 1690 1689
f 1646 1689 1716
f 1646 1716 1729
f 1646 1729 1731
f 1646 1731 1749
f 1646 1749 1768
f 1646 1768 1767
f 1646 1767 1766
f 1646 1766 1757
f 1646 1757 1735
f 1646 1735 1721
f 1646 1721 1710
f 1646 1710 1681
f 1646 1681 1658
f 1647 1659 1660
f 1647 1660 1661
f 1647 1661 1648
f 1647 1650 1662
f 1647 1662 1659
f 1649 1663 1650
f 1650 1663 1662
f 1656 1664 1657
f 1657 1664 1666
f 1657 1666 1667
f 1657 1667 1668
f 1657 1668 1669
f 1657 1669 1670
f 1657 1670 1671
f 1657 1671 1672
f 1657 1672 1673
f 1657 1673 1674
f 1657 1674 1675
f 1657 1675 1676
f 1657 1676 1677
f 1657 1677 1678
f 1657 1678 1679
f 1657 1679 1680
f 1657 1680 1665
f 1658 1681 1709
f 1658 1709 1720
f 1658 1720 1733
f 1658 1733 1754
f 1658 1754 1769
f 1658 1769 1780
f 1658 1780 1783
f 1658 1783 1790
f 1658 1790 1799
f 1658 1799 1806
f 1658 1806 1813
f 1658 1813 1820
f 1658 1820 1831
f 1658 1831 1830
f 1658 1830 1843
f 1658 1843 1849
f 1658 1849 1854
f 1658 1854 1862
f 1658 1862 1863
f 1658 1863 1855
f 1658 1855 1850
f 1658 1850 1844
f 1658 1844 1832
f 1658 1832 1821
f 1658 1821 1814
f 1658 1814 1807
f 1658 1807 1800
f 1658 1800 1792
f 1658 1792 1787
f 1658 1787 1786
f 1658 1786 1776
f 1658 1776 1764
f 1658 1764 1746
f 1658 1746 1727
f 1658 1727 1713
f 1658 1713 1685
f 1658 1685 1662
f 1658 1662 1686
f 1658 1686 1682
f 1659 1662 1660
f 1660 1683 1684
f 1660 1662 1685
f 1660 1685 1683
f 1662 1663 1686
f 1663 1682 1686
f 1665 1680 1687
f 1680 1688 1689
f 1680 1689 1690
f 1680 1690 1691
f 1680 1691 1692
f 1680 1692 1693
f 1680 1693 1694
f 1680 1694 1695
f 1680 1695 1696
f 1680 1696 1697
f 1680 1697 1698
f 1680 1698 1699
f 1680 1699 1700
f 1680 1700 1701
f 1680 1701 1702
f 1680 1702 1703
f 1680 1703 1704
f 1680 1704 1705
f 1680 1705 1706
f 1680 1706 1707
f 1680 1707 1708
f 1680 1708 1687
f 1681 1710 1725
f 1681 1725 1743
f 1681 1743 1732
f 1681 1732 1718
f 1681 1718 1709
f 1683 1711 1712
f 1683 1712 1684
f 1683 1685 1711
f 1685 1713 1714
f 1685 1714 1711
f 1688 1715 1689
f 1689 1715 1717
f 1689 1717 1716
f 1709 1718 1719
f 1709 1719 1720
f 1710 1721 1722
f 1710 1722 1723
f 1710 1723 1724
f 1710 1724 1725
f 1711 1714 1712
f 1712 1714 1726
f 1713 1727 1728
f 1713 1728 1744
f 1713 1744 1726
f 1713 1726 1714
f 1716 1717 1729
f 1717 1730 1731
f 1717 1731 1729
f 1718 1732 1719
f 1719 1733 1720
f 1719 1732 1734
f 1719 1734 1733
f 1721 1735 1736
f 1721 1736 1737
f 1721 1737 1738
f 1721 1738 1739
f 1721 1739 1740
f 1721 1740 1741
f 1721 1741 1742
f 1721 1742 1722
f 1726 1744 1761
f 1726 1761 1745
f 1727 1746 1747
f 1727 1747 1728
f 1728 1747 1762
f 1728 1762 1744
f 1730 1748 1731
f 1731 1748 1749
f 1732 1743 1750
f 1732 1750 1751
f 1732 1751 1734
f 1733 1752 1753
f 1733 1753 1754
f 1733 1734 1752
f 1734 1751 1755
f 1734 1755 1756
f 1734 1756 1752
f 1735 1757 1758
f 1735 1758 1759
f 1735 1759 1760
f 1735 1760 1736
f 1744 1762 1761
f 1745 1761 1763
f 1746 1764 1775
f 1746 1775 1765
f 1746 1765 1747
f 1747 1765 1775
f 1747 1775 1761
f 1747 1761 1762
f 1748 1758 1766
f 1748 1766 1767
f 1748 1767 1768
f 1748 1768 1749
f 1752 1756 1753
f 1753 1756 1754
f 1754 1756 1770
f 1754 1770 1769
f 1756 1771 1772
f 1756 1772 1770
f 1757 1766 1758
f 1761 1773 1774
f 1761 1774 1763
f 1761 1775 1773
f 1764 1776 1777
f 1764 1777 1778
f 1764 1778 1779
f 1764 1779 1774
f 1764 1774 1773
f 1764 1773 1775
f 1769 1770 1780
f 1770 1781 1782
f 1770 1782 1783
f 1770 1783 1780
f 1770 1772 1781
f 1771 1784 1772
f 1772 1784 1781
f 1774 1779 1785
f 1776 1786 1777
f 1777 1786 1787
f 1777 1787 1788
f 1777 1788 1779
f 1777 1779 1778
f 1779 1788 1785
f 1781 1784 1782
f 1782 1784 1789
f 1782 1789 1783
f 1783 1789 1790
f 1785 1788 1791
f 1787 1792 1793
f 1787 1793 1788
f 1788 1793 1794
f 1788 1794 1791
f 1789 1795 1796
f 1789 1796 1797
f 1789 1797 1790
f 1790 1797 1796
f 1790 1796 1798
f 1790 1798 1799
f 1792 1800 1808
f 1792 1808 1803
f 1792 1803 1793
f 1793 1801 1802
f 1793 1802 1794
f 1793 1803 1810
f 1793 1810 1801
f 1795 1804 1796
f 1796 1804 1805
f 1796 1805 1798
f 1798 1805 1799
f 1799 1805 1806
f 1800 1807 1808
f 1801 1809 1802
f 1801 1810 1809
f 1803 1808 1810
f 1804 1811 1805
f 1805 1811 1812
f 1805 1812 1813
f 1805 1813 1806
f 1807 1810 1808
f 1807 1814 1815
f 1807 1815 1809
f 1807 1809 1810
f 1811 1816 1817
f 1811 1817 1812
f 1812 1818 1813
f 1812 1817 1819
f 1812 1819 1818
f 1813 1818 1819
f 1813 1819 1820
f 1814 1821 1822
f 1814 1822 1815
f 1815 1823 1834
f 1815 1834 1824
f 1815 1822 1825
f 1815 1825 1823
f 1816 1826 1817
f 1817 1826 1838
f 1817 1838 1827
f 1817 1827 1828
f 1817 1828 1829
f 1817 1829 1819
f 1819 1829 1830
f 1819 1830 1831
f 1819 1831 1820
f 1821 1825 1822
f 1821 1832 1833
f 1821 1833 1834
f 1821 1834 1825
f 1823 1825 1834
f 1824 1834 1833
f 1824 1833 1832
f 1824 1832 1836
f 1824 1836 1837
f 1824 1837 1835
f 1827 1838 1839
f 1827 1839 1840
f 1827 1840 1842
f 1827 1842 1841
f 1827 1841 1830
f 1827 1830 1828
f 1828 1830 1829
f 1830 1841 1842
f 1830 1842 1843
f 1832 1844 1836
f 1835 1837 1845
f 1836 1844 1837
f 1837 1846 1851
f 1837 1851 1852
f 1837 1852 1847
f 1837 1847 1845
f 1837 1844 1846
f 1839 1848 1840
f 1840 1848 1842
f 1842 1848 1843
f 1843 1848 1853
f 1843 1853 1849
f 1844 1850 1846
f 1846 1850 1851
f 1849 1853 1854
f 1850 1855 1856
f 1850 1856 1851
f 1851 1857 1858
f 1851 1858 1852
f 1851 1856 1857
f 1853 1859 1860
f 1853 1860 1854
f 1854 1860 1861
f 1854 1861 1862
f 1855 1863 1856
f 1856 1863 1857
f 1857 1863 1862
f 1857 1862 1860
f 1857 1860 1859
f 1860 1862 1861