# https://github.com/mikedh/trimesh
v -0.05037520 -0.01502302 -0.01193802
v -0.05052950 -0.01482976 -0.01215564
v -0.05035136 -0.01487252 -0.01215564
v -0.05076792 -0.01489542 -0.01193802
v -0.05094450 -0.01478720 -0.01193802
v -0.05057658 -0.01497468 -0.01193802
v -0.05016874 -0.01503926 -0.01193802
v -0.05016874 -0.01488690 -0.01215564
v -0.05047144 -0.01465110 -0.01234348
v -0.05032198 -0.01468700 -0.01234348
v -0.05061346 -0.01459228 -0.01234348
v -0.05074454 -0.01451198 -0.01234348
v -0.05086142 -0.01441214 -0.01234348
v -0.05028794 -0.01447206 -0.01249584
v -0.05040420 -0.01444416 -0.01249584
v -0.05051468 -0.01439840 -0.01249584
v -0.05061662 -0.01433592 -0.01249584
v -0.05016874 -0.01469906 -0.01234348
v -0.05016874 -0.01448144 -0.01249584
v -0.05085494 -0.01466394 -0.01215564
v -0.05099424 -0.01454496 -0.01215564
v -0.05069874 -0.01475966 -0.01215564
v -0.05110198 -0.01465270 -0.01193802
v -0.05120000 -0.01455531 -0.01193706
v -0.05120000 -0.01455468 -0.01193802
v -0.05120000 -0.01433920 -0.01215564
v -0.05039276 -0.01513392 -0.01169726
v -0.05061128 -0.01508144 -0.01169726
v -0.05081888 -0.01499546 -0.01169726
v -0.05101050 -0.01487804 -0.01169726
v -0.05016874 -0.01515154 -0.01169726
v -0.05085010 -0.01505672 -0.01144066
v -0.05063252 -0.01514684 -0.01144066
v -0.05040352 -0.01520182 -0.01144066
v -0.05086062 -0.01507734 -0.01117602
v -0.05063968 -0.01516886 -0.01117602
v -0.05040714 -0.01522468 -0.01117602
v -0.05105090 -0.01493366 -0.01144066
v -0.05120000 -0.01479400 -0.01147573
v -0.05120000 -0.01480632 -0.01144066
v -0.05106452 -0.01495240 -0.01117602
v -0.05120000 -0.01483669 -0.01117602
v -0.05016874 -0.01522030 -0.01144066
v -0.05016874 -0.01524344 -0.01117602
v -0.05118136 -0.01473208 -0.01169726
v -0.05120000 -0.01471344 -0.01169726
v -0.05120000 -0.01475071 -0.01159893
v -0.05025026 -0.01423428 -0.01260812
v -0.05032980 -0.01421518 -0.01260812
v -0.05040536 -0.01418388 -0.01260812
v -0.05047510 -0.01414114 -0.01260812
v -0.05053730 -0.01408802 -0.01260812
v -0.05070754 -0.01425826 -0.01249584
v -0.05120000 -0.01408439 -0.01233582
v -0.05120000 -0.01407356 -0.01234348
v -0.05120000 -0.01407721 -0.01234090
v -0.05120000 -0.01406928 -0.01234560
v -0.05025050 -0.01397114 -0.01267688
v -0.05021014 -0.01398082 -0.01267688
v -0.05028888 -0.01395524 -0.01267688
v -0.05035586 -0.01390658 -0.01267688
v -0.05032428 -0.01393354 -0.01267688
v -0.05016874 -0.01424068 -0.01260812
v -0.05016874 -0.01398410 -0.01267688
v -0.05120000 -0.01376580 -0.01249584
v -0.05120000 -0.01343446 -0.01260511
v -0.05120000 -0.01341543 -0.01260999
v -0.05120000 -0.01342532 -0.01260812
v -0.05016874 -0.01371944 -0.01270002
v -0.05120000 -0.01307485 -0.01267453
v -0.05120000 -0.01306244 -0.01267688
v -0.05120000 -0.01273437 -0.01269716
v -0.05120000 -0.01270381 -0.01269905
v -0.05120000 -0.01268818 -0.01270002
v -0.03762656 -0.01502022 -0.01196522
v -0.03762656 -0.01503926 -0.01193802
v -0.03762656 -0.01505330 -0.01190792
v -0.03762656 -0.01488690 -0.01215562
v -0.03762656 -0.01490594 -0.01212842
v -0.03762656 -0.01481646 -0.01222606
v -0.03762656 -0.01486342 -0.01217910
v -0.03762656 -0.01498214 -0.01201962
v -0.03762656 -0.01472254 -0.01232000
v -0.03762656 -0.01467186 -0.01236252
v -0.03762656 -0.01469906 -0.01234348
v -0.03762656 -0.01461746 -0.01240062
v -0.03762656 -0.01445136 -0.01250988
v -0.03762654 -0.01433098 -0.01256602
v -0.03762656 -0.01450864 -0.01247680
v -0.03762656 -0.01448144 -0.01249584
v -0.03762656 -0.01513750 -0.01172736
v -0.03762656 -0.01508136 -0.01184774
v -0.03762656 -0.01516012 -0.01166518
v -0.03762656 -0.01515154 -0.01169726
v -0.03762656 -0.01519450 -0.01153688
v -0.03762656 -0.01521170 -0.01147274
v -0.03762656 -0.01522030 -0.01144066
v -0.03762656 -0.01522318 -0.01140758
v -0.03762656 -0.01522898 -0.01134142
v -0.03762656 -0.01524056 -0.01120910
v -0.03762656 -0.01524344 -0.01117602
v -0.03762654 -0.01424068 -0.01260812
v -0.03762654 -0.01420862 -0.01261670
v -0.03762654 -0.01427078 -0.01259408
v -0.03762654 -0.01414446 -0.01263390
v -0.03762654 -0.01401616 -0.01266828
v -0.03762654 -0.01398410 -0.01267686
v -0.03762654 -0.01395102 -0.01267976
v -0.03762654 -0.01388484 -0.01268554
v -0.03762654 -0.01375252 -0.01269712
v -0.03762654 -0.01371944 -0.01270002
v -0.04244528 -0.01524344 -0.01075514
v -0.04053128 -0.01524344 -0.01033424
v -0.03751496 -0.01092544 -0.01270002
v -0.03472182 -0.01524344 -0.01033424
v -0.02508436 -0.01503926 -0.01193802
v -0.02508436 -0.01488690 -0.01215562
v -0.02508436 -0.01483994 -0.01220258
v -0.02508436 -0.01492500 -0.01210122
v -0.02508436 -0.01500118 -0.01199242
v -0.02508436 -0.01469906 -0.01234346
v -0.02508436 -0.01453584 -0.01245774
v -0.02508436 -0.01464466 -0.01238156
v -0.02508436 -0.01442126 -0.01252390
v -0.02508436 -0.01430088 -0.01258004
v -0.02508436 -0.01448144 -0.01249584
v -0.02508436 -0.01474602 -0.01229650
v -0.02508436 -0.01506734 -0.01187782
v -0.02508436 -0.01512346 -0.01175744
v -0.02508436 -0.01515154 -0.01169726
v -0.02508436 -0.01516872 -0.01163310
v -0.02508436 -0.01520310 -0.01150480
v -0.02508436 -0.01522030 -0.01144066
v -0.02508436 -0.01522608 -0.01137450
v -0.02508436 -0.01523766 -0.01124218
v -0.02508436 -0.01524344 -0.01117602
v -0.02508436 -0.01424068 -0.01260810
v -0.02508436 -0.01417654 -0.01262530
v -0.02508436 -0.01404824 -0.01265968
v -0.02508436 -0.01398410 -0.01267686
v -0.02508436 -0.01391794 -0.01268266
v -0.02508436 -0.01378560 -0.01269422
v -0.02508436 -0.01371944 -0.01270002
v -0.02699836 -0.01524344 -0.00991336
v -0.03089382 -0.01524344 -0.00949248
v -0.02125636 -0.01524344 -0.00865070
v -0.02486118 -0.00813144 -0.01270002
v -0.04053128 -0.01524344 -0.00474624
v -0.05096256 -0.01501486 -0.00000002
v -0.05086062 -0.01507734 -0.00000002
v -0.05075014 -0.01512310 -0.00000002
v -0.05052342 -0.01519678 -0.00000002
v -0.05063968 -0.01516886 -0.00000002
v -0.05040714 -0.01522468 -0.00000002
v -0.05028794 -0.01523406 -0.00000002
v -0.05106452 -0.01495240 -0.00000002
v -0.05115544 -0.01487474 -0.00000002
v -0.05120000 -0.01483669 -0.00000002
v -0.05016874 -0.01524344 -0.00000002
v -0.02125636 -0.01524344 -0.00306270
v -0.04361866 -0.00673444 -0.01270002
v -0.05024360 -0.00245154 -0.01270002
v -0.04998700 -0.00252030 -0.01270002
v -0.04972236 -0.00254344 -0.01270002
v -0.05048436 -0.00233928 -0.01270002
v -0.05070198 -0.00218690 -0.01270002
v -0.05088982 -0.00199906 -0.01270002
v -0.01254218 -0.01502022 -0.01196522
v -0.01254218 -0.01503926 -0.01193802
v -0.01254218 -0.01505330 -0.01190792
v -0.01254218 -0.01488690 -0.01215562
v -0.01254218 -0.01490594 -0.01212842
v -0.01254218 -0.01476950 -0.01227302
v -0.01254218 -0.01481646 -0.01222606
v -0.01254218 -0.01486342 -0.01217910
v -0.01254218 -0.01498214 -0.01201962
v -0.01254218 -0.01494404 -0.01207402
v -0.01254218 -0.01472254 -0.01231998
v -0.01254218 -0.01467186 -0.01236250
v -0.01254218 -0.01469906 -0.01234346
v -0.01254218 -0.01456306 -0.01243870
v -0.01254218 -0.01461746 -0.01240060
v -0.01254218 -0.01445136 -0.01250988
v -0.01254218 -0.01439116 -0.01253794
v -0.01254218 -0.01433098 -0.01256600
v -0.01254218 -0.01450864 -0.01247678
v -0.01254218 -0.01448144 -0.01249584
v -0.01254218 -0.01513750 -0.01172734
v -0.01254218 -0.01508136 -0.01184772
v -0.01254218 -0.01510944 -0.01178754
v -0.01254218 -0.01516012 -0.01166518
v -0.01254218 -0.01515154 -0.01169726
v -0.01254218 -0.01519450 -0.01153688
v -0.01254218 -0.01517732 -0.01160102
v -0.01254218 -0.01521170 -0.01147272
v -0.01254218 -0.01522030 -0.01144066
v -0.01254218 -0.01522318 -0.01140758
v -0.01254218 -0.01522898 -0.01134142
v -0.01254218 -0.01523476 -0.01127526
v -0.01254218 -0.01524056 -0.01120910
v -0.01254218 -0.01524344 -0.01117602
v -0.01254218 -0.01424068 -0.01260810
v -0.01254218 -0.01420862 -0.01261670
v -0.01254218 -0.01427078 -0.01259408
v -0.01254218 -0.01414446 -0.01263388
v -0.01254218 -0.01408032 -0.01265108
v -0.01254218 -0.01401616 -0.01266826
v -0.01254218 -0.01398410 -0.01267686
v -0.01254218 -0.01395102 -0.01267976
v -0.01254218 -0.01388484 -0.01268554
v -0.01254218 -0.01381868 -0.01269132
v -0.01254218 -0.01375252 -0.01269712
v -0.01254218 -0.01371944 -0.01270000
v -0.00963746 -0.01524344 -0.01033424
v -0.01927490 -0.01524344 -0.00949248
v -0.01155146 -0.01524344 -0.00907158
v -0.01161890 -0.01524344 -0.00780892
v -0.00382800 -0.01524344 -0.00865070
v -0.01136154 -0.01522156 -0.00755156
v -0.01111158 -0.01515652 -0.00730160
v -0.01087618 -0.01505020 -0.00706620
v -0.01066212 -0.01490568 -0.00685214
v -0.01047554 -0.01472706 -0.00666556
v -0.01039426 -0.01462654 -0.00658428
v -0.01032180 -0.01451950 -0.00651182
v -0.01025868 -0.01440672 -0.00644868
v -0.01020532 -0.01428898 -0.00639534
v -0.01016216 -0.01416714 -0.00635216
v -0.01243058 -0.01092544 -0.01270000
v -0.00000000 -0.01503926 -0.01193802
v -0.00000000 -0.01488690 -0.01215562
v -0.00000000 -0.01479298 -0.01224954
v -0.00000000 -0.01496308 -0.01204682
v -0.00000000 -0.01469906 -0.01234346
v -0.00000000 -0.01459026 -0.01241964
v -0.00000000 -0.01436106 -0.01255196
v -0.00000000 -0.01448144 -0.01249584
v -0.00000000 -0.01509540 -0.01181762
v -0.00000000 -0.01515154 -0.01169724
v -0.00000000 -0.01518592 -0.01156894
v -0.00000000 -0.01522030 -0.01144066
v -0.00000000 -0.01523186 -0.01130832
v -0.00000000 -0.01524344 -0.01117600
v -0.00000000 -0.01424068 -0.01260810
v -0.00000000 -0.01411238 -0.01264248
v -0.00000000 -0.01398410 -0.01267686
v -0.00000000 -0.01385176 -0.01268842
v -0.00000000 -0.01371944 -0.01270000
v 0.00389546 -0.01524344 -0.00822980
v -0.00000000 -0.01524344 -0.00780892
v -0.00012868 -0.01523250 -0.00768024
v -0.00000000 -0.01522156 -0.00755156
v -0.00012498 -0.01518904 -0.00742658
v -0.00000000 -0.01515652 -0.00730158
v -0.00011770 -0.01510336 -0.00718390
v -0.00000000 -0.01505020 -0.00706620
v -0.00010702 -0.01497794 -0.00695916
v -0.00000000 -0.01490568 -0.00685214
v -0.00009328 -0.01481638 -0.00675884
v -0.00000000 -0.01472706 -0.00666556
v 0.00004064 -0.01467680 -0.00662492
v -0.00000000 -0.01462654 -0.00658428
v 0.00003624 -0.01457302 -0.00654804
v -0.00000000 -0.01451950 -0.00651182
v -0.00003156 -0.01446312 -0.00648024
v -0.00000000 -0.01440672 -0.00644868
v 0.00002668 -0.01434784 -0.00642202
v -0.00000000 -0.01428898 -0.00639534
v 0.00002158 -0.01422806 -0.00637376
v -0.00000000 -0.01416714 -0.00635216
v 0.01136156 -0.01522156 -0.00755156
v 0.01161892 -0.01524344 -0.00780892
v 0.01111160 -0.01515652 -0.00730158
v 0.01047556 -0.01472706 -0.00666556
v 0.01039428 -0.01462654 -0.00658428
v 0.01032182 -0.01451950 -0.00651182
v 0.01025868 -0.01440672 -0.00644868
v 0.01087620 -0.01505020 -0.00706620
v 0.01066212 -0.01490568 -0.00685212
v 0.01020534 -0.01428898 -0.00639534
v 0.01016216 -0.01416714 -0.00635216
v -0.01012946 -0.01404210 -0.00631946
v -0.01010748 -0.01391472 -0.00629748
v -0.01009636 -0.01378592 -0.00628638
v -0.01161892 -0.01524344 -0.00000002
v 0.00001636 -0.01410462 -0.00633582
v -0.00000000 -0.01404210 -0.00631946
v 0.00001100 -0.01397840 -0.00630848
v -0.00000000 -0.01391472 -0.00629748
v 0.00000556 -0.01385032 -0.00629192
v -0.00000000 -0.01378592 -0.00628636
v 0.01012946 -0.01404210 -0.00631946
v 0.01010748 -0.01391472 -0.00629748
v 0.01009636 -0.01378592 -0.00628636
v 0.01149024 -0.01523250 -0.00012868
v 0.00480420 -0.00819792 -0.00604240
v -0.01220740 -0.00533744 -0.01270000
v 0.00044638 -0.00254344 -0.01270000
v -0.00960840 -0.00260992 -0.00579842
v -0.00048796 -0.00260992 -0.00579842
v 0.00960842 -0.00260992 -0.00579842
v 0.00960842 -0.00260992 -0.00048796
v -0.04535002 -0.01524344 0.00321486
v -0.03089382 -0.01524344 0.00168352
v -0.02125636 -0.01524344 0.00474622
v -0.04053128 -0.01524344 0.00642976
v -0.05086062 -0.01507734 0.01117598
v -0.05063968 -0.01516886 0.01117598
v -0.05040714 -0.01522468 0.01117598
v -0.05085010 -0.01505672 0.01144062
v -0.05063252 -0.01514684 0.01144062
v -0.05040352 -0.01520182 0.01144062
v -0.05106452 -0.01495240 0.01117598
v -0.05120000 -0.01483669 0.01117598
v -0.05105092 -0.01493366 0.01144062
v -0.05120000 -0.01481183 0.01139264
v -0.05120000 -0.01480632 0.01144062
v -0.05016874 -0.01524344 0.01117598
v -0.05016874 -0.01522030 0.01144062
v -0.05039276 -0.01513392 0.01169722
v -0.05061128 -0.01508144 0.01169722
v -0.05081890 -0.01499546 0.01169722
v -0.05101050 -0.01487804 0.01169722
v -0.05016874 -0.01515154 0.01169722
v -0.05120000 -0.01475070 0.01159895
v -0.05118138 -0.01473208 0.01169722
v -0.05120000 -0.01471310 0.01169777
v -0.05120000 -0.01471353 0.01169703
v -0.05120000 -0.01471346 0.01169722
v -0.05120000 -0.01471334 0.01169740
v -0.05037520 -0.01502302 0.01193798
v -0.05076792 -0.01489542 0.01193798
v -0.05094452 -0.01478720 0.01193798
v -0.05057658 -0.01497468 0.01193798
v -0.05052950 -0.01482976 0.01215558
v -0.05035136 -0.01487252 0.01215558
v -0.05016874 -0.01503926 0.01193798
v -0.05016874 -0.01488690 0.01215558
v -0.05110200 -0.01465270 0.01193798
v -0.05120000 -0.01455470 0.01193798
v -0.05120000 -0.01455384 0.01193885
v -0.05120000 -0.01455208 0.01194062
v -0.05085496 -0.01466394 0.01215558
v -0.05099426 -0.01454496 0.01215558
v -0.05069874 -0.01475966 0.01215558
v -0.05120000 -0.01434102 0.01215376
v -0.05120000 -0.01433922 0.01215558
v -0.05120000 -0.01433698 0.01215717
v -0.05047146 -0.01465110 0.01234342
v -0.05032198 -0.01468700 0.01234342
v -0.05061348 -0.01459228 0.01234342
v -0.05074454 -0.01451198 0.01234342
v -0.05086144 -0.01441214 0.01234342
v -0.05028794 -0.01447206 0.01249580
v -0.05040420 -0.01444416 0.01249580
v -0.05051468 -0.01439840 0.01249580
v -0.05061664 -0.01433592 0.01249580
v -0.05016874 -0.01469906 0.01234342
v -0.05016874 -0.01448144 0.01249580
v -0.05070756 -0.01425826 0.01249580
v -0.05120000 -0.01407358 0.01234342
v -0.05025028 -0.01423428 0.01260808
v -0.05032982 -0.01421518 0.01260808
v -0.05040538 -0.01418388 0.01260808
v -0.05047512 -0.01414114 0.01260808
v -0.05053732 -0.01408802 0.01260808
v -0.05025052 -0.01397114 0.01267682
v -0.05021014 -0.01398082 0.01267682
v -0.05028888 -0.01395524 0.01267682
v -0.05035586 -0.01390658 0.01267682
v -0.05032430 -0.01393354 0.01267682
v -0.05016874 -0.01424068 0.01260808
v -0.05016874 -0.01398410 0.01267682
v -0.05120000 -0.01376582 0.01249580
v -0.05120000 -0.01375893 0.01249807
v -0.05120000 -0.01343448 0.01260506
v -0.05120000 -0.01342534 0.01260808
v -0.05120000 -0.01341545 0.01260995
v -0.05120000 -0.01339523 0.01261378
v -0.05016874 -0.01371944 0.01269998
v -0.05120000 -0.01306244 0.01267682
v -0.05120000 -0.01304945 0.01267763
v -0.05120000 -0.01273437 0.01269712
v -0.05120000 -0.01270381 0.01269901
v -0.05120000 -0.01268818 0.01269998
v -0.04053128 -0.01524344 0.01033422
v -0.03762656 -0.01524344 0.01117598
v -0.03762656 -0.01524056 0.01120906
v -0.03762656 -0.01523476 0.01127522
v -0.03762656 -0.01522318 0.01140754
v -0.03762656 -0.01522030 0.01144062
v -0.03762656 -0.01521170 0.01147270
v -0.03762656 -0.01519450 0.01153684
v -0.03762656 -0.01516012 0.01166514
v -0.03762656 -0.01515154 0.01169722
v -0.03762656 -0.01513750 0.01172732
v -0.03762656 -0.01508136 0.01184770
v -0.03762656 -0.01505330 0.01190788
v -0.03762656 -0.01503926 0.01193798
v -0.03762656 -0.01502022 0.01196518
v -0.03762656 -0.01498214 0.01201958
v -0.03762656 -0.01490594 0.01212840
v -0.03762656 -0.01488690 0.01215560
v -0.03762656 -0.01486342 0.01217908
v -0.03762656 -0.01481646 0.01222604
v -0.03762656 -0.01472254 0.01231996
v -0.03762656 -0.01469906 0.01234344
v -0.03762656 -0.01467186 0.01236248
v -0.03762656 -0.01461746 0.01240058
v -0.03762656 -0.01450864 0.01247676
v -0.03762656 -0.01448144 0.01249580
v -0.03762656 -0.01445136 0.01250984
v -0.03762656 -0.01433098 0.01256598
v -0.03762656 -0.01427078 0.01259404
v -0.03762656 -0.01424068 0.01260808
v -0.03762656 -0.01420862 0.01261666
v -0.03762656 -0.01414446 0.01263386
v -0.03762656 -0.01401616 0.01266824
v -0.03762656 -0.01398410 0.01267684
v -0.03762656 -0.01395102 0.01267972
v -0.03762656 -0.01388484 0.01268552
v -0.03762656 -0.01375252 0.01269708
v -0.03762656 -0.01371944 0.01269998
v -0.03773816 -0.01092544 0.01269998
v -0.03089382 -0.01524344 0.00949244
v -0.02125638 -0.01524344 0.00865068
v -0.02508438 -0.01524344 0.01117598
v -0.02508438 -0.01523766 0.01124214
v -0.02508438 -0.01522608 0.01137446
v -0.02508438 -0.01522030 0.01144062
v -0.02508438 -0.01520310 0.01150478
v -0.02508438 -0.01516872 0.01163308
v -0.02508438 -0.01515154 0.01169722
v -0.02508438 -0.01512346 0.01175742
v -0.02508438 -0.01506734 0.01187780
v -0.02508438 -0.01503926 0.01193798
v -0.02508438 -0.01500118 0.01199240
v -0.02508438 -0.01492500 0.01210120
v -0.02508438 -0.01488690 0.01215560
v -0.02508438 -0.01483994 0.01220256
v -0.02508438 -0.01474602 0.01229648
v -0.02508438 -0.01469906 0.01234344
v -0.02508438 -0.01464466 0.01238152
v -0.02508438 -0.01453584 0.01245772
v -0.02508438 -0.01448144 0.01249580
v -0.02508438 -0.01442126 0.01252388
v -0.02508438 -0.01430088 0.01258002
v -0.02508438 -0.01424068 0.01260808
v -0.02508438 -0.01417654 0.01262526
v -0.02508438 -0.01404824 0.01265964
v -0.02508438 -0.01398410 0.01267684
v -0.02508438 -0.01391794 0.01268262
v -0.02508438 -0.01378560 0.01269420
v -0.02508438 -0.01371944 0.01269998
v -0.02530756 -0.00813144 0.01269998
v -0.04373026 -0.00673444 0.01269998
v -0.05024362 -0.00245154 0.01269998
v -0.04998702 -0.00252030 0.01269998
v -0.04972238 -0.00254344 0.01269998
v -0.05048438 -0.00233928 0.01269998
v -0.05070198 -0.00218690 0.01269998
v -0.01149022 -0.01523250 0.00012868
v -0.01012946 -0.01404210 0.00631944
v -0.01010748 -0.01391472 0.00629746
v -0.01009636 -0.01378592 0.00628636
v -0.00480420 -0.00819792 0.00604238
v 0.01161892 -0.01524344 0.00000000
v -0.00001636 -0.01410462 0.00633580
v -0.00000000 -0.01404210 0.00631946
v 0.00001098 -0.01397840 0.00630846
v -0.00000000 -0.01391472 0.00629746
v -0.00000556 -0.01385032 0.00629190
v -0.00000000 -0.01378592 0.00628636
v 0.01012946 -0.01404210 0.00631946
v 0.01010748 -0.01391472 0.00629746
v 0.01009636 -0.01378592 0.00628636
v -0.01161892 -0.01524344 0.00780890
v -0.01087620 -0.01505020 0.00706618
v -0.01066212 -0.01490568 0.00685212
v -0.01047554 -0.01472706 0.00666554
v -0.01039428 -0.01462654 0.00658426
v -0.01032180 -0.01451950 0.00651180
v -0.01025868 -0.01440672 0.00644866
v -0.01111158 -0.01515652 0.00730158
v -0.01136156 -0.01522156 0.00755154
v -0.01020534 -0.01428898 0.00639532
v -0.01016216 -0.01416714 0.00635214
v -0.00389546 -0.01524344 0.00822980
v -0.01254218 -0.01524344 0.01117600
v -0.01254218 -0.01524056 0.01120908
v -0.01254218 -0.01523476 0.01127522
v -0.01254218 -0.01522898 0.01134138
v -0.01254218 -0.01522318 0.01140754
v -0.01254218 -0.01522030 0.01144062
v -0.01254218 -0.01521170 0.01147270
v -0.01254218 -0.01519450 0.01153686
v -0.01254218 -0.01517732 0.01160100
v -0.01254218 -0.01516012 0.01166516
v -0.01254218 -0.01515154 0.01169722
v -0.01254218 -0.01513750 0.01172732
v -0.01254218 -0.01510944 0.01178752
v -0.01254218 -0.01508136 0.01184770
v -0.01254218 -0.01505330 0.01190790
v -0.01254218 -0.01503926 0.01193800
v -0.01254218 -0.01502022 0.01196520
v -0.01254218 -0.01498214 0.01201960
v -0.01254218 -0.01494404 0.01207400
v -0.01254218 -0.01490594 0.01212840
v -0.01254218 -0.01488690 0.01215560
v -0.01254218 -0.01486342 0.01217908
v -0.01254218 -0.01481646 0.01222604
v -0.01254218 -0.01476950 0.01227300
v -0.01254218 -0.01472254 0.01231996
v -0.01254218 -0.01469906 0.01234344
v -0.01254218 -0.01467186 0.01236248
v -0.01254218 -0.01461746 0.01240058
v -0.01254218 -0.01456306 0.01243868
v -0.01254218 -0.01450864 0.01247676
v -0.01254218 -0.01448144 0.01249580
v -0.01254218 -0.01445136 0.01250984
v -0.01254218 -0.01439116 0.01253792
v -0.01254218 -0.01433098 0.01256598
v -0.01254218 -0.01427078 0.01259404
v -0.01254218 -0.01424068 0.01260808
v -0.01254218 -0.01420862 0.01261668
v -0.01254218 -0.01414446 0.01263386
v -0.01254218 -0.01408032 0.01265106
v -0.01254218 -0.01401616 0.01266824
v -0.01254218 -0.01398410 0.01267684
v -0.01254218 -0.01395102 0.01267974
v -0.01254218 -0.01388484 0.01268552
v -0.01254218 -0.01381868 0.01269130
v -0.01254218 -0.01375252 0.01269710
v -0.01254218 -0.01371944 0.01269998
v -0.01265378 -0.01092544 0.01269998
v -0.00000000 -0.01505020 0.00706618
v -0.00000000 -0.01490568 0.00685212
v 0.00009328 -0.01481638 0.00675884
v 0.00010704 -0.01497794 0.00695916
v -0.00003622 -0.01457302 0.00654804
v -0.00004064 -0.01467680 0.00662490
v -0.00000000 -0.01472706 0.00666554
v -0.00000000 -0.01462654 0.00658426
v -0.00000000 -0.01451950 0.00651180
v -0.00003156 -0.01446312 0.00648024
v -0.00000000 -0.01440672 0.00644868
v -0.00002668 -0.01434784 0.00642200
v -0.00000000 -0.01515652 0.00730158
v 0.00011770 -0.01510336 0.00718388
v 0.00012498 -0.01518904 0.00742656
v -0.00000000 -0.01522156 0.00755154
v 0.00012868 -0.01523250 0.00768022
v -0.00000000 -0.01524344 0.00780890
v -0.00000000 -0.01428898 0.00639532
v 0.00002158 -0.01422806 0.00637374
v -0.00000000 -0.01416714 0.00635214
v 0.00382800 -0.01524344 0.00865068
v 0.01047554 -0.01472706 0.00666554
v 0.01039428 -0.01462654 0.00658428
v 0.01032182 -0.01451950 0.00651180
v 0.01025868 -0.01440672 0.00644868
v 0.01087618 -0.01505020 0.00706618
v 0.01066212 -0.01490568 0.00685212
v 0.01111158 -0.01515652 0.00730158
v 0.01136156 -0.01522156 0.00755154
v 0.01161892 -0.01524344 0.00780892
v 0.01020532 -0.01428898 0.00639532
v 0.01016216 -0.01416714 0.00635214
v 0.01155146 -0.01524344 0.00907156
v -0.00000000 -0.01524344 0.01117600
v -0.00000000 -0.01523186 0.01130832
v -0.00000000 -0.01522030 0.01144062
v -0.00000000 -0.01518592 0.01156892
v -0.00000000 -0.01515154 0.01169722
v -0.00000000 -0.01509540 0.01181762
v -0.00000000 -0.01503926 0.01193800
v -0.00000000 -0.01496308 0.01204680
v -0.00000000 -0.01488690 0.01215560
v -0.00000000 -0.01479298 0.01224952
v -0.00000000 -0.01469906 0.01234344
v -0.00000000 -0.01459026 0.01241962
v -0.00000000 -0.01448144 0.01249582
v -0.00000000 -0.01436106 0.01255196
v -0.00000000 -0.01424068 0.01260808
v -0.00000000 -0.01411238 0.01264246
v -0.00000000 -0.01398410 0.01267684
v -0.00000000 -0.01385176 0.01268842
v -0.00000000 -0.01371944 0.01270000
v 0.00963746 -0.01524344 0.01033422
v 0.01243058 -0.01092544 0.01270000
v -0.00960840 -0.00260992 0.00048794
v -0.00960840 -0.00260992 0.00579840
v 0.00048796 -0.00260992 0.00579840
v 0.00960840 -0.00260992 0.00579840
v -0.01287696 -0.00533744 0.01269998
v 0.01220740 -0.00533744 0.01270000
v -0.00044638 -0.00254344 0.01270000
v -0.03706858 0.00025054 -0.01270002
v -0.03684540 0.00583854 -0.01270002
v -0.02441482 0.00304454 -0.01270002
v -0.05080000 0.00904090 -0.01270002
v -0.05031846 0.00881636 -0.01270002
v -0.04980528 0.00867886 -0.01270002
v -0.04927600 0.00863254 -0.01270002
v -0.04975932 0.00893948 -0.01267688
v -0.04927600 0.00889720 -0.01267688
v -0.05022796 0.00906506 -0.01267688
v -0.05066768 0.00927008 -0.01267688
v -0.05120000 0.00932098 -0.01270002
v -0.05120000 0.00938762 -0.01269523
v -0.05053938 0.00949232 -0.01260812
v -0.04971476 0.00919218 -0.01260812
v -0.04927600 0.00915378 -0.01260812
v -0.05014020 0.00930618 -0.01260812
v -0.04927600 0.00939456 -0.01249584
v -0.04967296 0.00942928 -0.01249584
v -0.05106510 0.00954838 -0.01267688
v -0.05120000 0.00968327 -0.01267688
v -0.05090016 0.00974494 -0.01260812
v -0.05041900 0.00970082 -0.01249584
v -0.05074540 0.00992938 -0.01249584
v -0.05031020 0.00988928 -0.01234348
v -0.05005784 0.00953242 -0.01249584
v -0.04998342 0.00973690 -0.01234348
v -0.04927600 0.00961216 -0.01234348
v -0.04963516 0.00964358 -0.01234348
v -0.04991918 0.00991342 -0.01215564
v -0.04960254 0.00982858 -0.01215564
v -0.04927600 0.00980000 -0.01215564
v -0.04957610 0.00997862 -0.01193802
v -0.04927600 0.00995236 -0.01193802
v -0.05120000 0.01004476 -0.01260812
v -0.05120000 0.01006613 -0.01260104
v -0.05102718 0.01021114 -0.01249584
v -0.05060554 0.01009608 -0.01234348
v -0.05086048 0.01035102 -0.01234348
v -0.05120000 0.01045797 -0.01249584
v -0.05021626 0.01005194 -0.01215564
v -0.05071658 0.01047176 -0.01215564
v -0.05048478 0.01023996 -0.01215564
v -0.05038684 0.01035670 -0.01193802
v -0.04986706 0.01005660 -0.01193802
v -0.05014008 0.01018390 -0.01193802
v -0.05031468 0.01044270 -0.01169726
v -0.04982866 0.01016210 -0.01169726
v -0.04955658 0.01008920 -0.01169726
v -0.04927600 0.01006464 -0.01169726
v -0.05008394 0.01028114 -0.01169726
v -0.04980514 0.01022670 -0.01144066
v -0.04954464 0.01015690 -0.01144066
v -0.04927600 0.01013340 -0.01144066
v -0.04954062 0.01017970 -0.01117602
v -0.04927600 0.01015654 -0.01117602
v -0.05004958 0.01034068 -0.01144066
v -0.04979722 0.01024846 -0.01117602
v -0.05003798 0.01036072 -0.01117602
v -0.05120000 0.01051126 -0.01247436
v -0.05120000 0.01056973 -0.01245079
v -0.05106728 0.01064636 -0.01234348
v -0.05120000 0.01093096 -0.01234348
v -0.05059986 0.01056970 -0.01193802
v -0.05090460 0.01074028 -0.01215564
v -0.05077264 0.01081646 -0.01193802
v -0.05120000 0.01098028 -0.01232256
v -0.05104314 0.01103736 -0.01215564
v -0.05089996 0.01108948 -0.01193802
v -0.05120000 0.01134130 -0.01222877
v -0.05112798 0.01135400 -0.01215564
v -0.05097792 0.01138046 -0.01193802
v -0.05051386 0.01064186 -0.01169726
v -0.05067542 0.01087260 -0.01169726
v -0.05027048 0.01049536 -0.01144066
v -0.05046118 0.01068606 -0.01144066
v -0.05025560 0.01051310 -0.01117602
v -0.05044344 0.01070094 -0.01117602
v -0.05061588 0.01090698 -0.01144066
v -0.05059582 0.01091856 -0.01117602
v -0.05079446 0.01112788 -0.01169726
v -0.05086736 0.01139996 -0.01169726
v -0.05072984 0.01115138 -0.01144066
v -0.05070808 0.01115930 -0.01117602
v -0.05079964 0.01141188 -0.01144066
v -0.05077684 0.01141592 -0.01117602
v -0.03695700 0.00863254 -0.01270002
v -0.03695700 0.00866562 -0.01269712
v -0.03695700 0.00879796 -0.01268554
v -0.03695700 0.00886412 -0.01267976
v -0.03695700 0.00889720 -0.01267686
v -0.03695700 0.00892926 -0.01266828
v -0.03695700 0.00905756 -0.01263390
v -0.03695700 0.00912172 -0.01261670
v -0.03695700 0.00915378 -0.01260812
v -0.03695700 0.00918388 -0.01259408
v -0.03695700 0.00924408 -0.01256602
v -0.03695700 0.00936446 -0.01250988
v -0.03695700 0.00939456 -0.01249584
v -0.03695700 0.00942176 -0.01247680
v -0.03695700 0.00953056 -0.01240062
v -0.03695700 0.00958496 -0.01236252
v -0.03695700 0.00961216 -0.01234348
v -0.03695700 0.00963564 -0.01232000
v -0.03695700 0.00972956 -0.01222606
v -0.03695700 0.00977652 -0.01217910
v -0.03695700 0.00980000 -0.01215562
v -0.03695700 0.00981906 -0.01212842
v -0.03695700 0.00989524 -0.01201962
v -0.03695700 0.00993332 -0.01196522
v -0.03695700 0.00995236 -0.01193802
v -0.03695700 0.00996640 -0.01190792
v -0.03695700 0.00999448 -0.01184774
v -0.03695700 0.01005060 -0.01172736
v -0.03695700 0.01006464 -0.01169726
v -0.03695700 0.01007324 -0.01166518
v -0.03695700 0.01010762 -0.01153688
v -0.03695700 0.01012480 -0.01147274
v -0.03695700 0.01013340 -0.01144066
v -0.03695700 0.01013630 -0.01140758
v -0.03695700 0.01014208 -0.01134142
v -0.03695700 0.01015366 -0.01120910
v -0.03695700 0.01015654 -0.01117602
v -0.03961774 0.01015654 -0.01009028
v -0.03961774 0.01015654 -0.00667378
v -0.05120000 0.01146267 -0.01221815
v -0.05120000 0.01168054 -0.01219910
v -0.05115654 0.01168054 -0.01215564
v -0.05100418 0.01168054 -0.01193802
v -0.05089190 0.01168054 -0.01169726
v -0.05082314 0.01168054 -0.01144066
v -0.05080000 0.01168054 -0.01117602
v -0.05120000 0.01371254 -0.01219910
v -0.05115654 0.01371254 -0.01215564
v -0.05100418 0.01371254 -0.01193802
v -0.05120000 0.01393718 -0.01217139
v -0.05120000 0.01397720 -0.01216646
v -0.05117428 0.01397720 -0.01214074
v -0.05102422 0.01397720 -0.01192644
v -0.05120000 0.01410251 -0.01211916
v -0.05120000 0.01423378 -0.01205808
v -0.05089190 0.01371254 -0.01169726
v -0.05082314 0.01371254 -0.01144066
v -0.05080000 0.01371254 -0.01117602
v -0.05091366 0.01397720 -0.01168934
v -0.05108376 0.01423378 -0.01189206
v -0.05097826 0.01423378 -0.01166582
v -0.05084596 0.01397720 -0.01143664
v -0.05082314 0.01397720 -0.01117602
v -0.05091366 0.01423378 -0.01142470
v -0.05089190 0.01423378 -0.01117602
v -0.05120000 0.01437493 -0.01194378
v -0.05120000 0.01447456 -0.01186310
v -0.05118098 0.01447456 -0.01183594
v -0.05120000 0.01450592 -0.01182496
v -0.05108376 0.01447456 -0.01162742
v -0.05120000 0.01456460 -0.01172810
v -0.05120000 0.01465122 -0.01158512
v -0.05102422 0.01447456 -0.01140520
v -0.05100418 0.01447456 -0.01117602
v -0.05120000 0.01469216 -0.01147475
v -0.05117428 0.01469216 -0.01137874
v -0.05120000 0.01471827 -0.01137421
v -0.05120000 0.01472056 -0.01134809
v -0.05115654 0.01469216 -0.01117602
v -0.05120000 0.01473562 -0.01117602
v -0.02463800 0.00863254 -0.01270002
v -0.02463800 0.00869870 -0.01269422
v -0.02463800 0.00883104 -0.01268266
v -0.02463800 0.00889720 -0.01267686
v -0.02463800 0.00896134 -0.01265968
v -0.02463800 0.00908964 -0.01262530
v -0.02463800 0.00915378 -0.01260810
v -0.02463800 0.00921398 -0.01258004
v -0.02463800 0.00933436 -0.01252390
v -0.02463800 0.00939456 -0.01249584
v -0.02463800 0.00944896 -0.01245774
v -0.02463800 0.00955776 -0.01238156
v -0.02463800 0.00961216 -0.01234346
v -0.02463800 0.00965912 -0.01229650
v -0.02463800 0.00975304 -0.01220258
v -0.02463800 0.00980000 -0.01215562
v -0.02463800 0.00983810 -0.01210122
v -0.02463800 0.00991428 -0.01199242
v -0.02463800 0.00995236 -0.01193802
v -0.02463800 0.00998044 -0.01187782
v -0.02463800 0.01003658 -0.01175744
v -0.02463800 0.01006464 -0.01169726
v -0.02463800 0.01008184 -0.01163310
v -0.02463800 0.01011622 -0.01150480
v -0.02463800 0.01013340 -0.01144066
v -0.02463800 0.01013918 -0.01137450
v -0.02463800 0.01015076 -0.01124218
v -0.02463800 0.01015654 -0.01117602
v -0.02995950 0.01015654 -0.00900452
v -0.02030126 0.01015654 -0.00791876
v -0.04444688 0.01015654 -0.00333690
v -0.04966894 0.01021408 -0.00000002
v -0.04954064 0.01017970 -0.00000002
v -0.04940832 0.01016812 -0.00000002
v -0.04927600 0.01015654 -0.00000002
v -0.04979724 0.01024846 -0.00000002
v -0.04991762 0.01030460 -0.00000002
v -0.05003800 0.01036072 -0.00000002
v -0.05014680 0.01043692 -0.00000002
v -0.05025560 0.01051310 -0.00000002
v -0.05034952 0.01060702 -0.00000002
v -0.05044346 0.01070094 -0.00000002
v -0.05051964 0.01080976 -0.00000002
v -0.05059582 0.01091856 -0.00000002
v -0.05070810 0.01115930 -0.00000002
v -0.05065196 0.01103894 -0.00000002
v -0.05074246 0.01128762 -0.00000002
v -0.05077684 0.01141592 -0.00000002
v -0.05078842 0.01154824 -0.00000002
v -0.05080000 0.01168054 -0.00000002
v -0.05080000 0.01269654 -0.00000002
v -0.05080000 0.01371254 -0.00000002
v -0.05081158 0.01384488 -0.00000002
v -0.05082314 0.01397720 -0.00000002
v -0.05085752 0.01410550 -0.00000002
v -0.05089190 0.01423378 -0.00000002
v -0.05094804 0.01435418 -0.00000002
v -0.05100418 0.01447456 -0.00000002
v -0.05108036 0.01458336 -0.00000002
v -0.05115654 0.01469216 -0.00000002
v -0.05120000 0.01473562 -0.00000002
v -0.02030126 0.01015654 -0.00450226
v -0.02995950 0.01015654 -0.00217152
v -0.01198422 0.00025054 -0.01270000
v -0.01220740 0.00583854 -0.01270000
v 0.01243060 0.00583854 -0.01270000
v -0.01231900 0.00863254 -0.01270000
v -0.01231900 0.00866562 -0.01269712
v -0.01231900 0.00873178 -0.01269132
v -0.01231900 0.00879796 -0.01268554
v -0.01231900 0.00886412 -0.01267976
v -0.01231900 0.00889720 -0.01267686
v -0.01231900 0.00892926 -0.01266826
v -0.01231900 0.00899342 -0.01265108
v -0.01231900 0.00905756 -0.01263388
v -0.01231900 0.00912172 -0.01261670
v -0.01231900 0.00915378 -0.01260810
v -0.01231900 0.00918388 -0.01259408
v -0.01231900 0.00924408 -0.01256600
v -0.01231900 0.00930426 -0.01253794
v -0.01231900 0.00936446 -0.01250988
v -0.01231900 0.00939456 -0.01249584
v -0.01231900 0.00942176 -0.01247678
v -0.01231900 0.00947616 -0.01243870
v -0.01231900 0.00953056 -0.01240060
v -0.01231900 0.00958496 -0.01236250
v -0.01231900 0.00961216 -0.01234346
v -0.01231900 0.00963564 -0.01231998
v -0.01231900 0.00968260 -0.01227302
v -0.01231900 0.00972956 -0.01222606
v -0.01231900 0.00977652 -0.01217910
v -0.01231900 0.00980000 -0.01215562
v -0.01231900 0.00981906 -0.01212842
v -0.01231900 0.00985714 -0.01207402
v -0.01231900 0.00989524 -0.01201962
v -0.01231900 0.00993332 -0.01196522
v -0.01231900 0.00995236 -0.01193802
v -0.01231900 0.00996640 -0.01190792
v -0.01231900 0.00999448 -0.01184772
v -0.01231900 0.01002254 -0.01178754
v -0.01231900 0.01005060 -0.01172734
v -0.01231900 0.01006464 -0.01169726
v -0.01231900 0.01007324 -0.01166518
v -0.01231900 0.01009042 -0.01160102
v -0.01231900 0.01010762 -0.01153688
v -0.01231900 0.01012480 -0.01147272
v -0.01231900 0.01013340 -0.01144066
v -0.01231900 0.01013630 -0.01140758
v -0.01231900 0.01014208 -0.01134142
v -0.01231900 0.01014786 -0.01127526
v -0.01231900 0.01015366 -0.01120910
v -0.01231900 0.01015654 -0.01117602
v -0.01064300 0.01015654 -0.00683302
v -0.01039804 0.01013674 -0.00658804
v -0.00000000 0.00863254 -0.01270000
v -0.00000000 0.00876486 -0.01268842
v -0.00000000 0.00889720 -0.01267686
v -0.00000000 0.00902548 -0.01264248
v -0.00000000 0.00915378 -0.01260810
v -0.00000000 0.00927416 -0.01255196
v -0.00000000 0.00939456 -0.01249584
v -0.00000000 0.00950336 -0.01241964
v -0.00000000 0.00961216 -0.01234346
v -0.00000000 0.00970608 -0.01224954
v -0.00000000 0.00980000 -0.01215562
v -0.00000000 0.00987618 -0.01204682
v -0.00000000 0.00995236 -0.01193802
v -0.00000000 0.01000850 -0.01181762
v -0.00000000 0.01006464 -0.01169724
v -0.00000000 0.01009902 -0.01156894
v -0.00000000 0.01013340 -0.01144066
v -0.00000000 0.01014498 -0.01130832
v -0.00000000 0.01015654 -0.01117600
v 0.01231900 0.00863254 -0.01270000
v 0.01231900 0.00866562 -0.01269710
v 0.01231900 0.00873178 -0.01269132
v 0.01231900 0.00879796 -0.01268554
v 0.01231900 0.00886412 -0.01267974
v 0.01231900 0.00889720 -0.01267686
v 0.01231900 0.00892926 -0.01266826
v 0.01231900 0.00899342 -0.01265106
v 0.01231900 0.00905756 -0.01263388
v 0.01231900 0.00912172 -0.01261670
v 0.01231900 0.00915378 -0.01260810
v 0.01231900 0.00918388 -0.01259406
v 0.01231900 0.00924408 -0.01256600
v 0.01231900 0.00930426 -0.01253792
v 0.01231900 0.00936446 -0.01250986
v 0.01231900 0.00939456 -0.01249582
v 0.01231900 0.00942176 -0.01247678
v 0.01231900 0.00947616 -0.01243868
v 0.01231900 0.00953056 -0.01240060
v 0.01231900 0.00958496 -0.01236250
v 0.01231900 0.00961216 -0.01234346
v 0.01231900 0.00963564 -0.01231998
v 0.01231900 0.00968260 -0.01227302
v 0.01231900 0.00972956 -0.01222606
v 0.01231900 0.00977652 -0.01217910
v 0.01231900 0.00980000 -0.01215562
v 0.01231900 0.00981906 -0.01212842
v 0.01231900 0.00985714 -0.01207402
v 0.01231900 0.00989524 -0.01201960
v 0.01231900 0.00993332 -0.01196520
v 0.01231900 0.00995236 -0.01193800
v 0.01231900 0.00996640 -0.01190792
v 0.01231900 0.00999448 -0.01184772
v 0.01231900 0.01002254 -0.01178754
v 0.01231900 0.01005060 -0.01172734
v 0.01231900 0.01006464 -0.01169724
v 0.01231900 0.01007324 -0.01166516
v 0.01231900 0.01009042 -0.01160102
v 0.01231900 0.01010762 -0.01153688
v 0.01231900 0.01012480 -0.01147272
v 0.01231900 0.01013340 -0.01144064
v 0.01231900 0.01013630 -0.01140756
v 0.01231900 0.01014208 -0.01134140
v 0.01231900 0.01014786 -0.01127524
v 0.01231900 0.01015366 -0.01120908
v 0.01231900 0.01015654 -0.01117600
v 0.00965826 0.01015654 -0.01009026
v -0.00000000 0.01015654 -0.00683300
v -0.00000000 0.01013674 -0.00658804
v 0.00012248 0.01014664 -0.00671052
v 0.00011930 0.01010726 -0.00646874
v 0.00433674 0.01015654 -0.00791876
v 0.01039804 0.01013674 -0.00658804
v 0.01064300 0.01015654 -0.00683300
v -0.00912046 0.00856608 -0.00531046
v -0.00938702 0.00949574 -0.00557704
v -0.00912004 0.00868906 -0.00531006
v -0.00912956 0.00881168 -0.00531958
v -0.00914894 0.00893312 -0.00533894
v -0.00917804 0.00905262 -0.00536806
v -0.00921668 0.00916938 -0.00540670
v -0.00926460 0.00928264 -0.00545462
v -0.00932152 0.00939166 -0.00551152
v -0.00993340 0.00998126 -0.00612342
v -0.00954212 0.00968642 -0.00573214
v -0.00972584 0.00984968 -0.00591584
v -0.01015942 0.01007780 -0.00634944
v -0.00000000 0.00856608 -0.00531046
v -0.00000000 0.00949574 -0.00557704
v 0.00000020 0.00862758 -0.00531026
v -0.00000000 0.00868906 -0.00531006
v 0.00000476 0.00875038 -0.00531482
v -0.00000000 0.00881168 -0.00531958
v -0.00000968 0.00887240 -0.00532926
v -0.00000000 0.00893312 -0.00533894
v -0.00001454 0.00899288 -0.00535350
v -0.00000000 0.00905262 -0.00536804
v -0.00001932 0.00911100 -0.00538736
v -0.00000000 0.00916938 -0.00540670
v -0.00002396 0.00922602 -0.00543066
v -0.00000000 0.00928264 -0.00545462
v -0.00002844 0.00933716 -0.00548308
v -0.00000000 0.00939166 -0.00551152
v -0.00003276 0.00944370 -0.00554428
v -0.00000000 0.00998126 -0.00612342
v 0.00010378 0.00991548 -0.00601962
v -0.00000000 0.00968642 -0.00573214
v 0.00007754 0.00959108 -0.00565458
v -0.00000000 0.00984968 -0.00591584
v 0.00009186 0.00976806 -0.00582398
v -0.00000000 0.01007780 -0.00634944
v 0.00011302 0.01002954 -0.00623642
v 0.00912046 0.00856608 -0.00531046
v 0.00938704 0.00949574 -0.00557704
v 0.00912006 0.00868906 -0.00531006
v 0.00912958 0.00881168 -0.00531956
v 0.00914894 0.00893312 -0.00533894
v 0.00917804 0.00905262 -0.00536804
v 0.00921668 0.00916938 -0.00540668
v 0.00926462 0.00928264 -0.00545462
v 0.00932152 0.00939166 -0.00551152
v 0.00993342 0.00998126 -0.00612340
v 0.00954212 0.00968642 -0.00573212
v 0.00972584 0.00984968 -0.00591584
v 0.01015944 0.01007780 -0.00634944
v -0.03729178 0.00025054 0.01269998
v -0.03706860 0.00583854 0.01269998
v -0.02486118 0.00304454 0.01269998
v -0.03961776 0.01015654 0.00450224
v -0.05120000 0.01473561 0.00600609
v -0.02030126 0.01015654 0.00233074
v -0.05080000 0.00904090 0.01269998
v -0.05031848 0.00881636 0.01269998
v -0.04980528 0.00867886 0.01269998
v -0.04927600 0.00863254 0.01269998
v -0.04975932 0.00893948 0.01267682
v -0.04927600 0.00889720 0.01267682
v -0.05022796 0.00906506 0.01267682
v -0.05066768 0.00927008 0.01267682
v -0.05120000 0.00932098 0.01269998
v -0.05120000 0.00938762 0.01269518
v -0.05053938 0.00949232 0.01260808
v -0.04971478 0.00919218 0.01260808
v -0.04927600 0.00915378 0.01260808
v -0.04927600 0.00939456 0.01249580
v -0.04967296 0.00942928 0.01249580
v -0.05014020 0.00930618 0.01260808
v -0.04954064 0.01017970 0.01117598
v -0.04927600 0.01015654 0.01117598
v -0.04980516 0.01022670 0.01144062
v -0.04954466 0.01015690 0.01144062
v -0.04927600 0.01013340 0.01144062
v -0.04979724 0.01024846 0.01117598
v -0.05003800 0.01036072 0.01117598
v -0.05004958 0.01034068 0.01144062
v -0.05031470 0.01044270 0.01169722
v -0.04982868 0.01016210 0.01169722
v -0.04955660 0.01008920 0.01169722
v -0.04927600 0.01006464 0.01169722
v -0.05008396 0.01028114 0.01169722
v -0.04957610 0.00997862 0.01193798
v -0.04927600 0.00995236 0.01193798
v -0.04991918 0.00991342 0.01215558
v -0.04960256 0.00982858 0.01215558
v -0.04927600 0.00980000 0.01215558
v -0.05041900 0.00970082 0.01249580
v -0.05106512 0.00954838 0.01267682
v -0.05120000 0.00968326 0.01267682
v -0.05090018 0.00974494 0.01260808
v -0.05074542 0.00992938 0.01249580
v -0.05031020 0.00988928 0.01234342
v -0.05005786 0.00953242 0.01249580
v -0.04998344 0.00973690 0.01234342
v -0.04927600 0.00961216 0.01234342
v -0.04963518 0.00964358 0.01234342
v -0.05021628 0.01005194 0.01215558
v -0.05038686 0.01035670 0.01193798
v -0.05071658 0.01047176 0.01215558
v -0.05048480 0.01023996 0.01215558
v -0.04986708 0.01005660 0.01193798
v -0.05014010 0.01018390 0.01193798
v -0.05102718 0.01021114 0.01249580
v -0.05060554 0.01009608 0.01234342
v -0.05120000 0.01004476 0.01260808
v -0.05120000 0.01006613 0.01260100
v -0.05086048 0.01035102 0.01234342
v -0.05120000 0.01045795 0.01249580
v -0.05025562 0.01051310 0.01117598
v -0.05044346 0.01070094 0.01117598
v -0.05027050 0.01049536 0.01144062
v -0.05046120 0.01068606 0.01144062
v -0.05059582 0.01091856 0.01117598
v -0.05061588 0.01090698 0.01144062
v -0.05051386 0.01064186 0.01169722
v -0.05067542 0.01087260 0.01169722
v -0.05070810 0.01115930 0.01117598
v -0.05072986 0.01115138 0.01144062
v -0.05077686 0.01141592 0.01117598
v -0.05079964 0.01141188 0.01144062
v -0.05079446 0.01112788 0.01169722
v -0.05086736 0.01139996 0.01169722
v -0.05059986 0.01056970 0.01193798
v -0.05077264 0.01081646 0.01193798
v -0.05090460 0.01074028 0.01215558
v -0.05120000 0.01056974 0.01245073
v -0.05106728 0.01064636 0.01234342
v -0.05120000 0.01093096 0.01234342
v -0.05089996 0.01108948 0.01193798
v -0.05104314 0.01103736 0.01215558
v -0.05097792 0.01138046 0.01193798
v -0.05112798 0.01135400 0.01215558
v -0.05120000 0.01134130 0.01222871
v -0.05120000 0.01098028 0.01232250
v -0.03695700 0.00863254 0.01269998
v -0.03695700 0.00866562 0.01269708
v -0.03695700 0.00879796 0.01268552
v -0.03695700 0.00886412 0.01267972
v -0.03695700 0.00889720 0.01267684
v -0.03695700 0.00892926 0.01266824
v -0.03695700 0.00905756 0.01263386
v -0.03695700 0.00912172 0.01261666
v -0.03695700 0.00915378 0.01260808
v -0.03695700 0.00918388 0.01259404
v -0.03695700 0.00924408 0.01256598
v -0.03695700 0.00939456 0.01249580
v -0.03695700 0.00942176 0.01247676
v -0.03695700 0.00936446 0.01250984
v -0.03961776 0.01015654 0.01009024
v -0.03695700 0.00999448 0.01184770
v -0.03695700 0.01015654 0.01117598
v -0.03695700 0.01015366 0.01120906
v -0.03695700 0.01014786 0.01127522
v -0.03695700 0.01013630 0.01140754
v -0.03695700 0.01013340 0.01144062
v -0.03695700 0.01012480 0.01147270
v -0.03695700 0.01010762 0.01153684
v -0.03695700 0.01007324 0.01166514
v -0.03695700 0.01006464 0.01169722
v -0.03695700 0.01005060 0.01172732
v -0.03695700 0.00972956 0.01222604
v -0.03695700 0.00993332 0.01196518
v -0.03695700 0.00996640 0.01190788
v -0.03695700 0.00995236 0.01193798
v -0.03695700 0.00989524 0.01201958
v -0.03695700 0.00981906 0.01212840
v -0.03695700 0.00977652 0.01217908
v -0.03695700 0.00980000 0.01215560
v -0.03695700 0.00953056 0.01240058
v -0.03695700 0.00963564 0.01231996
v -0.03695700 0.00961216 0.01234344
v -0.03695700 0.00958496 0.01236248
v -0.05080000 0.01168054 0.01117598
v -0.05082316 0.01168054 0.01144062
v -0.05089190 0.01168054 0.01169722
v -0.05120000 0.01158079 0.01220775
v -0.05100418 0.01168054 0.01193798
v -0.05115656 0.01168054 0.01215558
v -0.05120000 0.01168054 0.01219902
v -0.05080000 0.01371254 0.01117598
v -0.05082316 0.01371254 0.01144062
v -0.05089190 0.01371254 0.01169722
v -0.05082316 0.01397720 0.01117598
v -0.05084596 0.01397316 0.01144062
v -0.05089190 0.01423378 0.01117598
v -0.05091366 0.01422586 0.01144062
v -0.05091366 0.01396124 0.01169722
v -0.05097828 0.01420236 0.01169722
v -0.05100418 0.01371254 0.01193798
v -0.05115656 0.01371254 0.01215558
v -0.05120000 0.01371254 0.01219902
v -0.05102424 0.01394174 0.01193798
v -0.05120000 0.01388463 0.01218398
v -0.05117428 0.01391528 0.01215558
v -0.05120000 0.01391075 0.01218169
v -0.05120000 0.01401125 0.01215558
v -0.05108378 0.01416396 0.01193798
v -0.05120000 0.01426472 0.01202793
v -0.05120000 0.01412165 0.01211461
v -0.05100418 0.01447456 0.01117598
v -0.05102424 0.01446298 0.01144062
v -0.05115656 0.01469216 0.01117598
v -0.05120000 0.01473560 0.01117598
v -0.05120000 0.01470793 0.01140061
v -0.05117428 0.01467728 0.01144062
v -0.05120000 0.01470300 0.01144062
v -0.05108378 0.01442860 0.01169722
v -0.05120000 0.01448020 0.01183845
v -0.05120000 0.01459458 0.01169722
v -0.05120000 0.01465570 0.01156590
v -0.05118100 0.01437246 0.01193798
v -0.05120000 0.01439959 0.01193798
v -0.05120000 0.01436149 0.01196931
v -0.02995950 0.01015654 0.00900448
v -0.02030126 0.01015654 0.00791874
v -0.03429626 0.01015654 0.01009024
v -0.02463800 0.00863254 0.01269998
v -0.02463800 0.00869870 0.01269420
v -0.02463800 0.00883104 0.01268262
v -0.02463800 0.00889720 0.01267684
v -0.02463800 0.00896134 0.01265964
v -0.02463800 0.00908964 0.01262526
v -0.02463800 0.00915378 0.01260808
v -0.02463800 0.00921398 0.01258002
v -0.02463800 0.00939456 0.01249580
v -0.02463800 0.00944896 0.01245772
v -0.02463800 0.00933436 0.01252388
v -0.02463800 0.00998044 0.01187780
v -0.02463800 0.01015654 0.01117598
v -0.02463800 0.01015076 0.01124214
v -0.02463800 0.01011622 0.01150478
v -0.02463800 0.01013918 0.01137446
v -0.02463800 0.01013340 0.01144062
v -0.02463800 0.01008184 0.01163308
v -0.02463800 0.01006464 0.01169722
v -0.02463800 0.01003658 0.01175742
v -0.02463800 0.00975304 0.01220256
v -0.02463800 0.00965912 0.01229648
v -0.02463800 0.00983810 0.01210120
v -0.02463800 0.00991428 0.01199240
v -0.02463800 0.00995236 0.01193798
v -0.02463800 0.00980000 0.01215560
v -0.02463800 0.00955776 0.01238152
v -0.02463800 0.00961216 0.01234344
v -0.01265378 0.00025054 0.01269998
v -0.01243060 0.00583854 0.01269998
v 0.01198422 0.00025054 0.01270000
v 0.01220740 0.00583854 0.01270000
v -0.00912046 0.00856608 0.00531044
v -0.00912004 0.00868906 0.00531004
v -0.00912956 0.00881168 0.00531956
v -0.00914894 0.00893312 0.00533892
v -0.00917804 0.00905262 0.00536804
v -0.00921668 0.00916938 0.00540668
v -0.00926462 0.00928264 0.00545460
v -0.00932152 0.00939166 0.00551152
v -0.00938704 0.00949574 0.00557702
v -0.00954212 0.00968642 0.00573210
v -0.00972584 0.00984968 0.00591582
v -0.00993340 0.00998126 0.00612340
v -0.01015944 0.01007780 0.00634942
v -0.00000000 0.00856608 0.00531044
v -0.00000020 0.00862758 0.00531024
v -0.00000000 0.00868906 0.00531004
v -0.00000476 0.00875038 0.00531480
v -0.00000000 0.00881168 0.00531956
v 0.00000968 0.00887240 0.00532924
v -0.00000000 0.00893312 0.00533892
v 0.00001454 0.00899288 0.00535348
v -0.00000000 0.00905262 0.00536804
v 0.00001932 0.00911100 0.00538736
v -0.00000000 0.00916938 0.00540668
v 0.00002396 0.00922602 0.00543064
v -0.00000000 0.00928264 0.00545460
v 0.00002846 0.00933716 0.00548306
v -0.00000000 0.00939166 0.00551152
v -0.00003276 0.00944370 0.00554428
v -0.00000000 0.00949574 0.00557702
v -0.00007754 0.00959108 0.00565456
v -0.00000000 0.00968642 0.00573210
v -0.00009186 0.00976806 0.00582396
v -0.00000000 0.00984968 0.00591582
v -0.00010378 0.00991548 0.00601962
v -0.00000000 0.00998126 0.00612340
v -0.00011302 0.01002954 0.00623640
v -0.00000000 0.01007780 0.00634942
v 0.00912046 0.00856608 0.00531046
v 0.00912004 0.00868906 0.00531004
v 0.00912956 0.00881168 0.00531956
v 0.00914894 0.00893312 0.00533894
v 0.00917804 0.00905262 0.00536804
v 0.00921668 0.00916938 0.00540668
v 0.00926462 0.00928264 0.00545460
v 0.00932152 0.00939166 0.00551152
v 0.00938704 0.00949574 0.00557704
v 0.00954212 0.00968642 0.00573212
v 0.00972584 0.00984968 0.00591582
v 0.00993340 0.00998126 0.00612340
v 0.01015944 0.01007780 0.00634942
v -0.01931650 0.01015654 0.00900448
v -0.01039804 0.01013674 0.00658802
v -0.01064300 0.01015654 0.00683298
v -0.00433674 0.01015654 0.00791874
v -0.01231900 0.00863254 0.01269998
v -0.01231900 0.00866562 0.01269710
v -0.01231900 0.00873178 0.01269130
v -0.01231900 0.00879796 0.01268552
v -0.01231900 0.00886412 0.01267974
v -0.01231900 0.00889720 0.01267684
v -0.01231900 0.00892926 0.01266824
v -0.01231900 0.00899342 0.01265106
v -0.01231900 0.00905756 0.01263386
v -0.01231900 0.00912172 0.01261668
v -0.01231900 0.00915378 0.01260808
v -0.01231900 0.00918388 0.01259404
v -0.01231900 0.00924408 0.01256598
v -0.01231900 0.00939456 0.01249580
v -0.01231900 0.00942176 0.01247676
v -0.01231900 0.00947616 0.01243868
v -0.01231900 0.00930426 0.01253792
v -0.01231900 0.00936446 0.01250984
v -0.01231900 0.00999448 0.01184770
v -0.01231900 0.01015654 0.01117600
v -0.01231900 0.01015366 0.01120908
v -0.01231900 0.01014786 0.01127522
v -0.01231900 0.01014208 0.01134138
v -0.01231900 0.01013630 0.01140754
v -0.01231900 0.01013340 0.01144062
v -0.01231900 0.01012480 0.01147270
v -0.01231900 0.01010762 0.01153686
v -0.01231900 0.01009042 0.01160100
v -0.01231900 0.01007324 0.01166516
v -0.01231900 0.01006464 0.01169722
v -0.01231900 0.01005060 0.01172732
v -0.01231900 0.01002254 0.01178752
v -0.01231900 0.00968260 0.01227300
v -0.01231900 0.00972956 0.01222604
v -0.01231900 0.00985714 0.01207400
v -0.01231900 0.00993332 0.01196520
v -0.01231900 0.00996640 0.01190790
v -0.01231900 0.00995236 0.01193800
v -0.01231900 0.00989524 0.01201960
v -0.01231900 0.00981906 0.01212840
v -0.01231900 0.00977652 0.01217908
v -0.01231900 0.00980000 0.01215560
v -0.01231900 0.00953056 0.01240058
v -0.01231900 0.00963564 0.01231996
v -0.01231900 0.00961216 0.01234344
v -0.01231900 0.00958496 0.01236248
v -0.00965826 0.01015654 0.01009024
v -0.00011930 0.01010726 0.00646872
v -0.00000000 0.01013674 0.00658802
v -0.00012248 0.01014664 0.00671050
v -0.00000000 0.01015654 0.00683300
v 0.01039804 0.01013674 0.00658802
v 0.01064300 0.01015654 0.00683300
v -0.00000000 0.00863254 0.01270000
v -0.00000000 0.00876486 0.01268842
v -0.00000000 0.00889720 0.01267684
v -0.00000000 0.00902548 0.01264246
v -0.00000000 0.00915378 0.01260808
v -0.00000000 0.00927416 0.01255196
v -0.00000000 0.00939456 0.01249582
v -0.00000000 0.00950336 0.01241962
v -0.00000000 0.01015654 0.01117600
v -0.00000000 0.01014498 0.01130832
v -0.00000000 0.01013340 0.01144062
v -0.00000000 0.01009902 0.01156892
v -0.00000000 0.01006464 0.01169722
v -0.00000000 0.01000850 0.01181762
v -0.00000000 0.00970608 0.01224952
v -0.00000000 0.00987618 0.01204680
v -0.00000000 0.00995236 0.01193800
v -0.00000000 0.00980000 0.01215560
v -0.00000000 0.00961216 0.01234344
v 0.01231900 0.00863254 0.01270000
v 0.01231900 0.00866562 0.01269710
v 0.01231900 0.00873178 0.01269132
v 0.01231900 0.00879796 0.01268552
v 0.01231900 0.00886412 0.01267974
v 0.01231900 0.00889720 0.01267684
v 0.01231900 0.00892926 0.01266826
v 0.01231900 0.00899342 0.01265106
v 0.01231900 0.00905756 0.01263388
v 0.01231900 0.00912172 0.01261668
v 0.01231900 0.00915378 0.01260810
v 0.01231900 0.00918388 0.01259406
v 0.01231900 0.00924408 0.01256598
v 0.01231900 0.00939456 0.01249582
v 0.01231900 0.00942176 0.01247678
v 0.01231900 0.00947616 0.01243868
v 0.01231900 0.00930426 0.01253792
v 0.01231900 0.00936446 0.01250986
v 0.01231900 0.00999448 0.01184772
v 0.01231900 0.01015654 0.01117600
v 0.01231900 0.01015366 0.01120908
v 0.01231900 0.01014786 0.01127524
v 0.01231900 0.01014208 0.01134140
v 0.01231900 0.01013630 0.01140756
v 0.01231900 0.01013340 0.01144064
v 0.01231900 0.01012480 0.01147270
v 0.01231900 0.01010762 0.01153686
v 0.01231900 0.01009042 0.01160100
v 0.01231900 0.01007324 0.01166516
v 0.01231900 0.01006464 0.01169724
v 0.01231900 0.01005060 0.01172732
v 0.01231900 0.01002254 0.01178752
v 0.01231900 0.00968260 0.01227300
v 0.01231900 0.00972956 0.01222604
v 0.01231900 0.00985714 0.01207400
v 0.01231900 0.00993332 0.01196520
v 0.01231900 0.00996640 0.01190790
v 0.01231900 0.00995236 0.01193800
v 0.01231900 0.00989524 0.01201960
v 0.01231900 0.00981906 0.01212840
v 0.01231900 0.00977652 0.01217908
v 0.01231900 0.00980000 0.01215560
v 0.01231900 0.00953056 0.01240058
v 0.01231900 0.00963564 0.01231996
v 0.01231900 0.00961216 0.01234344
v 0.01231900 0.00958496 0.01236250
v 0.01254218 -0.01502022 -0.01196520
v 0.01254218 -0.01503926 -0.01193800
v 0.01254218 -0.01505330 -0.01190792
v 0.01254218 -0.01488690 -0.01215562
v 0.01254218 -0.01490594 -0.01212842
v 0.01254218 -0.01476950 -0.01227302
v 0.01254218 -0.01481646 -0.01222606
v 0.01254218 -0.01486342 -0.01217910
v 0.01254218 -0.01498214 -0.01201960
v 0.01254218 -0.01494404 -0.01207402
v 0.01254218 -0.01472254 -0.01231998
v 0.01254218 -0.01467186 -0.01236250
v 0.01254218 -0.01469906 -0.01234346
v 0.01254218 -0.01456306 -0.01243868
v 0.01254218 -0.01461746 -0.01240060
v 0.01254218 -0.01445136 -0.01250986
v 0.01254218 -0.01439116 -0.01253792
v 0.01254220 -0.01433098 -0.01256600
v 0.01254218 -0.01450864 -0.01247678
v 0.01254218 -0.01448144 -0.01249582
v 0.01254218 -0.01513750 -0.01172734
v 0.01254218 -0.01508136 -0.01184772
v 0.01254218 -0.01510944 -0.01178754
v 0.01254218 -0.01516012 -0.01166516
v 0.01254218 -0.01515154 -0.01169724
v 0.01254218 -0.01519450 -0.01153688
v 0.01254218 -0.01517732 -0.01160102
v 0.01254218 -0.01521170 -0.01147272
v 0.01254218 -0.01522030 -0.01144064
v 0.01254218 -0.01522318 -0.01140756
v 0.01254218 -0.01522898 -0.01134140
v 0.01254218 -0.01523476 -0.01127524
v 0.01254218 -0.01524056 -0.01120908
v 0.01254218 -0.01524344 -0.01117600
v 0.01254220 -0.01424068 -0.01260810
v 0.01254220 -0.01420862 -0.01261670
v 0.01254220 -0.01427078 -0.01259406
v 0.01254220 -0.01414446 -0.01263388
v 0.01254220 -0.01408032 -0.01265106
v 0.01254220 -0.01401616 -0.01266826
v 0.01254220 -0.01398410 -0.01267686
v 0.01254220 -0.01395102 -0.01267974
v 0.01254220 -0.01388484 -0.01268554
v 0.01254220 -0.01381868 -0.01269132
v 0.01254220 -0.01375252 -0.01269710
v 0.01254220 -0.01371944 -0.01270000
v 0.02508438 -0.01503926 -0.01193800
v 0.02508438 -0.01488690 -0.01215560
v 0.02508438 -0.01483994 -0.01220256
v 0.02508438 -0.01492500 -0.01210120
v 0.02508438 -0.01500118 -0.01199240
v 0.02508438 -0.01469906 -0.01234346
v 0.02508438 -0.01453584 -0.01245774
v 0.02508438 -0.01464466 -0.01238154
v 0.02508438 -0.01442126 -0.01252390
v 0.02508438 -0.01430088 -0.01258002
v 0.02508438 -0.01448144 -0.01249582
v 0.02508438 -0.01474602 -0.01229650
v 0.02508438 -0.01506734 -0.01187782
v 0.02508438 -0.01512346 -0.01175744
v 0.02508438 -0.01515154 -0.01169724
v 0.02508438 -0.01516872 -0.01163310
v 0.02508438 -0.01520310 -0.01150480
v 0.02508438 -0.01522030 -0.01144064
v 0.02508438 -0.01522608 -0.01137448
v 0.02508438 -0.01523766 -0.01124216
v 0.02508438 -0.01524344 -0.01117600
v 0.02508438 -0.01424068 -0.01260810
v 0.02508438 -0.01417654 -0.01262528
v 0.02508438 -0.01404824 -0.01265966
v 0.02508438 -0.01398410 -0.01267684
v 0.02508438 -0.01391794 -0.01268264
v 0.02508438 -0.01378560 -0.01269420
v 0.02508438 -0.01371944 -0.01270000
v 0.02125638 -0.01524344 -0.00865068
v 0.01265378 -0.01092544 -0.01270000
v 0.02530756 -0.00813144 -0.01270000
v 0.03762656 -0.01502022 -0.01196520
v 0.03762656 -0.01503926 -0.01193800
v 0.03762656 -0.01505330 -0.01190790
v 0.03762656 -0.01488690 -0.01215560
v 0.03762656 -0.01490594 -0.01212840
v 0.03762656 -0.01481646 -0.01222604
v 0.03762656 -0.01486342 -0.01217908
v 0.03762656 -0.01498214 -0.01201960
v 0.03762656 -0.01472254 -0.01231996
v 0.03762656 -0.01467186 -0.01236250
v 0.03762656 -0.01469906 -0.01234344
v 0.03762656 -0.01461746 -0.01240058
v 0.03762656 -0.01445136 -0.01250986
v 0.03762656 -0.01433098 -0.01256598
v 0.03762656 -0.01450864 -0.01247678
v 0.03762656 -0.01448144 -0.01249582
v 0.03762656 -0.01513750 -0.01172734
v 0.03762656 -0.01508136 -0.01184772
v 0.03762656 -0.01516012 -0.01166516
v 0.03762656 -0.01515154 -0.01169724
v 0.03762656 -0.01519450 -0.01153686
v 0.03762656 -0.01521170 -0.01147272
v 0.03762656 -0.01522030 -0.01144064
v 0.03762656 -0.01522318 -0.01140756
v 0.03762656 -0.01522898 -0.01134140
v 0.03762656 -0.01524056 -0.01120908
v 0.03762656 -0.01524344 -0.01117600
v 0.03762656 -0.01424068 -0.01260808
v 0.03762656 -0.01420862 -0.01261668
v 0.03762656 -0.01427078 -0.01259406
v 0.03762656 -0.01414446 -0.01263388
v 0.03762656 -0.01401616 -0.01266826
v 0.03762656 -0.01398410 -0.01267684
v 0.03762656 -0.01395102 -0.01267974
v 0.03762656 -0.01388484 -0.01268552
v 0.03762656 -0.01375252 -0.01269710
v 0.03762656 -0.01371944 -0.01270000
v 0.04053128 -0.01524344 -0.01033422
v 0.03089384 -0.01524344 -0.00949246
v 0.04053128 -0.01524344 -0.00642976
v 0.03773816 -0.01092544 -0.01270000
v 0.02125638 -0.01524344 -0.00474622
v 0.03089382 -0.01524344 -0.00168354
v 0.01287696 -0.00533744 -0.01270000
v 0.04373026 -0.00673444 -0.01269998
v 0.05016874 -0.01503926 -0.01193800
v 0.05016874 -0.01488690 -0.01215560
v 0.05016874 -0.01469906 -0.01234344
v 0.05016874 -0.01448144 -0.01249582
v 0.05028794 -0.01447206 -0.01249582
v 0.05037522 -0.01502302 -0.01193800
v 0.05035138 -0.01487252 -0.01215560
v 0.05052950 -0.01482976 -0.01215560
v 0.05057660 -0.01497468 -0.01193800
v 0.05076794 -0.01489542 -0.01193800
v 0.05094452 -0.01478720 -0.01193800
v 0.05032198 -0.01468700 -0.01234344
v 0.05047146 -0.01465110 -0.01234344
v 0.05061348 -0.01459228 -0.01234344
v 0.05040422 -0.01444416 -0.01249582
v 0.05074454 -0.01451198 -0.01234344
v 0.05051468 -0.01439840 -0.01249582
v 0.05061664 -0.01433592 -0.01249582
v 0.05086144 -0.01441214 -0.01234344
v 0.05069876 -0.01475966 -0.01215560
v 0.05085496 -0.01466394 -0.01215560
v 0.05099426 -0.01454496 -0.01215560
v 0.05110200 -0.01465270 -0.01193800
v 0.05016874 -0.01515154 -0.01169724
v 0.05016874 -0.01522030 -0.01144064
v 0.05016874 -0.01524344 -0.01117600
v 0.05039278 -0.01513392 -0.01169724
v 0.05061128 -0.01508144 -0.01169724
v 0.05081890 -0.01499546 -0.01169724
v 0.05101050 -0.01487804 -0.01169724
v 0.05040352 -0.01520182 -0.01144064
v 0.05063254 -0.01514684 -0.01144064
v 0.05085012 -0.01505672 -0.01144064
v 0.05040716 -0.01522468 -0.01117600
v 0.05063968 -0.01516886 -0.01117600
v 0.05086062 -0.01507734 -0.01117600
v 0.05105092 -0.01493366 -0.01144064
v 0.05123000 -0.01478070 -0.01144064
v 0.05106454 -0.01495240 -0.01117600
v 0.05124638 -0.01479708 -0.01117600
v 0.05118138 -0.01473208 -0.01169724
v 0.05016874 -0.01424068 -0.01260808
v 0.05025028 -0.01423428 -0.01260808
v 0.05016874 -0.01398410 -0.01267684
v 0.05021014 -0.01398082 -0.01267684
v 0.05025052 -0.01397114 -0.01267684
v 0.05028888 -0.01395524 -0.01267684
v 0.05016874 -0.01371944 -0.01269998
v 0.05032982 -0.01421518 -0.01260808
v 0.05040538 -0.01418388 -0.01260808
v 0.05047512 -0.01414114 -0.01260808
v 0.05053732 -0.01408802 -0.01260808
v 0.05070756 -0.01425826 -0.01249582
v 0.05032430 -0.01393354 -0.01267684
v 0.05035588 -0.01390658 -0.01267684
v 0.05728836 -0.00858542 -0.01175742
v 0.05730820 -0.00860528 -0.01169722
v 0.05732036 -0.00861742 -0.01163308
v 0.05734466 -0.00864174 -0.01150478
v 0.05735682 -0.00865390 -0.01144064
v 0.05736092 -0.00865798 -0.01137448
v 0.05736910 -0.00866618 -0.01124216
v 0.05737320 -0.00867026 -0.01117600
v 0.05698824 -0.00828532 -0.01234344
v 0.05694978 -0.00824684 -0.01238154
v 0.05687284 -0.00816992 -0.01245772
v 0.05683438 -0.00813144 -0.01249582
v 0.05712108 -0.00841814 -0.01215560
v 0.05708786 -0.00838494 -0.01220256
v 0.05722882 -0.00852588 -0.01193800
v 0.05720188 -0.00849896 -0.01199240
v 0.05714800 -0.00844508 -0.01210120
v 0.05702146 -0.00831852 -0.01229648
v 0.05670670 -0.00800376 -0.01258002
v 0.05666414 -0.00796120 -0.01260808
v 0.05661878 -0.00791584 -0.01262528
v 0.05679182 -0.00808888 -0.01252388
v 0.05652804 -0.00782512 -0.01265964
v 0.05648268 -0.00777976 -0.01267684
v 0.05643590 -0.00773298 -0.01268262
v 0.05634234 -0.00763942 -0.01269420
v 0.05724866 -0.00854574 -0.01187780
v 0.04535002 -0.01524344 -0.00321488
v 0.05737318 -0.00867026 -0.00558798
v 0.05629556 -0.00759262 -0.01269998
v 0.04972238 -0.00254344 -0.01269998
v 0.04998702 -0.00252030 -0.01269998
v 0.05024362 -0.00245154 -0.01269998
v 0.05048438 -0.00233928 -0.01269998
v 0.05070198 -0.00218690 -0.01269998
v 0.06335564 -0.00239908 -0.01193800
v 0.06311506 -0.00215850 -0.01234344
v 0.06287608 -0.00191952 -0.01255194
v 0.06303812 -0.00208156 -0.01241962
v 0.06296120 -0.00200464 -0.01249582
v 0.06324790 -0.00229132 -0.01215560
v 0.06318148 -0.00222492 -0.01224952
v 0.06330176 -0.00234520 -0.01204680
v 0.06339532 -0.00243876 -0.01181760
v 0.06343502 -0.00247846 -0.01169722
v 0.06345932 -0.00250276 -0.01156892
v 0.06348364 -0.00252708 -0.01144064
v 0.06349182 -0.00253526 -0.01130830
v 0.06350000 -0.00254344 -0.01117598
v 0.06270022 -0.00174366 -0.01264246
v 0.06279094 -0.00183438 -0.01260808
v 0.06260950 -0.00165294 -0.01267684
v 0.06251594 -0.00155938 -0.01268840
v 0.06242238 -0.00146582 -0.01269998
v 0.02125636 -0.01524344 0.00306268
v 0.04053128 -0.01524344 0.00474624
v 0.01927492 -0.01524344 0.00949246
v 0.02125636 -0.01524344 0.00865068
v 0.01254218 -0.01524344 0.01117600
v 0.01254218 -0.01524056 0.01120908
v 0.01254218 -0.01523476 0.01127524
v 0.01254218 -0.01522898 0.01134140
v 0.01254218 -0.01522318 0.01140756
v 0.01254218 -0.01522030 0.01144064
v 0.01254218 -0.01521170 0.01147270
v 0.01254218 -0.01519450 0.01153686
v 0.01254218 -0.01517732 0.01160100
v 0.01254218 -0.01516012 0.01166516
v 0.01254218 -0.01515154 0.01169724
v 0.01254218 -0.01513750 0.01172732
v 0.01254218 -0.01510944 0.01178752
v 0.01254218 -0.01508136 0.01184772
v 0.01254218 -0.01505330 0.01190790
v 0.01254218 -0.01503926 0.01193800
v 0.01254218 -0.01502022 0.01196520
v 0.01254218 -0.01498214 0.01201960
v 0.01254218 -0.01494404 0.01207400
v 0.01254218 -0.01490594 0.01212840
v 0.01254218 -0.01488690 0.01215560
v 0.01254218 -0.01486342 0.01217908
v 0.01254218 -0.01481646 0.01222604
v 0.01254218 -0.01476950 0.01227300
v 0.01254218 -0.01472254 0.01231996
v 0.01254218 -0.01469906 0.01234344
v 0.01254218 -0.01467186 0.01236250
v 0.01254218 -0.01461746 0.01240058
v 0.01254218 -0.01456306 0.01243868
v 0.01254218 -0.01450864 0.01247678
v 0.01254218 -0.01448144 0.01249582
v 0.01254218 -0.01445136 0.01250986
v 0.01254218 -0.01439116 0.01253792
v 0.01254218 -0.01433098 0.01256598
v 0.01254218 -0.01427078 0.01259406
v 0.01254218 -0.01424068 0.01260810
v 0.01254218 -0.01420862 0.01261668
v 0.01254218 -0.01414446 0.01263388
v 0.01254218 -0.01408032 0.01265106
v 0.01254218 -0.01401616 0.01266826
v 0.01254218 -0.01398410 0.01267684
v 0.01254218 -0.01395102 0.01267974
v 0.01254218 -0.01388484 0.01268552
v 0.01254218 -0.01381868 0.01269132
v 0.01254218 -0.01375252 0.01269710
v 0.01254218 -0.01371944 0.01270000
v 0.02699836 -0.01524344 0.00991334
v 0.02508436 -0.01524344 0.01117600
v 0.02508436 -0.01523766 0.01124216
v 0.02508436 -0.01522608 0.01137448
v 0.02508436 -0.01522030 0.01144064
v 0.02508436 -0.01520310 0.01150478
v 0.02508436 -0.01516872 0.01163308
v 0.02508436 -0.01515154 0.01169724
v 0.02508436 -0.01512346 0.01175742
v 0.02508436 -0.01506734 0.01187782
v 0.02508436 -0.01503926 0.01193800
v 0.02508436 -0.01500118 0.01199240
v 0.02508436 -0.01492500 0.01210122
v 0.02508436 -0.01488690 0.01215562
v 0.02508436 -0.01483994 0.01220258
v 0.02508436 -0.01474602 0.01229650
v 0.02508436 -0.01469906 0.01234346
v 0.02508436 -0.01464466 0.01238154
v 0.02508436 -0.01453584 0.01245772
v 0.02508436 -0.01448144 0.01249582
v 0.02508436 -0.01442126 0.01252390
v 0.02508436 -0.01430088 0.01258002
v 0.02508436 -0.01424068 0.01260810
v 0.02508436 -0.01417654 0.01262528
v 0.02508436 -0.01404824 0.01265966
v 0.02508436 -0.01398410 0.01267686
v 0.02508436 -0.01391794 0.01268264
v 0.02508436 -0.01378560 0.01269422
v 0.02508436 -0.01371944 0.01270000
v 0.02486118 -0.00813144 0.01270000
v 0.03089382 -0.01524344 0.00949246
v 0.03472182 -0.01524344 0.01033424
v 0.04053128 -0.01524344 0.01033424
v 0.04244528 -0.01524344 0.01075512
v 0.03762656 -0.01524344 0.01117600
v 0.03762656 -0.01524056 0.01120908
v 0.03762656 -0.01523476 0.01127524
v 0.03762656 -0.01522318 0.01140756
v 0.03762656 -0.01522030 0.01144064
v 0.03762656 -0.01521170 0.01147272
v 0.03762656 -0.01519450 0.01153686
v 0.03762656 -0.01516012 0.01166516
v 0.03762656 -0.01515154 0.01169724
v 0.03762656 -0.01513750 0.01172734
v 0.03762656 -0.01508136 0.01184772
v 0.03762656 -0.01505330 0.01190792
v 0.03762656 -0.01503926 0.01193800
v 0.03762656 -0.01502022 0.01196522
v 0.03762656 -0.01498214 0.01201962
v 0.03762656 -0.01490594 0.01212842
v 0.03762656 -0.01488690 0.01215562
v 0.03762656 -0.01486342 0.01217910
v 0.03762656 -0.01481646 0.01222606
v 0.03762656 -0.01472254 0.01231998
v 0.03762656 -0.01469906 0.01234346
v 0.03762656 -0.01467186 0.01236250
v 0.03762656 -0.01461746 0.01240060
v 0.03762656 -0.01450864 0.01247678
v 0.03762656 -0.01448144 0.01249582
v 0.03762656 -0.01445136 0.01250986
v 0.03762656 -0.01433098 0.01256600
v 0.03762656 -0.01427078 0.01259406
v 0.03762656 -0.01424068 0.01260810
v 0.03762656 -0.01420862 0.01261670
v 0.03762656 -0.01414446 0.01263388
v 0.03762656 -0.01401616 0.01266826
v 0.03762656 -0.01398410 0.01267686
v 0.03762656 -0.01395102 0.01267974
v 0.03762656 -0.01388484 0.01268554
v 0.03762656 -0.01375252 0.01269712
v 0.03762656 -0.01371944 0.01270000
v 0.03751496 -0.01092544 0.01270000
v 0.04361866 -0.00673444 0.01270000
v 0.05016874 -0.01524344 0.00000000
v 0.05028794 -0.01523406 0.00000000
v 0.05040714 -0.01522468 0.00000000
v 0.05052342 -0.01519678 0.00000000
v 0.05063968 -0.01516886 0.00000000
v 0.05075016 -0.01512310 0.00000000
v 0.05086062 -0.01507734 0.00000000
v 0.05096258 -0.01501486 0.00000000
v 0.05106452 -0.01495240 0.00000000
v 0.05115544 -0.01487474 0.00000002
v 0.05124638 -0.01479708 0.00000002
v 0.05737318 -0.00867026 0.00000002
v 0.05737318 -0.00867026 0.00558802
v 0.05016874 -0.01524344 0.01117602
v 0.05016874 -0.01522030 0.01144064
v 0.05016874 -0.01515154 0.01169724
v 0.05040714 -0.01522468 0.01117602
v 0.05063968 -0.01516886 0.01117602
v 0.05086062 -0.01507734 0.01117602
v 0.05040352 -0.01520182 0.01144064
v 0.05063252 -0.01514684 0.01144064
v 0.05085010 -0.01505672 0.01144064
v 0.05106452 -0.01495240 0.01117602
v 0.05124636 -0.01479708 0.01117602
v 0.05105090 -0.01493366 0.01144064
v 0.05123000 -0.01478070 0.01144064
v 0.05039276 -0.01513392 0.01169724
v 0.05061128 -0.01508144 0.01169724
v 0.05081890 -0.01499546 0.01169724
v 0.05101050 -0.01487804 0.01169724
v 0.05118138 -0.01473208 0.01169724
v 0.05016874 -0.01503926 0.01193802
v 0.05016874 -0.01488690 0.01215562
v 0.05016874 -0.01469906 0.01234346
v 0.05016874 -0.01448144 0.01249582
v 0.05028794 -0.01447206 0.01249582
v 0.05037520 -0.01502302 0.01193802
v 0.05057658 -0.01497468 0.01193802
v 0.05076792 -0.01489542 0.01193802
v 0.05094450 -0.01478720 0.01193802
v 0.05035136 -0.01487252 0.01215562
v 0.05052950 -0.01482976 0.01215562
v 0.05110200 -0.01465270 0.01193802
v 0.05069874 -0.01475966 0.01215562
v 0.05085494 -0.01466394 0.01215562
v 0.05099424 -0.01454496 0.01215562
v 0.05032198 -0.01468700 0.01234346
v 0.05047146 -0.01465110 0.01234346
v 0.05061346 -0.01459228 0.01234346
v 0.05074454 -0.01451198 0.01234346
v 0.05040420 -0.01444416 0.01249582
v 0.05051468 -0.01439840 0.01249582
v 0.05061662 -0.01433592 0.01249582
v 0.05086142 -0.01441214 0.01234346
v 0.05016874 -0.01424068 0.01260810
v 0.05025028 -0.01423428 0.01260810
v 0.05016874 -0.01398410 0.01267686
v 0.05021014 -0.01398082 0.01267686
v 0.05025052 -0.01397114 0.01267686
v 0.05028888 -0.01395524 0.01267686
v 0.05016874 -0.01371944 0.01270000
v 0.05070756 -0.01425826 0.01249582
v 0.05032980 -0.01421518 0.01260810
v 0.05040538 -0.01418388 0.01260810
v 0.05047512 -0.01414114 0.01260810
v 0.05053730 -0.01408802 0.01260810
v 0.05035586 -0.01390658 0.01267686
v 0.05032428 -0.01393354 0.01267686
v 0.05737318 -0.00867026 0.01117602
v 0.05736910 -0.00866618 0.01124218
v 0.05736090 -0.00865798 0.01137448
v 0.05735682 -0.00865390 0.01144064
v 0.05734466 -0.00864174 0.01150480
v 0.05728834 -0.00858542 0.01175744
v 0.05732034 -0.00861742 0.01163310
v 0.05730820 -0.00860528 0.01169724
v 0.05724866 -0.00854574 0.01187782
v 0.05722880 -0.00852588 0.01193802
v 0.05720188 -0.00849896 0.01199242
v 0.05714800 -0.00844508 0.01210122
v 0.05712106 -0.00841814 0.01215562
v 0.05708786 -0.00838494 0.01220258
v 0.05702144 -0.00831852 0.01229650
v 0.05698824 -0.00828532 0.01234346
v 0.05694978 -0.00824684 0.01238156
v 0.05687284 -0.00816992 0.01245774
v 0.05683436 -0.00813144 0.01249584
v 0.05670668 -0.00800376 0.01258004
v 0.05666412 -0.00796120 0.01260810
v 0.05661876 -0.00791584 0.01262530
v 0.05679180 -0.00808888 0.01252390
v 0.05652804 -0.00782512 0.01265968
v 0.05648268 -0.00777976 0.01267686
v 0.05643590 -0.00773298 0.01268264
v 0.05634234 -0.00763942 0.01269422
v 0.06350000 -0.00254344 0.00000002
v 0.05629556 -0.00759262 0.01270000
v 0.04972236 -0.00254344 0.01270000
v 0.04998700 -0.00252030 0.01270000
v 0.05024360 -0.00245154 0.01270000
v 0.05048436 -0.00233928 0.01270000
v 0.05070198 -0.00218690 0.01270000
v 0.05088982 -0.00199906 0.01270000
v 0.06350000 -0.00254344 0.01117602
v 0.06349182 -0.00253526 0.01130834
v 0.06348362 -0.00252708 0.01144066
v 0.06345932 -0.00250276 0.01156896
v 0.06343502 -0.00247846 0.01169726
v 0.06339532 -0.00243876 0.01181764
v 0.06335562 -0.00239908 0.01193802
v 0.06324788 -0.00229132 0.01215562
v 0.06318146 -0.00222492 0.01224954
v 0.06330176 -0.00234520 0.01204682
v 0.06311506 -0.00215850 0.01234346
v 0.06303812 -0.00208156 0.01241964
v 0.06296118 -0.00200464 0.01249584
v 0.06287606 -0.00191950 0.01255198
v 0.06270022 -0.00174366 0.01264248
v 0.06279094 -0.00183438 0.01260810
v 0.06260950 -0.00165294 0.01267686
v 0.06251594 -0.00155938 0.01268844
v 0.06242236 -0.00146582 0.01270002
v 0.01265378 0.00025054 -0.01270000
v 0.02486120 0.00304454 -0.01270000
v 0.03729178 0.00025054 -0.01270000
v 0.03706860 0.00583854 -0.01270000
v 0.02463800 0.00863254 -0.01270000
v 0.02463800 0.00869870 -0.01269420
v 0.02463800 0.00883104 -0.01268264
v 0.02463800 0.00889720 -0.01267684
v 0.02463800 0.00896134 -0.01265966
v 0.02463800 0.00908964 -0.01262528
v 0.02463800 0.00915378 -0.01260810
v 0.02463800 0.00921398 -0.01258002
v 0.02463800 0.00933436 -0.01252390
v 0.02463800 0.00939456 -0.01249582
v 0.02463800 0.00944896 -0.01245774
v 0.02463800 0.00955776 -0.01238154
v 0.02463800 0.00961216 -0.01234346
v 0.02463800 0.00965912 -0.01229650
v 0.02463800 0.00975304 -0.01220256
v 0.02463800 0.00980000 -0.01215560
v 0.02463800 0.00983810 -0.01210120
v 0.02463800 0.00991428 -0.01199240
v 0.02463800 0.00995236 -0.01193800
v 0.02463800 0.00998044 -0.01187782
v 0.02463800 0.01003658 -0.01175744
v 0.02463800 0.01006464 -0.01169724
v 0.02463800 0.01008184 -0.01163310
v 0.02463800 0.01011622 -0.01150480
v 0.02463800 0.01013340 -0.01144064
v 0.02463800 0.01013918 -0.01137448
v 0.02463800 0.01015076 -0.01124216
v 0.02463800 0.01015654 -0.01117600
v 0.01931650 0.01015654 -0.00900450
v 0.02030126 0.01015654 -0.00791876
v 0.03429626 0.01015654 -0.01009024
v 0.03695700 0.00863254 -0.01270000
v 0.03695700 0.00866562 -0.01269710
v 0.03695700 0.00879796 -0.01268552
v 0.03695700 0.00886412 -0.01267974
v 0.03695700 0.00889720 -0.01267684
v 0.03695700 0.00892926 -0.01266826
v 0.03695700 0.00905756 -0.01263388
v 0.03695700 0.00912172 -0.01261668
v 0.03695700 0.00915378 -0.01260808
v 0.03695700 0.00918388 -0.01259406
v 0.03695700 0.00924408 -0.01256598
v 0.03695700 0.00936446 -0.01250986
v 0.03695700 0.00939456 -0.01249582
v 0.03695700 0.00942176 -0.01247678
v 0.03695700 0.00953056 -0.01240058
v 0.03695700 0.00958496 -0.01236250
v 0.03695700 0.00961216 -0.01234344
v 0.03695700 0.00963564 -0.01231996
v 0.03695700 0.00972956 -0.01222604
v 0.03695700 0.00977652 -0.01217908
v 0.03695700 0.00980000 -0.01215560
v 0.03695700 0.00981906 -0.01212840
v 0.03695700 0.00989524 -0.01201960
v 0.03695700 0.00993332 -0.01196520
v 0.03695700 0.00995236 -0.01193800
v 0.03695700 0.00996640 -0.01190790
v 0.03695700 0.00999448 -0.01184772
v 0.03695700 0.01005060 -0.01172734
v 0.03695700 0.01006464 -0.01169724
v 0.03695700 0.01007324 -0.01166516
v 0.03695700 0.01010762 -0.01153686
v 0.03695700 0.01012480 -0.01147272
v 0.03695700 0.01013340 -0.01144064
v 0.03695700 0.01013630 -0.01140756
v 0.03695700 0.01014208 -0.01134140
v 0.03695700 0.01015366 -0.01120908
v 0.03695700 0.01015654 -0.01117600
v 0.03961776 0.01015654 -0.01009024
v 0.02995950 0.01015654 -0.00900450
v 0.02030126 0.01015654 -0.00233074
v 0.03961776 0.01015654 -0.00450224
v 0.05682880 0.00393992 -0.01269998
v 0.06945552 0.00375468 -0.01199238
v 0.06948244 0.00372774 -0.01193798
v 0.06954198 0.00366820 -0.01175742
v 0.06950230 0.00370790 -0.01187780
v 0.06956184 0.00364836 -0.01169722
v 0.06957398 0.00363620 -0.01163308
v 0.06959830 0.00361190 -0.01150478
v 0.06961046 0.00359974 -0.01144062
v 0.06961454 0.00359564 -0.01137446
v 0.06962272 0.00358746 -0.01124214
v 0.06962682 0.00358336 -0.01117598
v 0.06920340 0.00400678 -0.01238152
v 0.06896032 0.00424986 -0.01258002
v 0.06904544 0.00416474 -0.01252388
v 0.06912648 0.00408372 -0.01245772
v 0.06908800 0.00412218 -0.01249582
v 0.06924188 0.00396832 -0.01234344
v 0.06937470 0.00383548 -0.01215560
v 0.06934150 0.00386870 -0.01220256
v 0.06927508 0.00393510 -0.01229648
v 0.06940164 0.00380856 -0.01210120
v 0.06868954 0.00452066 -0.01268262
v 0.06891776 0.00429242 -0.01260808
v 0.06887240 0.00433778 -0.01262526
v 0.06878168 0.00442850 -0.01265964
v 0.06873632 0.00447386 -0.01267684
v 0.06859598 0.00461422 -0.01269420
v 0.06854920 0.00466100 -0.01269998
v 0.06962682 0.00358336 -0.00558798
v 0.04927600 0.00863254 -0.01269998
v 0.04927600 0.00889720 -0.01267684
v 0.04980528 0.00867886 -0.01269998
v 0.04975932 0.00893948 -0.01267684
v 0.05031848 0.00881636 -0.01269998
v 0.04927600 0.00915378 -0.01260808
v 0.04927600 0.00939456 -0.01249582
v 0.04971478 0.00919218 -0.01260808
v 0.05022798 0.00906506 -0.01267684
v 0.05014020 0.00930618 -0.01260808
v 0.04967296 0.00942928 -0.01249582
v 0.05080000 0.00904090 -0.01269998
v 0.05066768 0.00927008 -0.01267684
v 0.05053938 0.00949232 -0.01260808
v 0.05123522 0.00934564 -0.01269998
v 0.04927600 0.00961216 -0.01234344
v 0.04963518 0.00964358 -0.01234344
v 0.05005786 0.00953242 -0.01249582
v 0.04998344 0.00973690 -0.01234344
v 0.05031020 0.00988928 -0.01234344
v 0.04927600 0.00980000 -0.01215560
v 0.04927600 0.00995236 -0.01193800
v 0.04960256 0.00982858 -0.01215560
v 0.04991920 0.00991342 -0.01215560
v 0.04957610 0.00997862 -0.01193800
v 0.05021628 0.01005194 -0.01215560
v 0.04986708 0.01005660 -0.01193800
v 0.05014010 0.01018390 -0.01193800
v 0.05106512 0.00954838 -0.01267684
v 0.05090018 0.00974494 -0.01260808
v 0.05041900 0.00970082 -0.01249582
v 0.05074542 0.00992938 -0.01249582
v 0.05161090 0.00972134 -0.01269998
v 0.05140818 0.00989144 -0.01267684
v 0.05121162 0.01005638 -0.01260808
v 0.05060554 0.01009608 -0.01234344
v 0.05102718 0.01021114 -0.01249582
v 0.05086048 0.01035102 -0.01234344
v 0.05191566 0.01015654 -0.01269998
v 0.05168646 0.01028888 -0.01267684
v 0.05146424 0.01041716 -0.01260808
v 0.05048480 0.01023996 -0.01215560
v 0.05071658 0.01047176 -0.01215560
v 0.05038686 0.01035670 -0.01193800
v 0.04927600 0.01006464 -0.01169724
v 0.04955660 0.01008920 -0.01169724
v 0.04982868 0.01016210 -0.01169724
v 0.05008396 0.01028114 -0.01169724
v 0.05031470 0.01044270 -0.01169724
v 0.04927600 0.01013340 -0.01144064
v 0.04927600 0.01015654 -0.01117600
v 0.04954466 0.01015690 -0.01144064
v 0.04980516 0.01022670 -0.01144064
v 0.04954064 0.01017970 -0.01117600
v 0.05004958 0.01034068 -0.01144064
v 0.04979724 0.01024846 -0.01117600
v 0.05003800 0.01036072 -0.01117600
v 0.05125574 0.01053756 -0.01249582
v 0.05106728 0.01064636 -0.01234344
v 0.05214018 0.01063806 -0.01269998
v 0.05165038 0.01081636 -0.01260808
v 0.05189150 0.01072858 -0.01267684
v 0.05142414 0.01089868 -0.01249582
v 0.05059986 0.01056970 -0.01193800
v 0.05090460 0.01074028 -0.01215560
v 0.05077266 0.01081646 -0.01193800
v 0.05121966 0.01097312 -0.01234344
v 0.05131298 0.01132138 -0.01234344
v 0.05227770 0.01115126 -0.01269998
v 0.05176438 0.01124178 -0.01260808
v 0.05201708 0.01119722 -0.01267684
v 0.05152728 0.01128360 -0.01249582
v 0.05104314 0.01103736 -0.01215560
v 0.05089996 0.01108948 -0.01193800
v 0.05112798 0.01135400 -0.01215560
v 0.05097792 0.01138046 -0.01193800
v 0.05027050 0.01049536 -0.01144064
v 0.05025562 0.01051310 -0.01117600
v 0.05051386 0.01064186 -0.01169724
v 0.05067542 0.01087260 -0.01169724
v 0.05046120 0.01068606 -0.01144064
v 0.05044346 0.01070094 -0.01117600
v 0.05061588 0.01090698 -0.01144064
v 0.05059584 0.01091856 -0.01117600
v 0.05079446 0.01112788 -0.01169724
v 0.05086736 0.01139996 -0.01169724
v 0.05072986 0.01115138 -0.01144064
v 0.05070810 0.01115930 -0.01117600
v 0.05079966 0.01141188 -0.01144064
v 0.05077686 0.01141592 -0.01117600
v 0.05180276 0.01168054 -0.01260808
v 0.05205936 0.01168054 -0.01267684
v 0.05156200 0.01168054 -0.01249582
v 0.05134440 0.01168054 -0.01234344
v 0.05115656 0.01168054 -0.01215560
v 0.05100418 0.01168054 -0.01193800
v 0.05089192 0.01168054 -0.01169724
v 0.05082316 0.01168054 -0.01144064
v 0.05080000 0.01168054 -0.01117600
v 0.05180276 0.01371254 -0.01260808
v 0.05205936 0.01371254 -0.01267684
v 0.05156200 0.01371254 -0.01249582
v 0.05134440 0.01371254 -0.01234344
v 0.05115656 0.01371254 -0.01215560
v 0.05100418 0.01371254 -0.01193800
v 0.05181068 0.01397720 -0.01258632
v 0.05206338 0.01397720 -0.01265404
v 0.05157358 0.01397720 -0.01247576
v 0.05135928 0.01397720 -0.01232570
v 0.05183420 0.01423378 -0.01252172
v 0.05207532 0.01423378 -0.01258632
v 0.05160796 0.01423378 -0.01241622
v 0.05117428 0.01397720 -0.01214072
v 0.05102424 0.01397720 -0.01192642
v 0.05122696 0.01423378 -0.01209652
v 0.05140348 0.01423378 -0.01227304
v 0.05089192 0.01371254 -0.01169724
v 0.05082316 0.01371254 -0.01144064
v 0.05080000 0.01371254 -0.01117600
v 0.05091368 0.01397720 -0.01168932
v 0.05108378 0.01423378 -0.01189204
v 0.05097828 0.01423378 -0.01166580
v 0.05084596 0.01397720 -0.01143662
v 0.05082316 0.01397720 -0.01117600
v 0.05091368 0.01423378 -0.01142468
v 0.05089192 0.01423378 -0.01117600
v 0.05166410 0.01447456 -0.01231898
v 0.05187260 0.01447456 -0.01241622
v 0.05209482 0.01447456 -0.01247576
v 0.05212128 0.01469216 -0.01232570
v 0.05131296 0.01447456 -0.01202436
v 0.05147564 0.01447456 -0.01218704
v 0.05174028 0.01469216 -0.01218704
v 0.05192472 0.01469216 -0.01227304
v 0.05157358 0.01469216 -0.01207030
v 0.05142968 0.01469216 -0.01192642
v 0.05215390 0.01488000 -0.01214072
v 0.05169432 0.01488000 -0.01192642
v 0.05198896 0.01488000 -0.01209652
v 0.05183420 0.01488000 -0.01202436
v 0.05219168 0.01503238 -0.01192642
v 0.05118100 0.01447456 -0.01183590
v 0.05108378 0.01447456 -0.01162740
v 0.05131296 0.01469216 -0.01175972
v 0.05122696 0.01469216 -0.01157528
v 0.05102424 0.01447456 -0.01140518
v 0.05100418 0.01447456 -0.01117600
v 0.05117428 0.01469216 -0.01137872
v 0.05115656 0.01469216 -0.01117600
v 0.05157358 0.01488000 -0.01180566
v 0.05147564 0.01488000 -0.01166580
v 0.05140348 0.01488000 -0.01151104
v 0.05206338 0.01503238 -0.01189204
v 0.05194300 0.01503238 -0.01183590
v 0.05183420 0.01503238 -0.01175972
v 0.05174028 0.01503238 -0.01166580
v 0.05166410 0.01503238 -0.01155698
v 0.05206338 0.01514464 -0.01162740
v 0.05214574 0.01514464 -0.01166580
v 0.05223350 0.01514464 -0.01168932
v 0.05198896 0.01514464 -0.01157528
v 0.05192472 0.01514464 -0.01151104
v 0.05135928 0.01488000 -0.01134610
v 0.05134440 0.01488000 -0.01117600
v 0.05160796 0.01503238 -0.01143662
v 0.05187260 0.01514464 -0.01143662
v 0.05227806 0.01521340 -0.01143662
v 0.05223350 0.01521340 -0.01142468
v 0.05183420 0.01514464 -0.01135426
v 0.05215390 0.01521340 -0.01137872
v 0.05219168 0.01521340 -0.01140518
v 0.05212128 0.01521340 -0.01134610
v 0.05157358 0.01503238 -0.01130830
v 0.05156200 0.01503238 -0.01117600
v 0.05181068 0.01514464 -0.01126650
v 0.05180276 0.01514464 -0.01117600
v 0.05206338 0.01521340 -0.01122194
v 0.05209482 0.01521340 -0.01130830
v 0.05207532 0.01521340 -0.01126650
v 0.05205936 0.01521340 -0.01117600
v 0.05232400 0.01168054 -0.01269998
v 0.05232400 0.01371254 -0.01269998
v 0.05232400 0.01397720 -0.01267684
v 0.05232400 0.01423378 -0.01260808
v 0.05232400 0.01447456 -0.01249582
v 0.05232400 0.01469216 -0.01234344
v 0.05232400 0.01488000 -0.01215560
v 0.05232400 0.01503238 -0.01193800
v 0.05232400 0.01514464 -0.01169724
v 0.05232400 0.01521340 -0.01144064
v 0.05232400 0.01523654 -0.01117600
v 0.06295562 0.01006674 -0.01269998
v 0.06314346 0.01025458 -0.01269998
v 0.06329582 0.01047218 -0.01269998
v 0.06340810 0.01071294 -0.01269998
v 0.06347686 0.01096954 -0.01269998
v 0.06350000 0.01123418 -0.01269998
v 0.07550152 0.00996230 -0.01215560
v 0.07560926 0.00985456 -0.01193798
v 0.07504458 0.01041924 -0.01260808
v 0.07536870 0.01009514 -0.01234344
v 0.07546852 0.01021202 -0.01234344
v 0.07521482 0.01024900 -0.01249580
v 0.07529248 0.01033992 -0.01249580
v 0.07554884 0.01034308 -0.01234344
v 0.07535496 0.01044188 -0.01249580
v 0.07562050 0.01010160 -0.01215560
v 0.07574376 0.01001204 -0.01193798
v 0.07585198 0.01018862 -0.01193798
v 0.07571622 0.01025780 -0.01215560
v 0.07578632 0.01042706 -0.01215560
v 0.07593124 0.01037996 -0.01193798
v 0.07568866 0.00977516 -0.01169722
v 0.07583460 0.00994606 -0.01169722
v 0.07573726 0.00972656 -0.01144062
v 0.07575364 0.00971018 -0.01117598
v 0.07589022 0.00990564 -0.01144062
v 0.07590894 0.00989204 -0.01117598
v 0.07595200 0.01013766 -0.01169722
v 0.07603800 0.01034526 -0.01169722
v 0.07601328 0.01010644 -0.01144062
v 0.07603390 0.01009592 -0.01117598
v 0.07610340 0.01032402 -0.01144062
v 0.07612542 0.01031688 -0.01117598
v 0.07509770 0.01048144 -0.01260808
v 0.07514042 0.01055116 -0.01260808
v 0.07486314 0.01060068 -0.01267684
v 0.07489010 0.01063226 -0.01267684
v 0.07491180 0.01066768 -0.01267684
v 0.07492770 0.01070604 -0.01267684
v 0.07517172 0.01062674 -0.01260808
v 0.07519082 0.01070628 -0.01260808
v 0.07467600 0.01078782 -0.01269998
v 0.07493738 0.01074642 -0.01267684
v 0.07494064 0.01078782 -0.01267684
v 0.07519724 0.01078782 -0.01260808
v 0.07540070 0.01055234 -0.01249580
v 0.07560768 0.01048510 -0.01234344
v 0.07542862 0.01066862 -0.01249580
v 0.07564356 0.01063458 -0.01234344
v 0.07543800 0.01078782 -0.01249580
v 0.07565562 0.01078782 -0.01234344
v 0.07582908 0.01060518 -0.01215560
v 0.07597958 0.01058136 -0.01193798
v 0.07584346 0.01078782 -0.01215560
v 0.07599584 0.01078782 -0.01193798
v 0.07609046 0.01056378 -0.01169722
v 0.07610810 0.01078782 -0.01169722
v 0.07615838 0.01055304 -0.01144062
v 0.07618124 0.01054940 -0.01117598
v 0.07617686 0.01078782 -0.01144062
v 0.07620000 0.01078782 -0.01117598
v 0.06350000 0.01269654 -0.01269998
v 0.06350000 0.01371254 -0.01269998
v 0.06350000 0.01384488 -0.01268840
v 0.06350000 0.01397720 -0.01267684
v 0.06350000 0.01410550 -0.01264246
v 0.06350000 0.01423378 -0.01260808
v 0.06350000 0.01435418 -0.01255194
v 0.06350000 0.01447456 -0.01249582
v 0.06350000 0.01458336 -0.01241962
v 0.06350000 0.01469216 -0.01234344
v 0.06350000 0.01478608 -0.01224952
v 0.06350000 0.01488000 -0.01215560
v 0.06350000 0.01495618 -0.01204680
v 0.06350000 0.01503238 -0.01193800
v 0.06350000 0.01508850 -0.01181760
v 0.06350000 0.01514464 -0.01169722
v 0.06350000 0.01517902 -0.01156892
v 0.06350000 0.01521340 -0.01144064
v 0.06350000 0.01522498 -0.01130830
v 0.06350000 0.01523654 -0.01117598
v 0.07467600 0.01371254 -0.01269998
v 0.07494064 0.01371254 -0.01267684
v 0.07519724 0.01371254 -0.01260808
v 0.07543800 0.01371254 -0.01249580
v 0.07565562 0.01371254 -0.01234344
v 0.07584346 0.01371254 -0.01215560
v 0.07599584 0.01371254 -0.01193798
v 0.07467600 0.01397720 -0.01267684
v 0.07494064 0.01397316 -0.01265402
v 0.07519724 0.01396124 -0.01258632
v 0.07467600 0.01423378 -0.01260808
v 0.07494064 0.01422586 -0.01258632
v 0.07519724 0.01420236 -0.01252172
v 0.07565562 0.01391528 -0.01232570
v 0.07543800 0.01394174 -0.01247576
v 0.07543800 0.01416396 -0.01241622
v 0.07584346 0.01388266 -0.01214070
v 0.07599584 0.01384488 -0.01192640
v 0.07565562 0.01411184 -0.01227302
v 0.07584346 0.01404760 -0.01209652
v 0.07584346 0.01420236 -0.01202434
v 0.07610810 0.01371254 -0.01169722
v 0.07610810 0.01380306 -0.01168930
v 0.07617686 0.01371254 -0.01144062
v 0.07617686 0.01375850 -0.01143660
v 0.07617686 0.01380306 -0.01142466
v 0.07620000 0.01371254 -0.01117598
v 0.07599584 0.01397316 -0.01189202
v 0.07610810 0.01389084 -0.01166578
v 0.07610810 0.01397316 -0.01162738
v 0.07599584 0.01409356 -0.01183590
v 0.07599584 0.01420236 -0.01175972
v 0.07610810 0.01404760 -0.01157528
v 0.07610810 0.01411184 -0.01151102
v 0.07617686 0.01384488 -0.01140516
v 0.07617686 0.01388266 -0.01137870
v 0.07617686 0.01391528 -0.01134608
v 0.07617686 0.01394174 -0.01130830
v 0.07617686 0.01396124 -0.01126650
v 0.07617686 0.01397316 -0.01122194
v 0.07617686 0.01397720 -0.01117598
v 0.07610810 0.01416396 -0.01143660
v 0.07610810 0.01420236 -0.01135426
v 0.07610810 0.01422586 -0.01126650
v 0.07610810 0.01423378 -0.01117598
v 0.07467600 0.01447456 -0.01249580
v 0.07494064 0.01446298 -0.01247576
v 0.07519724 0.01442860 -0.01241622
v 0.07467600 0.01469216 -0.01234344
v 0.07494064 0.01467728 -0.01232570
v 0.07543800 0.01437246 -0.01231898
v 0.07519724 0.01463308 -0.01227304
v 0.07565562 0.01429628 -0.01218702
v 0.07565562 0.01446298 -0.01207030
v 0.07584346 0.01434224 -0.01192640
v 0.07543800 0.01456092 -0.01218702
v 0.07565562 0.01460686 -0.01192640
v 0.07543800 0.01472360 -0.01202436
v 0.07467600 0.01488000 -0.01215560
v 0.07494064 0.01486226 -0.01214070
v 0.07519724 0.01480960 -0.01209652
v 0.07467600 0.01503238 -0.01193798
v 0.07494064 0.01501232 -0.01192640
v 0.07584346 0.01446298 -0.01180566
v 0.07599584 0.01429628 -0.01166578
v 0.07599584 0.01437246 -0.01155698
v 0.07565562 0.01472360 -0.01175972
v 0.07584346 0.01456092 -0.01166578
v 0.07584346 0.01463308 -0.01151102
v 0.07599584 0.01442860 -0.01143660
v 0.07599584 0.01446298 -0.01130830
v 0.07599584 0.01447456 -0.01117598
v 0.07584346 0.01467728 -0.01134608
v 0.07584346 0.01469216 -0.01117598
v 0.07519724 0.01495278 -0.01189202
v 0.07467600 0.01514464 -0.01169722
v 0.07519724 0.01505828 -0.01166578
v 0.07494064 0.01512288 -0.01168930
v 0.07543800 0.01485556 -0.01183590
v 0.07565562 0.01480960 -0.01157528
v 0.07543800 0.01495278 -0.01162738
v 0.07467600 0.01521340 -0.01144062
v 0.07494064 0.01519060 -0.01143660
v 0.07519724 0.01512288 -0.01142466
v 0.07467600 0.01523654 -0.01117598
v 0.07494064 0.01521340 -0.01117598
v 0.07519724 0.01514464 -0.01117598
v 0.07565562 0.01486226 -0.01137870
v 0.07565562 0.01488000 -0.01117598
v 0.07543800 0.01501232 -0.01140516
v 0.07543800 0.01503238 -0.01117598
v 0.05791200 0.01523654 -0.00558798
v 0.06908800 0.01523654 -0.00558798
v 0.02441482 0.00304454 0.01270000
v 0.03706860 0.00025054 0.01270000
v 0.03684540 0.00583854 0.01270000
v 0.02030126 0.01015654 0.00450226
v 0.02995950 0.01015654 0.00217150
v 0.02030126 0.01015654 0.00791876
v 0.02463800 0.00863254 0.01270000
v 0.02463800 0.00869870 0.01269422
v 0.02463800 0.00883104 0.01268264
v 0.02463800 0.00889720 0.01267686
v 0.02463800 0.00896134 0.01265966
v 0.02463800 0.00908964 0.01262528
v 0.02463800 0.00915378 0.01260810
v 0.02463800 0.00921398 0.01258002
v 0.02463800 0.00939456 0.01249582
v 0.02463800 0.00944896 0.01245772
v 0.02463800 0.00933436 0.01252388
v 0.02463800 0.00998044 0.01187782
v 0.02463800 0.01015654 0.01117600
v 0.02463800 0.01015076 0.01124216
v 0.02463800 0.01011622 0.01150478
v 0.02463800 0.01013918 0.01137448
v 0.02463800 0.01013340 0.01144064
v 0.02463800 0.01008184 0.01163308
v 0.02463800 0.01006464 0.01169724
v 0.02463800 0.01003658 0.01175742
v 0.02463800 0.00975304 0.01220258
v 0.02463800 0.00965912 0.01229650
v 0.02463800 0.00983810 0.01210120
v 0.02463800 0.00991428 0.01199240
v 0.02463800 0.00995236 0.01193800
v 0.02463800 0.00980000 0.01215562
v 0.02463800 0.00955776 0.01238154
v 0.02463800 0.00961216 0.01234346
v 0.02995950 0.01015654 0.00900450
v 0.03961776 0.01015654 0.00667376
v 0.03695700 0.00863254 0.01270000
v 0.03695700 0.00866562 0.01269710
v 0.03695700 0.00879796 0.01268554
v 0.03695700 0.00886412 0.01267974
v 0.03695700 0.00889720 0.01267686
v 0.03695700 0.00892926 0.01266826
v 0.03695700 0.00905756 0.01263388
v 0.03695700 0.00912172 0.01261670
v 0.03695700 0.00915378 0.01260810
v 0.03695700 0.00918388 0.01259406
v 0.03695700 0.00924408 0.01256600
v 0.03695700 0.00939456 0.01249582
v 0.03695700 0.00942176 0.01247678
v 0.03695700 0.00936446 0.01250986
v 0.03961776 0.01015654 0.01009026
v 0.03695700 0.00999448 0.01184772
v 0.03695700 0.01015654 0.01117600
v 0.03695700 0.01015366 0.01120908
v 0.03695700 0.01014786 0.01127524
v 0.03695700 0.01013630 0.01140756
v 0.03695700 0.01013340 0.01144064
v 0.03695700 0.01012480 0.01147272
v 0.03695700 0.01010762 0.01153686
v 0.03695700 0.01007324 0.01166516
v 0.03695700 0.01006464 0.01169724
v 0.03695700 0.01005060 0.01172734
v 0.03695700 0.00972956 0.01222606
v 0.03695700 0.00993332 0.01196520
v 0.03695700 0.00996640 0.01190792
v 0.03695700 0.00995236 0.01193800
v 0.03695700 0.00989524 0.01201962
v 0.03695700 0.00981906 0.01212842
v 0.03695700 0.00977652 0.01217910
v 0.03695700 0.00980000 0.01215562
v 0.03695700 0.00953056 0.01240060
v 0.03695700 0.00963564 0.01231998
v 0.03695700 0.00961216 0.01234346
v 0.03695700 0.00958496 0.01236250
v 0.06962682 0.00358336 0.00000002
v 0.06962682 0.00358336 0.00558802
v 0.05701664 0.00412776 0.01270000
v 0.06962682 0.00358336 0.01117602
v 0.06962272 0.00358746 0.01124218
v 0.06961454 0.00359564 0.01137450
v 0.06961044 0.00359974 0.01144066
v 0.06959828 0.00361190 0.01150480
v 0.06957398 0.00363620 0.01163310
v 0.06956182 0.00364836 0.01169726
v 0.06954198 0.00366820 0.01175744
v 0.06950228 0.00370790 0.01187782
v 0.06945550 0.00375468 0.01199242
v 0.06948244 0.00372774 0.01193802
v 0.06940164 0.00380856 0.01210122
v 0.06937470 0.00383548 0.01215562
v 0.06934150 0.00386870 0.01220258
v 0.06927508 0.00393510 0.01229650
v 0.06920340 0.00400678 0.01238156
v 0.06912646 0.00408372 0.01245774
v 0.06908800 0.00412218 0.01249584
v 0.06896032 0.00424986 0.01258004
v 0.06904544 0.00416474 0.01252390
v 0.06924186 0.00396832 0.01234346
v 0.06868952 0.00452066 0.01268266
v 0.06891776 0.00429242 0.01260810
v 0.06887240 0.00433778 0.01262530
v 0.06878168 0.00442850 0.01265968
v 0.06873632 0.00447386 0.01267686
v 0.06859596 0.00461422 0.01269422
v 0.06854918 0.00466100 0.01270002
v 0.04927600 0.01015654 0.00000000
v 0.04940832 0.01016812 0.00000000
v 0.04954064 0.01017970 0.00000000
v 0.04966894 0.01021408 0.00000000
v 0.04979724 0.01024846 0.00000000
v 0.04991762 0.01030460 0.00000000
v 0.05003800 0.01036072 0.00000000
v 0.05014680 0.01043692 0.00000000
v 0.05025562 0.01051310 0.00000000
v 0.05034954 0.01060702 0.00000000
v 0.05044346 0.01070094 0.00000000
v 0.05051964 0.01080976 0.00000000
v 0.05059582 0.01091856 0.00000000
v 0.05065196 0.01103894 0.00000000
v 0.05070810 0.01115930 0.00000000
v 0.05074248 0.01128762 0.00000000
v 0.05077684 0.01141592 0.00000000
v 0.04444688 0.01015654 0.00333688
v 0.05078842 0.01154824 0.00000000
v 0.05080000 0.01168054 0.00000000
v 0.05080000 0.01269654 0.00000000
v 0.05080000 0.01371254 0.00000000
v 0.05081158 0.01384488 0.00000000
v 0.05082316 0.01397720 0.00000000
v 0.05085754 0.01410550 0.00000000
v 0.05089192 0.01423378 0.00000000
v 0.05094804 0.01435418 0.00000000
v 0.05100418 0.01447456 0.00000000
v 0.05108036 0.01458336 0.00000000
v 0.05115654 0.01469216 0.00000002
v 0.05125048 0.01478608 0.00000002
v 0.05134440 0.01488000 0.00000002
v 0.05145320 0.01495618 0.00000002
v 0.05156200 0.01503238 0.00000002
v 0.05168238 0.01508850 0.00000002
v 0.05180276 0.01514464 0.00000002
v 0.05193106 0.01517902 0.00000002
v 0.05205936 0.01521340 0.00000002
v 0.05219168 0.01522498 0.00000002
v 0.05232400 0.01523654 0.00000002
v 0.05791200 0.01523654 0.00558802
v 0.07575364 0.00971018 0.00000002
v 0.07583128 0.00980110 0.00000002
v 0.07590894 0.00989204 0.00000002
v 0.07597142 0.00999398 0.00000002
v 0.07603390 0.01009592 0.00000002
v 0.07607966 0.01020640 0.00000002
v 0.07612542 0.01031688 0.00000002
v 0.07615332 0.01043314 0.00000002
v 0.07618124 0.01054940 0.00000002
v 0.07619062 0.01066860 0.00000002
v 0.07620000 0.01078782 0.00000002
v 0.06350000 0.01523654 0.00000002
v 0.07620000 0.01225018 0.00000002
v 0.07620000 0.01371254 0.00000002
v 0.07618842 0.01384488 0.00000002
v 0.07617684 0.01397720 0.00000002
v 0.07614248 0.01410550 0.00000002
v 0.07610810 0.01423378 0.00000002
v 0.07605196 0.01435418 0.00000002
v 0.07599582 0.01447456 0.00000002
v 0.07591964 0.01458336 0.00000002
v 0.07584346 0.01469216 0.00000002
v 0.07467600 0.01523654 0.00000002
v 0.07480832 0.01522498 0.00000002
v 0.07494064 0.01521340 0.00000002
v 0.07519724 0.01514464 0.00000002
v 0.07506894 0.01517902 0.00000002
v 0.07565562 0.01488000 0.00000002
v 0.07554680 0.01495618 0.00000002
v 0.07574954 0.01478608 0.00000002
v 0.07543800 0.01503238 0.00000002
v 0.07531762 0.01508850 0.00000002
v 0.06908800 0.01523654 0.00558802
v 0.04927600 0.00863254 0.01270000
v 0.04927600 0.00889720 0.01267686
v 0.04980528 0.00867886 0.01270000
v 0.04975932 0.00893948 0.01267686
v 0.05031848 0.00881636 0.01270000
v 0.04927600 0.00915378 0.01260810
v 0.04927600 0.00939456 0.01249582
v 0.04971476 0.00919218 0.01260810
v 0.05022796 0.00906506 0.01267686
v 0.04967296 0.00942928 0.01249582
v 0.05014020 0.00930618 0.01260810
v 0.05080000 0.00904090 0.01270000
v 0.05066768 0.00927008 0.01267686
v 0.05053938 0.00949232 0.01260810
v 0.05123522 0.00934564 0.01270000
v 0.04927600 0.01015654 0.01117602
v 0.04927600 0.01013340 0.01144064
v 0.04954064 0.01017970 0.01117602
v 0.04954466 0.01015690 0.01144064
v 0.04980516 0.01022670 0.01144064
v 0.04979724 0.01024846 0.01117602
v 0.05003800 0.01036072 0.01117602
v 0.05004958 0.01034068 0.01144064
v 0.04927600 0.01006464 0.01169724
v 0.04955660 0.01008920 0.01169724
v 0.04982868 0.01016210 0.01169724
v 0.05008396 0.01028114 0.01169724
v 0.05031468 0.01044270 0.01169724
v 0.04927600 0.00995236 0.01193802
v 0.04927600 0.00980000 0.01215562
v 0.04957610 0.00997862 0.01193802
v 0.04960256 0.00982858 0.01215562
v 0.04991918 0.00991342 0.01215562
v 0.04927600 0.00961216 0.01234346
v 0.04963518 0.00964358 0.01234346
v 0.05005786 0.00953242 0.01249582
v 0.04998342 0.00973690 0.01234346
v 0.05031020 0.00988928 0.01234346
v 0.04986706 0.01005660 0.01193802
v 0.05014008 0.01018390 0.01193802
v 0.05021628 0.01005194 0.01215562
v 0.05041900 0.00970082 0.01249582
v 0.05106510 0.00954838 0.01267686
v 0.05090018 0.00974494 0.01260810
v 0.05074540 0.00992938 0.01249582
v 0.05161090 0.00972134 0.01270000
v 0.05140818 0.00989144 0.01267686
v 0.05038684 0.01035670 0.01193802
v 0.05048478 0.01023996 0.01215562
v 0.05071658 0.01047176 0.01215562
v 0.05060554 0.01009608 0.01234346
v 0.05102718 0.01021114 0.01249582
v 0.05121160 0.01005638 0.01260810
v 0.05086048 0.01035102 0.01234346
v 0.05191564 0.01015654 0.01270000
v 0.05168646 0.01028888 0.01267686
v 0.05146424 0.01041716 0.01260810
v 0.05025560 0.01051310 0.01117602
v 0.05027048 0.01049536 0.01144064
v 0.05044344 0.01070094 0.01117602
v 0.05046118 0.01068606 0.01144064
v 0.05059582 0.01091856 0.01117602
v 0.05061588 0.01090698 0.01144064
v 0.05051386 0.01064186 0.01169724
v 0.05067542 0.01087260 0.01169724
v 0.05070810 0.01115930 0.01117602
v 0.05072984 0.01115138 0.01144064
v 0.05077684 0.01141592 0.01117602
v 0.05079964 0.01141188 0.01144064
v 0.05079446 0.01112788 0.01169724
v 0.05086736 0.01139996 0.01169724
v 0.05059986 0.01056970 0.01193802
v 0.05077264 0.01081646 0.01193802
v 0.05090460 0.01074028 0.01215562
v 0.05125574 0.01053756 0.01249584
v 0.05106728 0.01064636 0.01234346
v 0.05214018 0.01063806 0.01270000
v 0.05142414 0.01089868 0.01249584
v 0.05165038 0.01081636 0.01260810
v 0.05189150 0.01072858 0.01267686
v 0.05089996 0.01108948 0.01193802
v 0.05104314 0.01103736 0.01215562
v 0.05097792 0.01138046 0.01193802
v 0.05112798 0.01135400 0.01215562
v 0.05121966 0.01097312 0.01234346
v 0.05131296 0.01132138 0.01234346
v 0.05227770 0.01115126 0.01270000
v 0.05152726 0.01128360 0.01249584
v 0.05176438 0.01124178 0.01260810
v 0.05201708 0.01119722 0.01267686
v 0.05080000 0.01168054 0.01117602
v 0.05082314 0.01168054 0.01144064
v 0.05089190 0.01168054 0.01169724
v 0.05100418 0.01168054 0.01193802
v 0.05115654 0.01168054 0.01215562
v 0.05134438 0.01168054 0.01234346
v 0.05156200 0.01168054 0.01249584
v 0.05180276 0.01168054 0.01260810
v 0.05205936 0.01168054 0.01267686
v 0.05080000 0.01371254 0.01117602
v 0.05082314 0.01371254 0.01144064
v 0.05089190 0.01371254 0.01169724
v 0.05082314 0.01397720 0.01117602
v 0.05084596 0.01397316 0.01144064
v 0.05089190 0.01423378 0.01117602
v 0.05091366 0.01422586 0.01144064
v 0.05091366 0.01396124 0.01169724
v 0.05097828 0.01420236 0.01169724
v 0.05100418 0.01371254 0.01193802
v 0.05115654 0.01371254 0.01215562
v 0.05134438 0.01371254 0.01234346
v 0.05156200 0.01371254 0.01249584
v 0.05180276 0.01371254 0.01260810
v 0.05181068 0.01380306 0.01260810
v 0.05205936 0.01371254 0.01267686
v 0.05206338 0.01375850 0.01267686
v 0.05207532 0.01380306 0.01267686
v 0.05102422 0.01394174 0.01193802
v 0.05117428 0.01391528 0.01215562
v 0.05108378 0.01416396 0.01193802
v 0.05122696 0.01411184 0.01215562
v 0.05135928 0.01388266 0.01234346
v 0.05157358 0.01384488 0.01249584
v 0.05160796 0.01397316 0.01249584
v 0.05183420 0.01389084 0.01260810
v 0.05209482 0.01384488 0.01267686
v 0.05212128 0.01388266 0.01267686
v 0.05215390 0.01391528 0.01267686
v 0.05187258 0.01397316 0.01260810
v 0.05219168 0.01394174 0.01267686
v 0.05223348 0.01396124 0.01267686
v 0.05227804 0.01397316 0.01267686
v 0.05140346 0.01404760 0.01234346
v 0.05166408 0.01409356 0.01249584
v 0.05147564 0.01420236 0.01234346
v 0.05174028 0.01420236 0.01249584
v 0.05192470 0.01404760 0.01260810
v 0.05198896 0.01411184 0.01260810
v 0.05206338 0.01416396 0.01260810
v 0.05214572 0.01420236 0.01260810
v 0.05223348 0.01422586 0.01260810
v 0.05100418 0.01447456 0.01117602
v 0.05102422 0.01446298 0.01144064
v 0.05115654 0.01469216 0.01117602
v 0.05117428 0.01467728 0.01144064
v 0.05108378 0.01442860 0.01169724
v 0.05122696 0.01463308 0.01169724
v 0.05134438 0.01488000 0.01117602
v 0.05135928 0.01486226 0.01144064
v 0.05156200 0.01503238 0.01117602
v 0.05180276 0.01514464 0.01117602
v 0.05205936 0.01521340 0.01117602
v 0.05157358 0.01501232 0.01144064
v 0.05181068 0.01512288 0.01144064
v 0.05206338 0.01519060 0.01144064
v 0.05140346 0.01480960 0.01169724
v 0.05160796 0.01495278 0.01169724
v 0.05183420 0.01505828 0.01169724
v 0.05207532 0.01512288 0.01169724
v 0.05118100 0.01437246 0.01193802
v 0.05131296 0.01429628 0.01215562
v 0.05131296 0.01456092 0.01193802
v 0.05142968 0.01446298 0.01215562
v 0.05147564 0.01472360 0.01193802
v 0.05157358 0.01460686 0.01215562
v 0.05174028 0.01472360 0.01215562
v 0.05157358 0.01434224 0.01234346
v 0.05169432 0.01446298 0.01234346
v 0.05183420 0.01429628 0.01249584
v 0.05194300 0.01437246 0.01249584
v 0.05206338 0.01442860 0.01249584
v 0.05219168 0.01446298 0.01249584
v 0.05183420 0.01456092 0.01234346
v 0.05198896 0.01463308 0.01234346
v 0.05215390 0.01467728 0.01234346
v 0.05166408 0.01485556 0.01193802
v 0.05187258 0.01495278 0.01193802
v 0.05192470 0.01480960 0.01215562
v 0.05212128 0.01486226 0.01215562
v 0.05209482 0.01501232 0.01193802
v 0.05232400 0.01168054 0.01270000
v 0.05232400 0.01371254 0.01270000
v 0.05232400 0.01397720 0.01267686
v 0.05232400 0.01423378 0.01260810
v 0.05232400 0.01523654 0.01117602
v 0.05232400 0.01521340 0.01144064
v 0.05232400 0.01514464 0.01169724
v 0.05232400 0.01447456 0.01249584
v 0.05232400 0.01469216 0.01234346
v 0.05232400 0.01488000 0.01215562
v 0.05232400 0.01503238 0.01193802
v 0.06314344 0.01025458 0.01270002
v 0.06329582 0.01047218 0.01270002
v 0.06340808 0.01071294 0.01270002
v 0.06347684 0.01096954 0.01270002
v 0.06350000 0.01123418 0.01270002
v 0.07575362 0.00971018 0.01117602
v 0.07573726 0.00972656 0.01144066
v 0.07590894 0.00989204 0.01117602
v 0.07589022 0.00990564 0.01144066
v 0.07568864 0.00977516 0.01169726
v 0.07583458 0.00994606 0.01169726
v 0.07603388 0.01009592 0.01117602
v 0.07601326 0.01010644 0.01144066
v 0.07612542 0.01031688 0.01117602
v 0.07610338 0.01032402 0.01144066
v 0.07595200 0.01013766 0.01169726
v 0.07603800 0.01034526 0.01169726
v 0.07560926 0.00985456 0.01193802
v 0.07550152 0.00996230 0.01215562
v 0.07574376 0.01001204 0.01193802
v 0.07585196 0.01018862 0.01193802
v 0.07562048 0.01010160 0.01215562
v 0.07593122 0.01037996 0.01193802
v 0.07571620 0.01025780 0.01215562
v 0.07578632 0.01042706 0.01215562
v 0.07504458 0.01041924 0.01260812
v 0.07536868 0.01009514 0.01234346
v 0.07546852 0.01021202 0.01234346
v 0.07554884 0.01034308 0.01234346
v 0.07521482 0.01024900 0.01249584
v 0.07529246 0.01033992 0.01249584
v 0.07535494 0.01044188 0.01249584
v 0.07618124 0.01054940 0.01117602
v 0.07615836 0.01055304 0.01144066
v 0.07620000 0.01078782 0.01117602
v 0.07617684 0.01078782 0.01144066
v 0.07609046 0.01056378 0.01169726
v 0.07610808 0.01078782 0.01169726
v 0.07597958 0.01058136 0.01193802
v 0.07582908 0.01060518 0.01215562
v 0.07599582 0.01078782 0.01193802
v 0.07584346 0.01078782 0.01215562
v 0.07509768 0.01048144 0.01260812
v 0.07514042 0.01055116 0.01260812
v 0.07486312 0.01060068 0.01267686
v 0.07489010 0.01063226 0.01267686
v 0.07491180 0.01066768 0.01267686
v 0.07492768 0.01070604 0.01267686
v 0.07517172 0.01062674 0.01260812
v 0.07519082 0.01070628 0.01260812
v 0.07467600 0.01078782 0.01270002
v 0.07493738 0.01074642 0.01267686
v 0.07494064 0.01078782 0.01267686
v 0.07519724 0.01078782 0.01260812
v 0.07560766 0.01048510 0.01234348
v 0.07540070 0.01055234 0.01249584
v 0.07564354 0.01063458 0.01234348
v 0.07542862 0.01066862 0.01249584
v 0.07565560 0.01078782 0.01234348
v 0.07543800 0.01078782 0.01249584
v 0.06350000 0.01225018 0.01270002
v 0.06350000 0.01371254 0.01270002
v 0.06350000 0.01384488 0.01268844
v 0.06350000 0.01397720 0.01267686
v 0.06350000 0.01410550 0.01264248
v 0.06350000 0.01423378 0.01260810
v 0.06350000 0.01523654 0.01117602
v 0.06350000 0.01522498 0.01130834
v 0.06350000 0.01521340 0.01144066
v 0.06350000 0.01517902 0.01156896
v 0.06350000 0.01514464 0.01169726
v 0.06350000 0.01508850 0.01181764
v 0.06350000 0.01447456 0.01249584
v 0.06350000 0.01435418 0.01255198
v 0.06350000 0.01458336 0.01241964
v 0.06350000 0.01469216 0.01234346
v 0.06350000 0.01495618 0.01204682
v 0.06350000 0.01478608 0.01224954
v 0.06350000 0.01488000 0.01215562
v 0.06350000 0.01503238 0.01193802
v 0.07620000 0.01371254 0.01117602
v 0.07617684 0.01371254 0.01144066
v 0.07617684 0.01375850 0.01143664
v 0.07617684 0.01380306 0.01142470
v 0.07610808 0.01371254 0.01169726
v 0.07610808 0.01380306 0.01168934
v 0.07617684 0.01397720 0.01117602
v 0.07617684 0.01397316 0.01122198
v 0.07617684 0.01394174 0.01130834
v 0.07617684 0.01396124 0.01126652
v 0.07617684 0.01384488 0.01140520
v 0.07617684 0.01391528 0.01134612
v 0.07617684 0.01388266 0.01137874
v 0.07610808 0.01423378 0.01117602
v 0.07610808 0.01422586 0.01126652
v 0.07610808 0.01416396 0.01143664
v 0.07610808 0.01420236 0.01135428
v 0.07610808 0.01389084 0.01166582
v 0.07610808 0.01397316 0.01162742
v 0.07599582 0.01397316 0.01189206
v 0.07610808 0.01404760 0.01157532
v 0.07610808 0.01411184 0.01151106
v 0.07599582 0.01409356 0.01183592
v 0.07599582 0.01420236 0.01175974
v 0.07599582 0.01371254 0.01193802
v 0.07584346 0.01371254 0.01215562
v 0.07467600 0.01371254 0.01270002
v 0.07494064 0.01371254 0.01267686
v 0.07519724 0.01371254 0.01260812
v 0.07565560 0.01371254 0.01234348
v 0.07543800 0.01371254 0.01249584
v 0.07599582 0.01384488 0.01192644
v 0.07584346 0.01388266 0.01214074
v 0.07584346 0.01404760 0.01209654
v 0.07584346 0.01420236 0.01202438
v 0.07565560 0.01411184 0.01227306
v 0.07467600 0.01397720 0.01267686
v 0.07519724 0.01396124 0.01258636
v 0.07494064 0.01397316 0.01265406
v 0.07467600 0.01423378 0.01260812
v 0.07494064 0.01422586 0.01258636
v 0.07519724 0.01420236 0.01252174
v 0.07565560 0.01391528 0.01232574
v 0.07543800 0.01394174 0.01247578
v 0.07543800 0.01416396 0.01241624
v 0.07599582 0.01447456 0.01117602
v 0.07599582 0.01446298 0.01130834
v 0.07599582 0.01442860 0.01143664
v 0.07584346 0.01469216 0.01117602
v 0.07584346 0.01467728 0.01134612
v 0.07599582 0.01437246 0.01155702
v 0.07599582 0.01429628 0.01166582
v 0.07584346 0.01446298 0.01180570
v 0.07584346 0.01463308 0.01151106
v 0.07584346 0.01456092 0.01166582
v 0.07565560 0.01472360 0.01175974
v 0.07467600 0.01523654 0.01117602
v 0.07494064 0.01521340 0.01117602
v 0.07519724 0.01514464 0.01117602
v 0.07467600 0.01521340 0.01144066
v 0.07494064 0.01519060 0.01143664
v 0.07519724 0.01512288 0.01142470
v 0.07565560 0.01488000 0.01117602
v 0.07565560 0.01486226 0.01137874
v 0.07543800 0.01503238 0.01117602
v 0.07543800 0.01501232 0.01140520
v 0.07519724 0.01495278 0.01189206
v 0.07467600 0.01514464 0.01169726
v 0.07519724 0.01505828 0.01166582
v 0.07494064 0.01512288 0.01168934
v 0.07565560 0.01480960 0.01157532
v 0.07543800 0.01495278 0.01162742
v 0.07543800 0.01485556 0.01183592
v 0.07519724 0.01463308 0.01227306
v 0.07565560 0.01446298 0.01207034
v 0.07584346 0.01434224 0.01192644
v 0.07565560 0.01429628 0.01218706
v 0.07565560 0.01460686 0.01192644
v 0.07543800 0.01472360 0.01202438
v 0.07543800 0.01456092 0.01218706
v 0.07467600 0.01447456 0.01249584
v 0.07494064 0.01446298 0.01247578
v 0.07519724 0.01442860 0.01241624
v 0.07467600 0.01469216 0.01234346
v 0.07494064 0.01467728 0.01232574
v 0.07543800 0.01437246 0.01231902
v 0.07519724 0.01480960 0.01209654
v 0.07467600 0.01488000 0.01215562
v 0.07494064 0.01486226 0.01214074
v 0.07467600 0.01503238 0.01193802
v 0.07494064 0.01501232 0.01192644
f 2 10 3
f 8 3 18
f 4 5 22
f 2 3 6
f 2 6 4
f 1 6 3
f 1 8 7
f 1 3 8
f 2 4 22
f 10 14 19
f 11 15 9
f 9 14 10
f 10 19 18
f 17 50 16
f 15 16 49
f 15 48 14
f 19 14 63
f 15 49 48
f 14 48 63
f 12 13 17
f 13 53 17
f 11 16 15
f 12 17 16
f 9 15 14
f 11 12 16
f 11 22 20
f 11 20 12
f 12 20 21
f 2 22 9
f 11 9 22
f 2 9 10
f 3 10 18
f 5 23 20
f 5 20 22
f 20 23 21
f 23 24 25
f 12 21 13
f 13 21 54
f 21 26 54
f 21 23 26
f 23 25 26
f 1 28 6
f 1 7 27
f 1 27 28
f 6 28 29
f 7 31 27
f 28 32 29
f 27 31 34
f 27 34 33
f 31 43 34
f 28 27 33
f 28 33 32
f 4 6 29
f 4 29 30
f 4 30 5
f 5 30 45
f 29 38 30
f 29 32 38
f 30 39 45
f 30 38 39
f 33 35 32
f 33 34 36
f 34 43 37
f 33 36 35
f 32 35 41
f 34 37 36
f 43 44 37
f 32 41 38
f 38 41 40
f 38 40 39
f 41 42 40
f 5 45 23
f 45 46 24
f 23 45 24
f 45 47 46
f 45 39 47
f 17 53 51
f 17 51 50
f 16 50 49
f 49 59 48
f 49 50 58
f 49 58 59
f 48 59 64
f 50 51 60
f 51 52 62
f 51 53 52
f 13 55 57
f 13 56 55
f 13 54 56
f 13 65 53
f 13 57 65
f 53 65 66
f 52 53 66
f 51 62 60
f 50 60 58
f 52 61 62
f 58 69 59
f 58 60 69
f 60 62 69
f 62 61 69
f 63 48 64
f 64 59 69
f 52 66 68
f 52 68 67
f 52 67 61
f 61 67 70
f 61 70 71
f 61 72 69
f 8 18 80
f 7 8 82
f 18 19 86
f 19 63 88
f 7 92 31
f 31 95 43
f 43 99 44
f 63 64 105
f 64 69 109
f 44 112 113
f 44 101 112
f 61 71 72
f 69 72 73
f 69 73 74
f 7 82 75
f 7 76 77
f 7 75 76
f 8 78 79
f 8 81 78
f 8 80 81
f 8 79 82
f 18 86 84
f 18 85 83
f 18 84 85
f 19 89 86
f 19 88 87
f 19 87 90
f 19 90 89
f 18 83 80
f 7 77 92
f 31 92 91
f 31 94 93
f 31 91 94
f 31 93 95
f 43 95 96
f 43 96 97
f 43 97 98
f 43 98 99
f 44 99 100
f 44 100 101
f 63 102 104
f 63 103 102
f 63 105 103
f 63 104 88
f 64 106 105
f 64 107 106
f 64 108 107
f 64 109 108
f 69 110 109
f 69 111 110
f 112 101 115
f 112 115 113
f 113 115 145
f 69 114 111
f 44 113 148
f 35 149 41
f 36 151 35
f 36 37 152
f 37 44 155
f 41 157 42
f 113 145 148
f 69 161 114
f 69 74 167
f 69 164 161
f 76 116 77
f 75 116 76
f 78 117 79
f 78 81 117
f 80 118 81
f 79 119 82
f 75 82 120
f 83 85 121
f 84 121 85
f 86 89 122
f 84 86 123
f 87 88 124
f 88 104 125
f 87 126 90
f 89 90 126
f 80 83 127
f 77 128 92
f 91 92 129
f 93 94 130
f 91 130 94
f 93 131 95
f 95 132 96
f 96 133 97
f 97 133 98
f 98 134 99
f 99 135 100
f 100 136 101
f 102 137 104
f 102 103 137
f 103 105 138
f 105 106 139
f 106 107 140
f 107 108 140
f 108 109 141
f 109 110 142
f 110 111 143
f 75 120 116
f 77 116 128
f 79 117 119
f 80 127 118
f 81 118 117
f 82 119 120
f 83 121 127
f 84 123 121
f 86 122 123
f 87 124 126
f 88 125 124
f 89 126 122
f 91 129 130
f 92 128 129
f 93 130 131
f 95 131 132
f 96 132 133
f 98 133 134
f 99 134 135
f 100 135 136
f 103 138 137
f 104 137 125
f 105 139 138
f 106 140 139
f 108 141 140
f 109 142 141
f 110 143 142
f 101 136 115
f 115 136 144
f 115 144 145
f 111 114 143
f 116 120 168
f 116 170 128
f 117 172 119
f 118 127 173
f 117 118 175
f 119 177 120
f 121 178 127
f 121 123 179
f 122 181 123
f 124 183 126
f 124 125 184
f 122 126 186
f 129 188 130
f 128 190 129
f 130 191 131
f 131 194 132
f 132 195 133
f 133 197 134
f 134 199 135
f 135 200 136
f 137 138 203
f 125 137 204
f 138 139 206
f 139 140 207
f 140 141 209
f 141 142 211
f 142 143 212
f 144 215 145
f 136 215 144
f 145 215 146
f 145 146 160
f 143 114 147
f 143 147 229
f 44 148 159
f 35 151 150
f 35 150 149
f 36 152 153
f 36 153 151
f 37 155 154
f 37 154 152
f 44 159 155
f 41 149 156
f 41 156 157
f 157 158 42
f 148 303 159
f 148 145 304
f 145 160 304
f 69 163 164
f 69 162 163
f 69 165 162
f 69 166 165
f 69 167 166
f 161 598 114
f 161 164 598
f 167 74 609
f 114 598 147
f 147 598 600
f 147 600 297
f 116 169 170
f 116 168 169
f 117 171 172
f 118 173 174
f 117 175 171
f 118 174 175
f 120 177 176
f 119 172 177
f 120 176 168
f 121 180 178
f 121 179 180
f 123 181 182
f 122 186 181
f 123 182 179
f 124 184 183
f 125 185 184
f 125 204 185
f 126 183 187
f 126 187 186
f 127 178 173
f 128 170 189
f 128 189 190
f 129 190 188
f 130 192 191
f 130 188 192
f 131 191 194
f 132 194 193
f 132 193 195
f 133 195 196
f 133 196 197
f 134 197 198
f 134 198 199
f 135 199 200
f 136 200 201
f 137 202 204
f 137 203 202
f 138 205 203
f 138 206 205
f 139 207 206
f 140 208 207
f 140 209 208
f 141 210 209
f 141 211 210
f 142 212 211
f 143 213 212
f 136 201 215
f 215 201 214
f 215 214 216
f 143 229 213
f 168 176 230
f 169 230 170
f 168 230 169
f 171 231 172
f 173 232 174
f 171 175 231
f 174 231 175
f 176 177 233
f 172 233 177
f 179 182 234
f 178 180 234
f 179 234 180
f 181 235 182
f 181 186 235
f 184 185 236
f 183 184 236
f 183 237 187
f 186 187 237
f 173 178 232
f 189 238 190
f 170 230 189
f 188 190 238
f 191 192 239
f 188 239 192
f 191 240 194
f 193 194 240
f 193 241 195
f 195 241 196
f 196 241 197
f 197 241 198
f 198 242 199
f 199 242 200
f 200 243 201
f 202 244 204
f 202 203 244
f 203 205 244
f 185 204 244
f 205 206 245
f 206 207 245
f 207 208 246
f 208 209 246
f 209 210 246
f 210 211 247
f 211 212 247
f 212 213 248
f 172 231 233
f 174 232 231
f 176 233 230
f 178 234 232
f 182 235 234
f 183 236 237
f 185 244 236
f 186 237 235
f 188 238 239
f 189 230 238
f 191 239 240
f 193 240 241
f 198 241 242
f 200 242 243
f 205 245 244
f 207 246 245
f 210 247 246
f 212 248 247
f 201 243 214
f 214 243 218
f 213 229 248
f 215 217 146
f 215 216 217
f 146 217 160
f 214 218 216
f 216 218 217
f 217 218 250
f 217 251 219
f 219 253 220
f 220 255 221
f 217 250 251
f 219 251 252
f 219 252 253
f 220 253 254
f 220 254 255
f 221 257 222
f 222 259 223
f 223 260 224
f 224 262 225
f 225 265 226
f 226 266 227
f 221 255 256
f 221 256 257
f 222 257 258
f 222 258 259
f 223 259 260
f 224 260 261
f 224 261 262
f 225 262 263
f 225 263 264
f 225 264 265
f 226 265 266
f 227 268 228
f 147 297 229
f 229 297 248
f 231 1381 233
f 231 232 1383
f 230 233 1385
f 232 234 1387
f 234 235 1391
f 236 1392 237
f 236 244 1394
f 235 237 1395
f 238 1397 239
f 230 1398 238
f 239 1400 240
f 240 1402 241
f 241 1407 242
f 242 1409 243
f 244 245 1414
f 245 246 1416
f 246 247 1419
f 247 248 1421
f 230 1385 1377
f 230 1378 1379
f 230 1377 1378
f 231 1380 1381
f 232 1382 1383
f 231 1384 1380
f 231 1383 1384
f 233 1386 1385
f 233 1381 1386
f 234 1391 1388
f 234 1389 1387
f 234 1388 1389
f 235 1390 1391
f 235 1395 1390
f 236 1394 1393
f 236 1393 1392
f 237 1392 1396
f 237 1396 1395
f 232 1387 1382
f 238 1398 1399
f 230 1379 1398
f 238 1399 1397
f 239 1401 1400
f 239 1397 1401
f 240 1400 1403
f 240 1403 1402
f 241 1402 1404
f 241 1404 1405
f 241 1405 1406
f 241 1406 1407
f 242 1407 1408
f 242 1408 1409
f 243 1409 1410
f 244 1411 1413
f 244 1412 1411
f 244 1414 1412
f 244 1413 1394
f 245 1415 1414
f 245 1416 1415
f 246 1417 1416
f 246 1418 1417
f 246 1419 1418
f 247 1420 1419
f 247 1421 1420
f 248 1422 1421
f 243 1410 272
f 248 1452 1422
f 218 243 249
f 218 249 250
f 227 266 267
f 227 267 268
f 228 268 269
f 228 269 270
f 251 250 271
f 251 271 252
f 253 252 273
f 253 273 254
f 255 254 278
f 257 256 279
f 257 279 258
f 259 258 274
f 255 278 256
f 259 274 260
f 260 274 261
f 261 275 262
f 262 275 263
f 263 276 264
f 265 264 277
f 265 277 266
f 266 277 267
f 267 280 268
f 268 280 269
f 269 281 270
f 243 272 249
f 249 272 250
f 250 272 271
f 252 271 273
f 254 273 278
f 256 278 279
f 258 279 274
f 261 274 275
f 263 275 276
f 264 276 277
f 267 277 280
f 269 280 281
f 248 298 1452
f 217 219 285
f 217 285 160
f 228 270 282
f 282 287 283
f 283 289 284
f 219 462 285
f 219 220 485
f 220 221 484
f 221 222 478
f 222 223 479
f 223 224 480
f 224 225 482
f 225 226 482
f 226 227 486
f 227 228 487
f 228 282 463
f 282 283 464
f 283 284 465
f 284 291 300
f 282 270 286
f 282 286 287
f 283 287 288
f 283 288 289
f 284 289 290
f 284 290 291
f 270 281 286
f 286 292 287
f 287 292 288
f 288 293 289
f 289 293 290
f 290 294 291
f 281 292 286
f 288 292 293
f 290 293 294
f 272 295 271
f 291 294 296
f 273 562 278
f 271 564 273
f 272 467 295
f 274 559 275
f 275 559 276
f 276 560 277
f 277 561 280
f 279 278 563
f 279 558 274
f 280 568 281
f 281 568 292
f 293 292 474
f 293 475 294
f 271 295 565
f 300 291 296
f 294 301 296
f 294 476 302
f 297 298 248
f 297 600 827
f 297 827 298
f 1452 298 1497
f 1497 298 1853
f 284 300 299
f 284 299 591
f 294 302 301
f 300 296 301
f 148 304 306
f 148 306 303
f 150 151 307
f 149 150 307
f 153 152 308
f 153 308 151
f 154 155 309
f 152 154 309
f 159 318 155
f 149 313 156
f 156 313 157
f 157 313 158
f 159 303 318
f 160 305 304
f 306 304 425
f 304 305 425
f 149 307 313
f 151 308 307
f 152 309 308
f 155 318 309
f 313 314 158
f 303 306 318
f 306 386 318
f 306 425 386
f 308 310 307
f 308 309 311
f 309 318 312
f 308 311 310
f 307 310 315
f 309 312 311
f 318 319 312
f 307 315 313
f 313 316 314
f 313 315 316
f 315 317 316
f 311 322 310
f 311 312 321
f 312 319 320
f 312 320 321
f 319 324 320
f 311 321 322
f 321 320 334
f 320 324 331
f 324 337 331
f 320 331 334
f 310 323 315
f 310 322 323
f 315 326 317
f 315 323 326
f 321 332 322
f 322 333 323
f 322 332 333
f 323 333 339
f 321 334 332
f 326 325 317
f 326 328 325
f 326 329 328
f 326 330 329
f 326 327 330
f 323 339 326
f 326 339 327
f 339 340 327
f 332 343 333
f 332 345 343
f 331 335 334
f 331 337 336
f 331 336 335
f 337 338 336
f 332 334 345
f 334 335 345
f 335 336 349
f 338 350 336
f 333 344 339
f 333 343 344
f 339 341 340
f 339 342 341
f 339 344 342
f 345 352 343
f 343 353 344
f 343 352 353
f 335 351 345
f 335 349 351
f 336 350 349
f 338 358 350
f 345 351 352
f 344 346 342
f 344 353 348
f 344 347 346
f 344 348 347
f 351 349 356
f 349 350 355
f 350 358 354
f 350 354 355
f 358 359 354
f 352 360 353
f 351 357 352
f 349 355 356
f 351 356 357
f 352 357 360
f 357 356 365
f 355 354 363
f 359 362 354
f 355 364 356
f 354 362 363
f 359 372 362
f 353 361 348
f 353 360 361
f 356 364 365
f 357 366 360
f 357 365 366
f 355 363 364
f 363 369 364
f 372 368 362
f 363 362 367
f 364 371 365
f 362 368 367
f 360 374 361
f 360 375 374
f 360 366 375
f 365 370 366
f 364 369 371
f 365 371 370
f 363 367 369
f 367 368 380
f 367 380 369
f 370 371 380
f 369 380 371
f 372 373 368
f 373 380 368
f 366 376 375
f 366 377 376
f 366 378 377
f 366 379 378
f 366 370 379
f 370 381 379
f 370 382 381
f 370 380 382
f 318 389 319
f 319 393 324
f 324 397 337
f 337 401 338
f 338 405 358
f 358 409 359
f 359 413 372
f 372 417 373
f 373 421 380
f 380 383 382
f 380 384 383
f 380 385 384
f 318 386 387
f 386 425 387
f 318 387 388
f 318 388 389
f 319 389 390
f 319 390 391
f 319 391 392
f 319 392 393
f 324 393 394
f 324 394 395
f 324 395 396
f 324 396 397
f 337 397 398
f 337 398 399
f 337 399 400
f 337 400 401
f 338 401 402
f 338 402 403
f 338 403 404
f 338 404 405
f 358 405 406
f 358 406 407
f 358 407 408
f 358 408 409
f 359 409 410
f 359 410 411
f 359 411 412
f 359 412 413
f 372 413 414
f 372 414 415
f 372 415 416
f 372 416 417
f 373 417 418
f 373 418 419
f 373 419 420
f 373 420 421
f 380 421 422
f 380 422 423
f 380 423 424
f 380 461 385
f 380 424 456
f 380 456 459
f 305 426 425
f 425 427 387
f 387 427 388
f 388 428 389
f 389 429 390
f 390 430 391
f 391 430 392
f 392 431 393
f 393 432 394
f 394 433 395
f 395 433 396
f 396 434 397
f 397 435 398
f 398 436 399
f 399 436 400
f 400 437 401
f 401 438 402
f 402 439 403
f 403 439 404
f 404 440 405
f 405 441 406
f 406 442 407
f 407 442 408
f 408 443 409
f 409 444 410
f 410 445 411
f 411 445 412
f 412 446 413
f 413 447 414
f 414 448 415
f 415 448 416
f 416 449 417
f 417 450 418
f 418 451 419
f 419 451 420
f 420 452 421
f 421 453 422
f 422 454 423
f 388 427 428
f 389 428 429
f 390 429 430
f 392 430 431
f 393 431 432
f 394 432 433
f 396 433 434
f 397 434 435
f 398 435 436
f 400 436 437
f 401 437 438
f 402 438 439
f 404 439 440
f 405 440 441
f 406 441 442
f 408 442 443
f 409 443 444
f 410 444 445
f 412 445 446
f 413 446 447
f 414 447 448
f 416 448 449
f 417 449 450
f 418 450 451
f 420 451 452
f 421 452 453
f 422 453 454
f 423 454 424
f 425 426 427
f 427 490 428
f 428 492 429
f 429 493 430
f 430 495 431
f 431 497 432
f 432 498 433
f 433 500 434
f 434 501 435
f 435 503 436
f 436 505 437
f 437 507 438
f 438 508 439
f 439 510 440
f 440 512 441
f 441 513 442
f 442 515 443
f 443 517 444
f 444 518 445
f 445 520 446
f 446 521 447
f 447 523 448
f 448 525 449
f 449 527 450
f 450 528 451
f 451 530 452
f 452 532 453
f 453 533 454
f 454 455 424
f 454 535 455
f 380 459 458
f 380 458 457
f 380 457 460
f 380 460 461
f 456 424 1002
f 456 1002 459
f 461 1016 385
f 424 455 1002
f 455 1004 1002
f 455 595 1004
f 219 485 462
f 160 285 477
f 160 477 305
f 285 462 477
f 222 479 478
f 223 480 479
f 224 481 480
f 224 482 481
f 226 483 482
f 226 486 483
f 220 484 485
f 221 478 484
f 227 487 486
f 228 463 487
f 282 464 463
f 283 465 464
f 462 485 477
f 463 468 487
f 463 464 469
f 464 465 472
f 465 466 473
f 284 591 465
f 465 592 466
f 274 558 559
f 276 559 560
f 277 560 561
f 280 561 567
f 273 564 562
f 278 562 563
f 279 563 558
f 271 565 564
f 295 467 565
f 280 567 568
f 292 568 474
f 293 474 475
f 294 475 476
f 468 556 487
f 463 469 468
f 464 470 469
f 464 471 470
f 464 472 471
f 465 473 472
f 468 474 556
f 468 469 474
f 469 470 474
f 470 471 475
f 472 476 471
f 472 473 476
f 474 568 556
f 470 475 474
f 471 476 475
f 467 566 565
f 473 593 476
f 466 593 473
f 305 477 426
f 426 477 427
f 484 551 485
f 485 553 477
f 479 480 537
f 478 479 536
f 481 482 540
f 480 481 541
f 482 483 545
f 483 486 547
f 478 536 549
f 479 537 539
f 480 538 537
f 479 539 536
f 482 544 540
f 480 542 538
f 480 541 542
f 481 543 541
f 481 540 543
f 482 545 544
f 483 546 545
f 483 547 546
f 478 548 484
f 478 549 548
f 484 550 551
f 484 548 550
f 485 551 552
f 485 552 553
f 486 487 554
f 477 553 488
f 477 488 570
f 427 477 489
f 427 489 490
f 428 490 491
f 428 491 492
f 429 492 493
f 430 493 494
f 430 494 495
f 431 495 496
f 431 496 497
f 432 497 498
f 433 498 499
f 433 499 500
f 434 500 501
f 435 501 502
f 435 502 503
f 436 503 504
f 436 504 505
f 437 505 506
f 437 506 507
f 438 507 508
f 439 508 509
f 439 509 510
f 440 510 511
f 440 511 512
f 441 512 513
f 442 513 514
f 442 514 515
f 443 515 516
f 443 516 517
f 444 517 518
f 445 518 519
f 445 519 520
f 446 520 521
f 447 521 522
f 447 522 523
f 448 523 524
f 448 524 525
f 449 525 526
f 449 526 527
f 450 527 528
f 451 528 529
f 451 529 530
f 452 530 531
f 452 531 532
f 453 532 533
f 454 533 534
f 454 534 535
f 477 570 489
f 489 570 490
f 490 570 491
f 491 571 492
f 492 571 493
f 493 572 494
f 494 572 495
f 495 572 496
f 496 573 497
f 497 573 498
f 498 574 499
f 499 574 500
f 500 575 501
f 501 575 502
f 502 576 503
f 503 576 504
f 504 576 505
f 505 576 506
f 506 577 507
f 507 577 508
f 508 578 509
f 509 578 510
f 510 578 511
f 511 579 512
f 512 579 513
f 513 580 514
f 514 580 515
f 515 580 516
f 516 581 517
f 517 581 518
f 518 582 519
f 519 582 520
f 520 583 521
f 521 583 522
f 522 584 523
f 523 584 524
f 524 584 525
f 525 584 526
f 526 585 527
f 527 585 528
f 528 586 529
f 529 586 530
f 530 586 531
f 531 587 532
f 532 587 533
f 533 588 534
f 491 570 571
f 493 571 572
f 496 572 573
f 498 573 574
f 500 574 575
f 502 575 576
f 506 576 577
f 508 577 578
f 511 578 579
f 513 579 580
f 516 580 581
f 518 581 582
f 520 582 583
f 522 583 584
f 526 584 585
f 528 585 586
f 531 586 587
f 533 587 588
f 534 588 535
f 455 535 595
f 535 588 597
f 486 554 547
f 487 555 554
f 487 556 555
f 536 539 562
f 536 562 549
f 537 563 539
f 537 538 563
f 540 560 543
f 540 544 560
f 541 559 542
f 538 542 558
f 541 543 559
f 545 561 544
f 545 546 561
f 547 567 546
f 547 554 567
f 548 549 564
f 548 564 550
f 550 565 551
f 551 565 552
f 552 566 553
f 554 555 567
f 555 556 568
f 488 553 557
f 488 557 570
f 538 558 563
f 539 563 562
f 542 559 558
f 543 560 559
f 544 561 560
f 546 567 561
f 549 562 564
f 550 564 565
f 552 565 566
f 555 568 567
f 553 566 557
f 557 569 589
f 557 566 569
f 557 589 570
f 570 1614 571
f 571 1616 572
f 572 1619 573
f 573 1621 574
f 574 1623 575
f 575 1625 576
f 576 1629 577
f 577 1631 578
f 578 1634 579
f 579 1636 580
f 580 1639 581
f 581 1641 582
f 582 1643 583
f 583 1645 584
f 584 1649 585
f 585 1651 586
f 586 1654 587
f 587 1656 588
f 570 589 1612
f 570 1612 1613
f 570 1613 1614
f 571 1614 1615
f 571 1615 1616
f 572 1616 1617
f 572 1617 1618
f 572 1618 1619
f 573 1619 1620
f 573 1620 1621
f 574 1621 1622
f 574 1622 1623
f 575 1623 1624
f 575 1624 1625
f 576 1625 1626
f 576 1626 1627
f 576 1627 1628
f 576 1628 1629
f 577 1629 1630
f 577 1630 1631
f 578 1631 1632
f 578 1632 1633
f 578 1633 1634
f 579 1634 1635
f 579 1635 1636
f 580 1636 1637
f 580 1637 1638
f 580 1638 1639
f 581 1639 1640
f 581 1640 1641
f 582 1641 1642
f 582 1642 1643
f 583 1643 1644
f 583 1644 1645
f 584 1645 1646
f 584 1646 1647
f 584 1647 1648
f 584 1648 1649
f 585 1649 1650
f 585 1650 1651
f 586 1651 1652
f 586 1652 1653
f 586 1653 1654
f 587 1654 1655
f 587 1655 1656
f 588 1656 1657
f 588 1657 590
f 588 590 596
f 465 591 592
f 466 592 593
f 302 476 594
f 476 593 594
f 535 597 595
f 595 1200 1004
f 595 597 1200
f 597 588 596
f 597 596 1202
f 162 165 602
f 162 603 163
f 163 604 164
f 166 601 165
f 166 167 609
f 164 604 598
f 165 601 602
f 163 603 604
f 162 602 603
f 166 609 601
f 604 599 598
f 598 599 600
f 600 599 764
f 600 764 828
f 601 607 602
f 603 606 604
f 602 605 603
f 602 607 605
f 603 605 606
f 605 613 606
f 601 609 610
f 601 610 608
f 601 608 607
f 608 614 607
f 608 610 617
f 608 617 611
f 608 611 614
f 614 611 623
f 607 612 605
f 607 614 612
f 605 612 613
f 612 615 613
f 614 616 612
f 614 623 616
f 612 616 615
f 616 625 615
f 604 606 686
f 606 613 690
f 613 615 694
f 615 625 698
f 617 610 618
f 611 617 619
f 617 618 619
f 611 620 623
f 611 619 620
f 619 618 632
f 619 632 633
f 619 633 621
f 619 621 620
f 620 621 622
f 620 622 624
f 621 635 622
f 616 623 626
f 623 624 626
f 623 620 624
f 616 626 625
f 624 628 626
f 626 628 629
f 626 629 625
f 622 627 624
f 624 627 628
f 622 638 627
f 627 642 630
f 628 631 629
f 628 627 630
f 628 630 631
f 621 633 634
f 621 634 635
f 635 634 636
f 634 633 637
f 634 637 657
f 634 657 636
f 622 635 638
f 635 636 640
f 635 640 638
f 638 640 643
f 636 639 640
f 643 640 641
f 639 641 640
f 639 661 641
f 638 642 627
f 638 643 642
f 641 661 644
f 641 644 648
f 644 672 654
f 642 645 646
f 643 645 642
f 643 648 645
f 630 642 646
f 630 647 631
f 630 646 647
f 648 649 645
f 645 649 650
f 646 651 647
f 646 645 650
f 646 650 651
f 643 641 648
f 648 644 654
f 648 654 649
f 649 652 650
f 650 653 651
f 649 655 652
f 650 652 653
f 654 655 649
f 654 672 656
f 654 656 655
f 656 672 674
f 659 657 658
f 636 657 659
f 659 658 660
f 659 660 664
f 636 659 639
f 639 659 662
f 639 662 661
f 661 662 663
f 659 664 662
f 662 664 665
f 662 665 663
f 665 664 667
f 663 665 666
f 665 668 666
f 665 667 668
f 668 667 723
f 666 668 669
f 644 661 670
f 661 663 670
f 644 670 672
f 670 673 672
f 663 666 671
f 663 671 670
f 670 671 673
f 671 676 673
f 672 673 674
f 673 675 674
f 673 676 675
f 675 676 677
f 666 678 671
f 676 678 680
f 671 678 676
f 666 669 678
f 669 679 678
f 678 679 680
f 679 682 680
f 676 680 677
f 677 680 681
f 680 682 681
f 681 682 683
f 625 629 702
f 629 631 706
f 631 647 710
f 647 651 714
f 651 653 718
f 604 684 599
f 604 685 684
f 604 686 685
f 606 687 686
f 606 688 687
f 606 689 688
f 606 690 689
f 613 691 690
f 613 692 691
f 613 693 692
f 613 694 693
f 615 695 694
f 615 696 695
f 615 697 696
f 615 698 697
f 625 699 698
f 625 700 699
f 625 701 700
f 625 702 701
f 629 703 702
f 629 704 703
f 629 705 704
f 629 706 705
f 631 707 706
f 631 708 707
f 631 709 708
f 631 710 709
f 647 711 710
f 647 713 712
f 647 712 711
f 647 714 713
f 651 715 714
f 651 716 715
f 651 717 716
f 651 718 717
f 653 719 718
f 653 720 719
f 653 721 720
f 721 792 720
f 652 655 795
f 652 797 653
f 656 800 655
f 656 674 802
f 674 675 804
f 675 677 806
f 677 681 809
f 681 683 810
f 653 794 722
f 653 722 721
f 721 722 792
f 668 723 725
f 725 723 724
f 668 725 669
f 669 725 726
f 725 724 730
f 725 732 726
f 669 726 679
f 679 726 727
f 679 727 682
f 682 727 728
f 682 728 683
f 683 728 729
f 726 739 727
f 727 740 728
f 728 741 729
f 725 730 731
f 725 731 732
f 726 732 739
f 727 739 740
f 728 740 741
f 731 730 733
f 731 736 732
f 731 733 735
f 735 733 734
f 735 734 737
f 731 735 736
f 735 737 738
f 735 738 743
f 735 743 736
f 743 738 749
f 732 742 739
f 739 745 740
f 740 746 741
f 732 736 742
f 739 742 745
f 736 743 744
f 736 744 742
f 742 747 745
f 742 744 747
f 740 745 746
f 745 747 748
f 745 748 746
f 743 749 751
f 743 753 744
f 743 751 753
f 751 749 750
f 751 750 752
f 751 752 754
f 751 754 753
f 744 753 756
f 753 754 755
f 753 755 759
f 744 756 747
f 747 756 757
f 747 757 748
f 753 759 756
f 756 759 762
f 759 755 758
f 759 758 760
f 759 760 761
f 756 762 757
f 759 761 762
f 762 761 763
f 683 729 812
f 729 741 814
f 741 746 816
f 746 748 818
f 748 757 820
f 757 762 822
f 762 763 824
f 599 684 764
f 684 685 764
f 685 686 765
f 686 687 766
f 687 688 767
f 688 689 767
f 689 690 768
f 690 691 769
f 691 692 770
f 692 693 770
f 693 694 771
f 694 695 772
f 695 696 773
f 696 697 773
f 697 698 774
f 685 765 764
f 686 766 765
f 687 767 766
f 689 768 767
f 690 769 768
f 691 770 769
f 693 771 770
f 694 772 771
f 695 773 772
f 697 774 773
f 698 775 774
f 698 699 775
f 699 700 776
f 700 701 776
f 701 702 777
f 702 703 778
f 703 704 779
f 704 705 779
f 705 706 780
f 706 707 781
f 707 708 782
f 708 709 782
f 709 710 783
f 710 711 784
f 712 713 785
f 711 712 785
f 713 714 786
f 714 715 787
f 715 716 788
f 716 717 788
f 717 718 789
f 718 719 790
f 719 720 791
f 699 776 775
f 701 777 776
f 702 778 777
f 703 779 778
f 705 780 779
f 706 781 780
f 707 782 781
f 709 783 782
f 710 784 783
f 711 785 784
f 713 786 785
f 714 787 786
f 715 788 787
f 717 789 788
f 718 790 789
f 719 791 790
f 720 792 791
f 764 765 831
f 765 766 832
f 766 767 834
f 767 768 836
f 768 769 837
f 769 770 839
f 770 771 841
f 771 772 843
f 772 773 844
f 773 774 846
f 774 775 847
f 775 776 849
f 776 777 851
f 777 778 852
f 778 779 854
f 779 780 856
f 780 781 857
f 781 782 859
f 782 783 861
f 783 784 863
f 784 785 864
f 785 786 866
f 786 787 867
f 787 788 869
f 788 789 871
f 789 790 873
f 790 791 874
f 791 792 793
f 792 825 793
f 653 798 794
f 652 796 797
f 652 795 796
f 653 797 798
f 656 801 800
f 655 800 799
f 655 799 795
f 656 802 801
f 674 803 802
f 674 804 803
f 675 805 804
f 675 806 805
f 677 807 806
f 677 809 807
f 681 808 809
f 681 810 808
f 683 811 810
f 722 794 1005
f 722 1005 826
f 683 812 811
f 729 813 812
f 729 814 813
f 741 815 814
f 741 816 815
f 746 817 816
f 746 818 817
f 748 819 818
f 748 820 819
f 757 821 820
f 757 822 821
f 762 823 822
f 762 824 823
f 722 826 792
f 792 826 825
f 825 826 1007
f 600 828 827
f 827 878 298
f 827 828 878
f 298 829 1853
f 298 878 829
f 299 300 951
f 299 951 591
f 300 301 989
f 301 302 989
f 300 964 951
f 300 989 964
f 302 1242 989
f 828 764 830
f 764 831 830
f 765 832 831
f 766 833 832
f 766 834 833
f 767 835 834
f 767 836 835
f 768 837 836
f 769 838 837
f 769 839 838
f 770 840 839
f 770 841 840
f 771 842 841
f 771 843 842
f 772 844 843
f 773 845 844
f 773 846 845
f 774 847 846
f 775 848 847
f 775 849 848
f 776 850 849
f 776 851 850
f 777 852 851
f 778 853 852
f 778 854 853
f 779 855 854
f 779 856 855
f 780 857 856
f 781 858 857
f 781 859 858
f 782 860 859
f 782 861 860
f 783 862 861
f 783 863 862
f 784 864 863
f 785 866 865
f 785 865 864
f 786 867 866
f 787 868 867
f 787 869 868
f 788 870 869
f 788 871 870
f 789 872 871
f 789 873 872
f 790 874 873
f 791 875 874
f 791 876 875
f 828 830 878
f 830 831 878
f 831 832 879
f 832 833 879
f 833 834 880
f 834 835 880
f 835 836 880
f 836 837 881
f 837 838 881
f 838 839 882
f 839 840 882
f 840 841 882
f 841 842 882
f 842 843 883
f 843 844 883
f 844 845 884
f 845 846 884
f 846 847 885
f 847 848 885
f 831 879 878
f 833 880 879
f 836 881 880
f 838 882 881
f 842 883 882
f 844 884 883
f 846 885 884
f 848 849 886
f 849 850 886
f 850 851 886
f 851 852 887
f 852 853 887
f 853 854 888
f 854 855 888
f 855 856 888
f 856 857 889
f 857 858 889
f 858 859 890
f 859 860 890
f 860 861 890
f 861 862 890
f 862 863 891
f 863 864 891
f 865 866 892
f 864 865 892
f 866 867 893
f 867 868 893
f 868 869 894
f 869 870 894
f 870 871 894
f 871 872 894
f 872 873 895
f 873 874 895
f 874 875 896
f 848 886 885
f 851 887 886
f 853 888 887
f 856 889 888
f 858 890 889
f 862 891 890
f 864 892 891
f 866 893 892
f 868 894 893
f 872 895 894
f 874 896 895
f 875 876 896
f 791 793 876
f 793 825 876
f 876 877 944
f 877 963 945
f 877 946 944
f 877 945 946
f 878 879 898
f 879 880 900
f 880 881 903
f 881 882 905
f 882 883 909
f 883 884 911
f 884 885 913
f 885 886 915
f 886 887 918
f 887 888 920
f 888 889 923
f 889 890 925
f 890 891 929
f 891 892 931
f 892 893 933
f 893 894 935
f 894 895 939
f 895 896 941
f 829 878 897
f 878 898 897
f 879 899 898
f 879 900 899
f 880 901 900
f 880 902 901
f 880 903 902
f 881 904 903
f 881 905 904
f 882 906 905
f 882 907 906
f 882 908 907
f 882 909 908
f 883 910 909
f 883 911 910
f 884 912 911
f 884 913 912
f 885 914 913
f 885 915 914
f 886 916 915
f 886 917 916
f 886 918 917
f 887 919 918
f 887 920 919
f 888 921 920
f 888 922 921
f 888 923 922
f 889 924 923
f 889 925 924
f 890 926 925
f 890 927 926
f 890 928 927
f 890 929 928
f 891 930 929
f 891 931 930
f 892 933 932
f 892 932 931
f 893 934 933
f 893 935 934
f 894 936 935
f 894 937 936
f 894 938 937
f 894 939 938
f 895 940 939
f 895 941 940
f 896 942 941
f 896 943 942
f 896 948 943
f 876 948 896
f 876 944 948
f 963 947 945
f 963 987 947
f 944 946 950
f 946 945 949
f 947 987 1001
f 945 947 949
f 943 948 1885
f 948 944 950
f 946 949 950
f 947 1001 949
f 948 950 1885
f 951 966 953
f 953 969 954
f 954 970 955
f 955 972 956
f 956 974 957
f 958 957 976
f 958 978 959
f 952 959 980
f 960 962 981
f 961 985 962
f 961 952 983
f 960 987 963
f 876 825 1007
f 951 953 1205
f 953 954 1206
f 955 956 1207
f 954 955 1207
f 956 957 1209
f 958 1210 957
f 958 959 1211
f 952 1211 959
f 960 1214 962
f 961 1212 952
f 961 962 1213
f 876 1256 877
f 877 1216 963
f 960 963 1215
f 952 980 965
f 951 964 966
f 953 966 967
f 953 967 968
f 953 968 969
f 956 972 973
f 954 969 970
f 955 970 971
f 955 971 972
f 956 973 974
f 957 974 975
f 957 975 976
f 958 976 977
f 958 977 978
f 959 978 979
f 959 979 980
f 964 989 966
f 966 991 967
f 967 991 968
f 968 992 969
f 970 969 992
f 970 992 971
f 972 971 993
f 972 993 973
f 974 973 994
f 974 994 975
f 976 975 995
f 976 995 977
f 978 977 996
f 978 996 979
f 980 979 997
f 980 997 965
f 960 981 988
f 962 982 981
f 961 983 986
f 952 965 984
f 952 984 983
f 962 985 982
f 961 986 985
f 960 988 987
f 981 998 988
f 981 982 998
f 983 999 986
f 965 990 984
f 984 999 983
f 982 985 1000
f 985 986 1000
f 987 988 1001
f 966 989 991
f 968 991 992
f 973 993 994
f 971 992 993
f 975 994 995
f 977 995 996
f 979 996 997
f 965 997 990
f 990 999 984
f 986 999 1000
f 982 1000 998
f 988 998 1001
f 989 1242 991
f 991 1244 992
f 992 1244 993
f 993 1246 994
f 994 1246 995
f 995 1248 996
f 996 1248 997
f 990 997 1250
f 990 1251 999
f 999 1252 1000
f 998 1000 1253
f 998 1254 1001
f 949 1001 1310
f 950 949 1311
f 457 1009 460
f 457 458 1010
f 458 459 1011
f 461 460 1008
f 459 1002 1011
f 460 1009 1008
f 458 1011 1010
f 457 1010 1009
f 461 1008 1016
f 1011 1002 1003
f 1002 1004 1003
f 1004 1172 1003
f 1004 1201 1172
f 794 798 1005
f 796 1024 797
f 795 1024 796
f 797 1025 798
f 801 1030 800
f 799 800 1029
f 795 799 1029
f 801 802 1030
f 802 803 1064
f 803 804 1064
f 804 805 1065
f 805 806 1065
f 806 807 1068
f 807 809 1068
f 809 808 1072
f 808 810 1072
f 810 811 1074
f 798 1025 1005
f 823 824 1006
f 811 812 1074
f 812 813 1128
f 813 814 1128
f 814 815 1135
f 815 816 1135
f 816 817 1138
f 817 818 1138
f 818 819 1140
f 819 820 1140
f 820 821 1155
f 821 822 1155
f 822 823 1157
f 823 1006 1157
f 826 1169 1007
f 826 1005 1169
f 795 1029 1024
f 797 1024 1025
f 800 1030 1029
f 802 1064 1030
f 804 1065 1064
f 806 1068 1065
f 809 1072 1068
f 810 1074 1072
f 1005 1104 1169
f 1005 1025 1104
f 1008 1009 1015
f 1010 1011 1012
f 1009 1010 1014
f 1014 1010 1012
f 1011 1013 1012
f 1012 1013 1019
f 1009 1014 1015
f 1015 1014 1018
f 1008 1043 1016
f 1008 1015 1043
f 1043 1017 1016
f 1015 1018 1045
f 1015 1045 1043
f 1014 1023 1018
f 1023 1048 1042
f 1023 1042 1018
f 1014 1012 1023
f 1023 1012 1019
f 1013 1020 1019
f 1019 1020 1022
f 1022 1021 1051
f 1023 1019 1048
f 1019 1022 1048
f 1020 1021 1022
f 1011 1092 1013
f 1013 1096 1020
f 1020 1100 1021
f 1021 1124 1050
f 1024 1029 1027
f 1024 1028 1025
f 1026 1027 1029
f 1024 1027 1028
f 1030 1026 1029
f 1030 1064 1031
f 1030 1031 1026
f 1031 1064 1066
f 1036 1066 1032
f 1032 1053 1057
f 1026 1033 1034
f 1027 1034 1035
f 1026 1034 1027
f 1027 1035 1028
f 1033 1056 1037
f 1036 1056 1033
f 1036 1057 1056
f 1034 1033 1037
f 1034 1038 1035
f 1034 1037 1038
f 1031 1033 1026
f 1031 1036 1033
f 1031 1066 1036
f 1036 1032 1057
f 1040 1051 1050
f 1040 1050 1041
f 1040 1056 1039
f 1037 1040 1041
f 1037 1056 1040
f 1037 1041 1038
f 1040 1039 1051
f 1039 1049 1051
f 1052 1049 1039
f 1047 1049 1052
f 1048 1047 1042
f 1043 1044 1017
f 1018 1046 1045
f 1043 1045 1044
f 1018 1042 1046
f 1042 1047 1059
f 1042 1059 1046
f 1045 1060 1044
f 1045 1046 1058
f 1022 1051 1049
f 1022 1049 1048
f 1048 1049 1047
f 1021 1050 1051
f 1057 1053 1052
f 1052 1053 1055
f 1047 1055 1059
f 1047 1052 1055
f 1053 1078 1055
f 1054 1055 1078
f 1054 1062 1059
f 1054 1059 1055
f 1057 1039 1056
f 1057 1052 1039
f 1046 1059 1062
f 1046 1062 1058
f 1045 1058 1060
f 1058 1061 1060
f 1058 1062 1082
f 1058 1082 1063
f 1058 1063 1061
f 1064 1065 1066
f 1065 1067 1066
f 1065 1068 1067
f 1067 1068 1069
f 1032 1066 1067
f 1032 1067 1070
f 1032 1070 1053
f 1053 1070 1078
f 1070 1071 1078
f 1067 1069 1070
f 1069 1071 1070
f 1071 1076 1079
f 1071 1079 1078
f 1068 1072 1069
f 1069 1072 1073
f 1072 1074 1073
f 1073 1074 1075
f 1071 1073 1076
f 1069 1073 1071
f 1076 1084 1079
f 1073 1075 1076
f 1075 1077 1076
f 1076 1077 1084
f 1077 1086 1084
f 1054 1079 1080
f 1054 1078 1079
f 1054 1080 1062
f 1062 1080 1082
f 1079 1084 1080
f 1080 1085 1082
f 1082 1085 1083
f 1082 1081 1063
f 1082 1083 1081
f 1080 1084 1085
f 1084 1086 1085
f 1085 1089 1083
f 1085 1087 1089
f 1085 1086 1087
f 1087 1088 1089
f 1087 1131 1088
f 1025 1028 1108
f 1028 1035 1112
f 1035 1038 1105
f 1041 1050 1116
f 1038 1041 1120
f 1011 1003 1090
f 1011 1090 1091
f 1011 1091 1092
f 1013 1092 1093
f 1013 1093 1094
f 1013 1094 1095
f 1013 1095 1096
f 1020 1096 1097
f 1020 1097 1098
f 1020 1098 1099
f 1020 1099 1100
f 1021 1103 1101
f 1021 1101 1102
f 1021 1102 1124
f 1021 1100 1103
f 1025 1171 1104
f 1025 1106 1171
f 1038 1118 1105
f 1025 1107 1106
f 1025 1108 1107
f 1028 1109 1108
f 1028 1110 1109
f 1028 1111 1110
f 1028 1112 1111
f 1035 1113 1112
f 1035 1114 1113
f 1035 1115 1114
f 1035 1105 1115
f 1050 1125 1116
f 1041 1121 1120
f 1038 1120 1117
f 1038 1119 1118
f 1038 1117 1119
f 1041 1123 1121
f 1041 1116 1122
f 1041 1122 1123
f 1050 1124 1127
f 1050 1127 1126
f 1050 1126 1125
f 812 1128 1074
f 814 1135 1128
f 816 1138 1135
f 818 1140 1138
f 820 1155 1140
f 822 1157 1155
f 1157 1006 1158
f 1074 1128 1075
f 1075 1128 1129
f 1075 1129 1077
f 1077 1129 1130
f 1077 1130 1086
f 1086 1130 1132
f 1128 1136 1129
f 1129 1137 1130
f 1130 1144 1132
f 1086 1132 1087
f 1087 1132 1133
f 1087 1133 1131
f 1133 1134 1131
f 1132 1145 1133
f 1133 1145 1134
f 1128 1135 1136
f 1129 1136 1137
f 1130 1137 1144
f 1132 1144 1145
f 1145 1146 1134
f 1135 1138 1136
f 1136 1139 1137
f 1137 1142 1144
f 1136 1138 1139
f 1138 1140 1139
f 1139 1140 1141
f 1137 1139 1142
f 1142 1147 1144
f 1142 1143 1147
f 1139 1141 1142
f 1141 1143 1142
f 1143 1152 1147
f 1143 1162 1152
f 1144 1147 1145
f 1145 1148 1146
f 1145 1147 1149
f 1147 1152 1149
f 1145 1149 1148
f 1149 1150 1148
f 1149 1151 1150
f 1149 1154 1151
f 1149 1152 1154
f 1152 1166 1153
f 1152 1153 1154
f 1140 1155 1141
f 1141 1155 1156
f 1155 1157 1156
f 1157 1158 1159
f 1156 1157 1160
f 1157 1159 1160
f 1160 1159 1161
f 1160 1161 1165
f 1141 1156 1143
f 1143 1156 1162
f 1152 1162 1166
f 1162 1164 1163
f 1162 1163 1166
f 1166 1163 1167
f 1156 1160 1162
f 1160 1164 1162
f 1160 1165 1164
f 1166 1168 1153
f 1166 1167 1168
f 1169 1171 1255
f 1007 1169 1170
f 1169 1255 1170
f 1003 1172 1090
f 1090 1172 1091
f 1091 1173 1092
f 1092 1174 1093
f 1093 1175 1094
f 1094 1175 1095
f 1095 1176 1096
f 1096 1177 1097
f 1097 1178 1098
f 1098 1178 1099
f 1099 1179 1100
f 1101 1103 1180
f 1101 1180 1102
f 1102 1181 1124
f 1100 1182 1103
f 1091 1172 1173
f 1092 1173 1174
f 1093 1174 1175
f 1095 1175 1176
f 1096 1176 1177
f 1097 1177 1178
f 1099 1178 1179
f 1100 1179 1182
f 1102 1180 1181
f 1124 1181 1198
f 1103 1182 1180
f 1104 1171 1169
f 1171 1106 1184
f 1105 1118 1183
f 1106 1107 1184
f 1107 1108 1185
f 1111 1112 1186
f 1108 1109 1187
f 1109 1110 1188
f 1110 1111 1188
f 1112 1113 1189
f 1113 1114 1190
f 1114 1115 1190
f 1105 1191 1115
f 1116 1192 1122
f 1116 1125 1193
f 1120 1121 1194
f 1117 1120 1195
f 1118 1119 1196
f 1117 1196 1119
f 1121 1123 1197
f 1122 1197 1123
f 1124 1198 1127
f 1126 1127 1199
f 1125 1126 1199
f 1107 1185 1184
f 1108 1187 1185
f 1109 1188 1187
f 1111 1186 1188
f 1112 1189 1186
f 1113 1190 1189
f 1115 1191 1190
f 1105 1183 1191
f 1116 1193 1192
f 1117 1195 1196
f 1118 1196 1183
f 1120 1194 1195
f 1121 1197 1194
f 1122 1192 1197
f 1125 1199 1193
f 1127 1198 1199
f 1172 1260 1173
f 1173 1261 1174
f 1174 1263 1175
f 1175 1265 1176
f 1176 1266 1177
f 1177 1268 1178
f 1178 1270 1179
f 1180 1273 1181
f 1181 1274 1198
f 1179 1275 1182
f 1180 1182 1276
f 1255 1171 1184
f 1184 1185 1279
f 1185 1187 1281
f 1187 1188 1282
f 1186 1284 1188
f 1186 1189 1286
f 1189 1190 1287
f 1190 1191 1289
f 1183 1290 1191
f 1192 1193 1291
f 1194 1293 1195
f 1195 1294 1196
f 1183 1196 1295
f 1194 1197 1298
f 1192 1299 1197
f 1193 1199 1302
f 1198 1304 1199
f 591 1204 592
f 592 1204 593
f 591 951 1204
f 302 594 1242
f 593 1242 594
f 1204 1217 593
f 593 1217 1242
f 1004 1200 1201
f 597 1201 1200
f 597 1312 1201
f 597 1202 1312
f 1202 1203 1312
f 876 1007 1257
f 951 1205 1204
f 953 1206 1205
f 954 1207 1206
f 956 1208 1207
f 956 1209 1208
f 957 1210 1209
f 958 1211 1210
f 952 1212 1211
f 961 1213 1212
f 962 1214 1213
f 960 1215 1214
f 876 1257 1256
f 963 1216 1215
f 877 1256 1216
f 1007 1170 1257
f 1204 1205 1218
f 1205 1206 1220
f 1206 1207 1223
f 1207 1208 1225
f 1208 1209 1227
f 1210 1229 1209
f 1210 1211 1231
f 1211 1212 1232
f 1213 1214 1236
f 1213 1234 1212
f 1214 1215 1238
f 1215 1216 1240
f 991 1242 1243
f 991 1243 1244
f 993 1244 1245
f 993 1245 1246
f 995 1246 1247
f 995 1247 1248
f 997 1248 1249
f 997 1249 1250
f 990 1250 1251
f 999 1251 1252
f 1000 1252 1253
f 998 1253 1254
f 1001 1254 1310
f 949 1310 1311
f 1204 1218 1217
f 1205 1219 1218
f 1205 1220 1219
f 1206 1221 1220
f 1206 1222 1221
f 1206 1223 1222
f 1207 1224 1223
f 1207 1225 1224
f 1208 1226 1225
f 1208 1227 1226
f 1209 1228 1227
f 1209 1229 1228
f 1210 1230 1229
f 1210 1231 1230
f 1211 1232 1231
f 1212 1233 1232
f 1218 1242 1217
f 1218 1219 1243
f 1220 1243 1219
f 1220 1221 1243
f 1221 1222 1244
f 1222 1223 1245
f 1223 1224 1245
f 1224 1225 1246
f 1225 1226 1246
f 1226 1227 1247
f 1227 1228 1247
f 1228 1229 1248
f 1229 1230 1248
f 1230 1231 1249
f 1232 1249 1231
f 1232 1233 1249
f 1212 1234 1233
f 1213 1235 1234
f 1213 1236 1235
f 1214 1237 1236
f 1214 1238 1237
f 1215 1239 1238
f 1215 1240 1239
f 1216 1241 1240
f 1234 1250 1233
f 1234 1235 1250
f 1236 1251 1235
f 1236 1237 1251
f 1238 1252 1237
f 1238 1239 1252
f 1240 1253 1239
f 1240 1241 1253
f 1218 1243 1242
f 1221 1244 1243
f 1222 1245 1244
f 1224 1246 1245
f 1226 1247 1246
f 1228 1248 1247
f 1230 1249 1248
f 1233 1250 1249
f 1250 1235 1251
f 1237 1252 1251
f 1239 1253 1252
f 1241 1254 1253
f 1170 1255 1257
f 1255 1258 1257
f 1216 1256 1306
f 1256 1257 1308
f 1216 1306 1241
f 1256 1307 1306
f 1256 1308 1307
f 1257 1309 1308
f 1257 1258 1309
f 1255 1305 1258
f 1201 1259 1172
f 1172 1259 1260
f 1173 1260 1261
f 1174 1261 1262
f 1174 1262 1263
f 1175 1263 1264
f 1175 1264 1265
f 1176 1265 1266
f 1177 1266 1267
f 1177 1267 1268
f 1178 1268 1269
f 1178 1269 1270
f 1179 1270 1271
f 1179 1271 1275
f 1180 1276 1272
f 1180 1272 1273
f 1181 1273 1274
f 1198 1274 1301
f 1182 1275 1276
f 1255 1184 1278
f 1255 1278 1305
f 1183 1295 1277
f 1184 1279 1278
f 1185 1280 1279
f 1185 1281 1280
f 1186 1285 1284
f 1187 1282 1281
f 1188 1283 1282
f 1188 1284 1283
f 1186 1286 1285
f 1189 1287 1286
f 1190 1288 1287
f 1190 1289 1288
f 1191 1290 1289
f 1183 1277 1290
f 1192 1292 1299
f 1193 1302 1291
f 1192 1291 1292
f 1194 1298 1293
f 1195 1297 1294
f 1196 1296 1295
f 1196 1294 1296
f 1195 1293 1297
f 1197 1300 1298
f 1197 1299 1300
f 1198 1301 1304
f 1199 1304 1303
f 1199 1303 1302
f 1201 1312 1259
f 1259 1312 1260
f 1260 1313 1261
f 1261 1313 1262
f 1262 1314 1263
f 1263 1314 1264
f 1264 1314 1265
f 1265 1315 1266
f 1266 1315 1267
f 1267 1316 1268
f 1268 1316 1269
f 1269 1316 1270
f 1270 1316 1271
f 1271 1317 1275
f 1272 1276 1318
f 1272 1318 1273
f 1273 1319 1274
f 1274 1319 1301
f 1275 1317 1276
f 1260 1312 1313
f 1262 1313 1314
f 1265 1314 1315
f 1267 1315 1316
f 1271 1316 1317
f 1273 1318 1319
f 1276 1317 1318
f 1258 1305 1320
f 1305 1278 1320
f 1277 1295 1328
f 1278 1279 1320
f 1279 1280 1320
f 1280 1281 1321
f 1281 1282 1321
f 1282 1283 1322
f 1283 1284 1322
f 1284 1285 1322
f 1285 1286 1323
f 1286 1287 1323
f 1287 1288 1324
f 1288 1289 1324
f 1289 1290 1325
f 1277 1325 1290
f 1291 1302 1326
f 1291 1326 1292
f 1293 1327 1297
f 1293 1298 1327
f 1294 1297 1328
f 1295 1296 1328
f 1294 1328 1296
f 1298 1300 1329
f 1292 1329 1299
f 1299 1329 1300
f 1301 1330 1304
f 1303 1304 1330
f 1302 1303 1330
f 1277 1328 1325
f 1280 1321 1320
f 1282 1322 1321
f 1285 1323 1322
f 1287 1324 1323
f 1289 1325 1324
f 1292 1326 1329
f 1297 1327 1328
f 1298 1329 1327
f 1301 1319 1330
f 1302 1330 1326
f 1306 1254 1241
f 1306 1307 1254
f 1308 1310 1307
f 1308 1309 1310
f 1258 1311 1309
f 1258 1320 1311
f 1254 1307 1310
f 1309 1311 1310
f 1312 1332 1313
f 1313 1334 1314
f 1314 1337 1315
f 1315 1339 1316
f 1316 1343 1317
f 1318 1345 1319
f 1317 1348 1318
f 1325 1328 1349
f 1320 1321 1352
f 1321 1322 1354
f 1322 1323 1357
f 1323 1324 1359
f 1324 1325 1361
f 1326 1364 1329
f 1327 1369 1328
f 1327 1329 1370
f 1319 1373 1330
f 1326 1330 1374
f 1203 1331 1312
f 1312 1331 1332
f 1313 1332 1333
f 1313 1333 1334
f 1314 1334 1335
f 1314 1335 1336
f 1314 1336 1337
f 1315 1337 1338
f 1315 1338 1339
f 1316 1339 1340
f 1316 1340 1341
f 1316 1341 1342
f 1316 1342 1343
f 1317 1343 1347
f 1318 1348 1344
f 1318 1344 1345
f 1319 1345 1346
f 1319 1346 1373
f 1317 1347 1348
f 1311 1320 1350
f 1328 1367 1349
f 1320 1351 1350
f 1320 1352 1351
f 1321 1353 1352
f 1321 1354 1353
f 1322 1355 1354
f 1322 1356 1355
f 1322 1357 1356
f 1323 1358 1357
f 1323 1359 1358
f 1324 1360 1359
f 1324 1361 1360
f 1325 1362 1361
f 1325 1349 1362
f 1326 1374 1363
f 1326 1363 1364
f 1327 1365 1369
f 1327 1370 1365
f 1328 1369 1366
f 1328 1368 1367
f 1328 1366 1368
f 1329 1372 1370
f 1329 1364 1371
f 1329 1371 1372
f 1330 1373 1376
f 1330 1376 1375
f 1330 1375 1374
f 1378 1423 1379
f 1377 1423 1378
f 1380 1424 1381
f 1382 1425 1383
f 1380 1384 1424
f 1383 1425 1384
f 1385 1386 1427
f 1381 1426 1386
f 1377 1385 1427
f 1387 1389 1428
f 1388 1428 1389
f 1390 1430 1391
f 1390 1395 1429
f 1388 1391 1430
f 1392 1393 1431
f 1393 1394 1432
f 1394 1413 1432
f 1392 1433 1396
f 1395 1396 1433
f 1382 1387 1434
f 1379 1435 1398
f 1398 1435 1399
f 1397 1399 1436
f 1400 1401 1437
f 1397 1437 1401
f 1400 1438 1403
f 1402 1403 1439
f 1402 1439 1404
f 1404 1440 1405
f 1405 1440 1406
f 1406 1441 1407
f 1407 1441 1408
f 1408 1442 1409
f 1409 1443 1410
f 1411 1444 1413
f 1411 1412 1444
f 1412 1414 1445
f 1414 1415 1445
f 1415 1416 1446
f 1416 1417 1447
f 1417 1418 1447
f 1418 1419 1448
f 1419 1420 1448
f 1420 1421 1449
f 1421 1422 1450
f 1410 1443 272
f 1422 1452 1450
f 1377 1427 1423
f 1379 1423 1435
f 1381 1424 1426
f 1382 1434 1425
f 1384 1425 1424
f 1386 1426 1427
f 1387 1428 1434
f 1388 1430 1428
f 1390 1429 1430
f 1392 1431 1433
f 1393 1432 1431
f 1395 1433 1429
f 1397 1436 1437
f 1399 1435 1436
f 1400 1437 1438
f 1403 1438 1439
f 1404 1439 1440
f 1406 1440 1441
f 1408 1441 1442
f 1409 1442 1443
f 1412 1445 1444
f 1413 1444 1432
f 1415 1446 1445
f 1416 1447 1446
f 1418 1448 1447
f 1420 1449 1448
f 1421 1450 1449
f 1443 1492 1451
f 272 1443 1451
f 272 1451 1495
f 1451 1492 1495
f 1452 1497 1453
f 1452 1453 1450
f 1423 1427 1454
f 1423 1456 1435
f 1424 1458 1426
f 1425 1434 1459
f 1424 1425 1460
f 1426 1461 1427
f 1428 1462 1434
f 1428 1430 1463
f 1429 1465 1430
f 1431 1466 1433
f 1431 1432 1467
f 1429 1433 1468
f 1436 1470 1437
f 1435 1471 1436
f 1437 1472 1438
f 1438 1474 1439
f 1439 1475 1440
f 1440 1477 1441
f 1441 1478 1442
f 1442 1479 1443
f 1444 1445 1482
f 1432 1444 1483
f 1445 1446 1484
f 1446 1447 1485
f 1447 1448 1487
f 1448 1449 1488
f 1449 1450 1489
f 1423 1455 1456
f 1423 1454 1455
f 1424 1457 1458
f 1424 1460 1457
f 1425 1459 1460
f 1426 1458 1461
f 1427 1461 1454
f 1428 1464 1462
f 1428 1463 1464
f 1429 1468 1465
f 1430 1465 1463
f 1431 1467 1466
f 1432 1483 1467
f 1433 1466 1469
f 1433 1469 1468
f 1434 1462 1459
f 1435 1456 1471
f 1436 1471 1470
f 1437 1473 1472
f 1437 1470 1473
f 1438 1472 1474
f 1439 1474 1475
f 1440 1475 1476
f 1440 1476 1477
f 1441 1477 1478
f 1442 1478 1479
f 1443 1479 1480
f 1444 1481 1483
f 1444 1482 1481
f 1445 1484 1482
f 1446 1485 1484
f 1447 1486 1485
f 1447 1487 1486
f 1448 1488 1487
f 1449 1489 1488
f 1450 1490 1489
f 1443 1480 1492
f 1480 1491 1492
f 1450 1494 1490
f 1454 1461 1499
f 1455 1499 1456
f 1454 1499 1455
f 1457 1500 1458
f 1457 1460 1500
f 1459 1500 1460
f 1458 1500 1461
f 1463 1465 1501
f 1462 1464 1501
f 1463 1501 1464
f 1465 1468 1502
f 1466 1467 1502
f 1466 1502 1469
f 1468 1469 1502
f 1459 1462 1501
f 1456 1499 1471
f 1470 1471 1522
f 1472 1473 1522
f 1470 1522 1473
f 1472 1522 1474
f 1474 1523 1475
f 1475 1523 1476
f 1476 1523 1477
f 1477 1523 1478
f 1478 1524 1479
f 1479 1524 1480
f 1481 1540 1483
f 1481 1482 1540
f 1482 1484 1540
f 1467 1483 1540
f 1484 1485 1542
f 1485 1486 1542
f 1486 1487 1542
f 1487 1488 1542
f 1488 1489 1546
f 1489 1490 1546
f 1480 1524 1491
f 1490 1494 1546
f 1492 1491 1493
f 1491 1524 1493
f 1450 1453 1494
f 1494 1498 1546
f 1492 1496 1495
f 272 1495 1608
f 272 1608 467
f 1495 1496 1608
f 1492 1493 1496
f 1493 1581 1609
f 1496 1493 1609
f 1497 1853 1854
f 1453 1497 1854
f 1453 1855 1494
f 1494 1855 1498
f 1453 1854 1855
f 1498 1855 1584
f 1459 1501 1500
f 1461 1500 1499
f 1465 1502 1501
f 1467 1540 1502
f 1471 1499 1522
f 1474 1522 1523
f 1478 1523 1524
f 1484 1542 1540
f 1488 1546 1542
f 1500 1510 1505
f 1499 1505 1504
f 1499 1500 1505
f 1501 1502 1503
f 1501 1503 1510
f 1503 1502 1541
f 1502 1540 1541
f 1503 1541 1547
f 1500 1501 1510
f 1505 1511 1506
f 1504 1505 1506
f 1504 1506 1507
f 1506 1518 1507
f 1507 1518 1508
f 1508 1518 1519
f 1508 1519 1509
f 1510 1503 1513
f 1510 1513 1511
f 1511 1515 1512
f 1503 1547 1513
f 1513 1548 1515
f 1515 1549 1516
f 1511 1513 1515
f 1512 1515 1516
f 1512 1516 1514
f 1514 1516 1551
f 1514 1551 1517
f 1505 1510 1511
f 1506 1511 1512
f 1506 1512 1518
f 1512 1514 1518
f 1514 1519 1518
f 1514 1517 1519
f 1517 1520 1519
f 1509 1519 1520
f 1509 1520 1521
f 1499 1504 1522
f 1504 1525 1522
f 1522 1525 1523
f 1525 1529 1523
f 1523 1529 1524
f 1504 1507 1525
f 1507 1526 1525
f 1525 1526 1529
f 1526 1530 1529
f 1526 1527 1530
f 1527 1531 1530
f 1507 1508 1526
f 1508 1527 1526
f 1508 1509 1527
f 1509 1528 1527
f 1509 1521 1528
f 1527 1528 1531
f 1528 1535 1531
f 1528 1539 1535
f 1535 1539 1536
f 1529 1530 1532
f 1530 1531 1533
f 1531 1535 1534
f 1529 1532 1524
f 1530 1533 1532
f 1531 1534 1533
f 1535 1536 1537
f 1534 1535 1537
f 1537 1536 1538
f 1521 1539 1528
f 1541 1540 1543
f 1541 1544 1547
f 1540 1542 1543
f 1541 1543 1544
f 1547 1544 1545
f 1543 1542 1546
f 1543 1546 1544
f 1544 1546 1545
f 1552 1546 1553
f 1545 1546 1552
f 1513 1547 1548
f 1515 1548 1549
f 1516 1549 1550
f 1516 1550 1551
f 1547 1545 1548
f 1548 1552 1549
f 1548 1545 1552
f 1549 1552 1553
f 1549 1553 1550
f 1517 1567 1520
f 1520 1570 1521
f 1521 1580 1539
f 1536 1539 1557
f 1536 1560 1538
f 1517 1551 1564
f 1550 1572 1551
f 1550 1553 1576
f 1553 1546 1578
f 1524 1581 1493
f 1524 1532 1732
f 1532 1533 1734
f 1533 1534 1736
f 1534 1537 1738
f 1537 1538 1740
f 1546 1498 1584
f 1521 1570 1569
f 1521 1569 1568
f 1521 1568 1580
f 1539 1580 1554
f 1539 1554 1555
f 1539 1556 1557
f 1539 1555 1556
f 1536 1557 1558
f 1536 1558 1559
f 1536 1559 1560
f 1538 1560 1561
f 1546 1583 1579
f 1517 1563 1562
f 1517 1562 1571
f 1517 1564 1563
f 1551 1575 1565
f 1551 1572 1575
f 1550 1573 1572
f 1551 1565 1564
f 1517 1571 1567
f 1520 1567 1566
f 1520 1566 1570
f 1550 1574 1573
f 1550 1576 1574
f 1553 1577 1576
f 1553 1578 1577
f 1546 1579 1578
f 1546 1588 1583
f 1538 1561 1582
f 1524 1731 1581
f 1524 1732 1731
f 1532 1733 1732
f 1532 1734 1733
f 1533 1735 1734
f 1533 1736 1735
f 1534 1737 1736
f 1534 1738 1737
f 1537 1739 1738
f 1537 1740 1739
f 1538 1741 1740
f 1538 1582 1741
f 1582 1742 1741
f 1546 1584 1585
f 1546 1585 1586
f 1546 1586 1587
f 1546 1587 1588
f 1562 1563 1590
f 1562 1590 1571
f 1568 1569 1589
f 1568 1589 1580
f 1566 1594 1570
f 1566 1567 1594
f 1567 1571 1595
f 1570 1596 1569
f 1565 1575 1593
f 1575 1572 1591
f 1563 1564 1592
f 1565 1593 1564
f 1573 1574 1604
f 1572 1573 1604
f 1577 1578 1605
f 1574 1576 1603
f 1576 1577 1605
f 1554 1598 1555
f 1554 1580 1597
f 1555 1598 1556
f 1556 1599 1557
f 1558 1600 1559
f 1557 1600 1558
f 1559 1601 1560
f 1560 1602 1561
f 1578 1579 1606
f 1579 1583 1607
f 1561 1602 1582
f 1583 1588 1607
f 1567 1595 1594
f 1570 1594 1596
f 1569 1596 1589
f 1564 1593 1592
f 1563 1592 1590
f 1574 1603 1604
f 1575 1591 1593
f 1572 1604 1591
f 1571 1590 1595
f 1556 1598 1599
f 1580 1589 1597
f 1554 1597 1598
f 1557 1599 1600
f 1559 1600 1601
f 1560 1601 1602
f 1576 1605 1603
f 1578 1606 1605
f 1579 1607 1606
f 1592 1941 1590
f 1590 1949 1595
f 1594 1950 1596
f 1589 1596 1930
f 1594 1595 1948
f 1600 1938 1601
f 1601 1939 1602
f 1589 1933 1597
f 1597 1932 1598
f 1598 1935 1599
f 1599 1936 1600
f 1582 1826 1742
f 1582 1602 1826
f 1602 1958 1826
f 467 1608 566
f 1496 1688 1608
f 1496 1609 1688
f 1608 1611 566
f 566 1610 569
f 566 1611 1610
f 1608 1688 1611
f 1611 1688 1610
f 569 1610 589
f 589 1610 1612
f 1612 1610 1659
f 1612 1659 1613
f 1613 1660 1614
f 1614 1660 1615
f 1615 1661 1616
f 1616 1662 1617
f 1617 1662 1618
f 1618 1663 1619
f 1619 1663 1620
f 1620 1664 1621
f 1621 1665 1622
f 1622 1665 1623
f 1623 1666 1624
f 1624 1667 1625
f 1625 1667 1626
f 1626 1668 1627
f 1627 1668 1628
f 1628 1669 1629
f 1629 1669 1630
f 1630 1670 1631
f 1631 1671 1632
f 1632 1671 1633
f 1633 1672 1634
f 1634 1672 1635
f 1635 1673 1636
f 1636 1674 1637
f 1637 1674 1638
f 1638 1675 1639
f 1639 1675 1640
f 1640 1676 1641
f 1641 1677 1642
f 1642 1677 1643
f 1643 1678 1644
f 1644 1679 1645
f 1645 1679 1646
f 1646 1680 1647
f 1647 1680 1648
f 1648 1681 1649
f 1649 1681 1650
f 1650 1682 1651
f 1651 1683 1652
f 1652 1683 1653
f 1653 1684 1654
f 1654 1684 1655
f 1655 1685 1656
f 1656 1686 1657
f 1657 1686 590
f 1610 1658 1659
f 1610 1688 1658
f 1613 1659 1660
f 1615 1660 1661
f 1616 1661 1662
f 1618 1662 1663
f 1620 1663 1664
f 1621 1664 1665
f 1623 1665 1666
f 1624 1666 1667
f 1626 1667 1668
f 1628 1668 1669
f 1630 1669 1670
f 1631 1670 1671
f 1633 1671 1672
f 1635 1672 1673
f 1636 1673 1674
f 1638 1674 1675
f 1640 1675 1676
f 1641 1676 1677
f 1643 1677 1678
f 1644 1678 1679
f 1646 1679 1680
f 1648 1680 1681
f 1650 1681 1682
f 1651 1682 1683
f 1653 1683 1684
f 1655 1684 1685
f 1656 1685 1686
f 590 1687 596
f 590 1686 1687
f 1688 1609 1690
f 1609 1744 1690
f 1688 1689 1658
f 1658 1689 1659
f 1688 1690 1689
f 1659 1689 1692
f 1659 1693 1660
f 1660 1694 1661
f 1661 1695 1662
f 1662 1697 1663
f 1663 1698 1664
f 1664 1699 1665
f 1665 1701 1666
f 1666 1702 1667
f 1667 1703 1668
f 1668 1705 1669
f 1669 1706 1670
f 1670 1707 1671
f 1671 1709 1672
f 1672 1710 1673
f 1673 1711 1674
f 1674 1713 1675
f 1675 1714 1676
f 1676 1715 1677
f 1677 1717 1678
f 1678 1718 1679
f 1679 1719 1680
f 1680 1721 1681
f 1681 1722 1682
f 1682 1723 1683
f 1683 1725 1684
f 1684 1726 1685
f 1685 1727 1686
f 1659 1692 1693
f 1660 1693 1694
f 1661 1694 1695
f 1662 1695 1696
f 1662 1696 1697
f 1663 1697 1698
f 1664 1698 1699
f 1665 1699 1700
f 1665 1700 1701
f 1666 1701 1702
f 1667 1702 1703
f 1668 1703 1704
f 1668 1704 1705
f 1669 1705 1706
f 1670 1706 1707
f 1671 1707 1708
f 1671 1708 1709
f 1672 1709 1710
f 1673 1710 1711
f 1674 1711 1712
f 1674 1712 1713
f 1675 1713 1714
f 1676 1714 1715
f 1677 1715 1716
f 1677 1716 1717
f 1678 1717 1718
f 1679 1718 1719
f 1680 1719 1720
f 1680 1720 1721
f 1681 1721 1722
f 1682 1722 1723
f 1683 1723 1724
f 1683 1724 1725
f 1684 1725 1726
f 1685 1726 1727
f 1686 1727 1728
f 1686 1728 1729
f 1689 1691 1692
f 1689 1690 1691
f 1692 1691 1744
f 1692 1744 1693
f 1693 1744 1694
f 1694 1745 1695
f 1695 1745 1696
f 1696 1745 1697
f 1697 1745 1698
f 1698 1746 1699
f 1699 1746 1700
f 1700 1746 1701
f 1701 1746 1702
f 1702 1762 1703
f 1703 1762 1704
f 1704 1762 1705
f 1705 1762 1706
f 1706 1763 1707
f 1707 1763 1708
f 1708 1763 1709
f 1709 1763 1710
f 1710 1764 1711
f 1711 1764 1712
f 1712 1764 1713
f 1713 1764 1714
f 1714 1765 1715
f 1715 1765 1716
f 1716 1765 1717
f 1717 1765 1718
f 1718 1785 1719
f 1719 1785 1720
f 1720 1785 1721
f 1721 1785 1722
f 1722 1787 1723
f 1723 1787 1724
f 1724 1787 1725
f 1725 1787 1726
f 1726 1791 1727
f 1727 1791 1728
f 1728 1791 1729
f 1686 1729 1687
f 1729 1791 1730
f 596 2324 1202
f 1687 2324 596
f 1687 1729 2325
f 1729 1730 2325
f 1687 2325 2324
f 1730 1828 2325
f 1581 1731 1609
f 1732 1744 1731
f 1732 1733 1747
f 1733 1734 1747
f 1734 1735 1748
f 1735 1736 1748
f 1736 1737 1749
f 1737 1738 1749
f 1738 1739 1753
f 1739 1740 1753
f 1740 1741 1754
f 1731 1744 1609
f 1741 1743 1754
f 1741 1742 1743
f 1732 1747 1744
f 1734 1748 1747
f 1736 1749 1748
f 1738 1753 1749
f 1740 1754 1753
f 1690 1744 1691
f 1694 1744 1745
f 1698 1745 1746
f 1702 1746 1762
f 1706 1762 1763
f 1710 1763 1764
f 1714 1764 1765
f 1718 1765 1785
f 1722 1785 1787
f 1726 1787 1791
f 1744 1747 1745
f 1745 1750 1746
f 1750 1757 1746
f 1746 1757 1762
f 1757 1767 1762
f 1747 1748 1750
f 1748 1749 1751
f 1749 1753 1752
f 1747 1750 1745
f 1748 1751 1750
f 1749 1752 1751
f 1753 1754 1755
f 1752 1753 1755
f 1755 1754 1756
f 1750 1751 1757
f 1751 1752 1758
f 1751 1758 1757
f 1752 1759 1758
f 1757 1758 1767
f 1758 1759 1768
f 1758 1768 1767
f 1752 1755 1759
f 1755 1760 1759
f 1755 1756 1760
f 1756 1761 1760
f 1759 1769 1768
f 1759 1760 1769
f 1760 1761 1770
f 1760 1770 1769
f 1761 1773 1770
f 1762 1767 1763
f 1767 1771 1763
f 1763 1771 1764
f 1771 1777 1764
f 1764 1777 1765
f 1777 1766 1765
f 1766 1785 1765
f 1766 1781 1786
f 1766 1786 1785
f 1767 1768 1771
f 1768 1772 1771
f 1768 1769 1772
f 1769 1774 1772
f 1769 1770 1774
f 1771 1772 1777
f 1770 1775 1774
f 1770 1773 1775
f 1773 1776 1775
f 1772 1774 1778
f 1772 1778 1777
f 1774 1775 1779
f 1774 1779 1778
f 1775 1780 1779
f 1775 1776 1780
f 1776 1784 1780
f 1777 1778 1766
f 1778 1779 1781
f 1779 1780 1782
f 1780 1784 1783
f 1778 1781 1766
f 1779 1782 1781
f 1782 1780 1783
f 1784 1792 1783
f 1781 1782 1793
f 1782 1783 1794
f 1781 1793 1786
f 1786 1787 1785
f 1786 1793 1788
f 1793 1789 1788
f 1786 1788 1787
f 1794 1790 1789
f 1788 1791 1787
f 1788 1789 1791
f 1789 1790 1791
f 1790 1798 1791
f 1797 1791 1798
f 1782 1794 1793
f 1783 1795 1794
f 1783 1792 1795
f 1792 1796 1795
f 1793 1794 1789
f 1794 1795 1790
f 1795 1796 1798
f 1795 1798 1790
f 1796 1797 1798
f 1754 1800 1756
f 1756 1803 1761
f 1761 1807 1773
f 1773 1810 1776
f 1776 1812 1784
f 1784 1816 1792
f 1792 1821 1796
f 1796 1822 1797
f 1797 1824 1791
f 1743 1799 1754
f 1791 1828 1730
f 1754 1799 1800
f 1756 1800 1801
f 1756 1801 1802
f 1756 1802 1803
f 1761 1803 1805
f 1761 1805 1806
f 1761 1806 1804
f 1761 1804 1807
f 1773 1807 1808
f 1773 1808 1809
f 1773 1809 1810
f 1791 1825 1827
f 1776 1810 1811
f 1776 1811 1812
f 1784 1812 1813
f 1784 1813 1814
f 1784 1814 1815
f 1784 1815 1816
f 1792 1816 1817
f 1792 1817 1821
f 1796 1818 1819
f 1796 1821 1818
f 1796 1819 1820
f 1796 1820 1822
f 1797 1822 1823
f 1797 1823 1824
f 1791 1824 1825
f 1791 1827 1833
f 1742 1826 1743
f 1743 1826 1834
f 1826 2399 1834
f 1743 1834 1799
f 1791 1829 1828
f 1791 1830 1829
f 1791 1831 1830
f 1791 1832 1831
f 1791 1833 1832
f 1799 1834 1800
f 1800 1835 1801
f 1801 1836 1802
f 1802 1836 1803
f 1803 1837 1805
f 1805 1838 1806
f 1806 1838 1804
f 1804 1839 1807
f 1807 1840 1808
f 1808 1840 1809
f 1810 1809 1843
f 1810 1841 1811
f 1811 1841 1812
f 1812 1842 1813
f 1814 1844 1815
f 1813 1844 1814
f 1815 1845 1816
f 1817 1816 1846
f 1817 1846 1821
f 1821 1847 1818
f 1818 1849 1819
f 1819 1849 1820
f 1823 1850 1824
f 1820 1848 1822
f 1822 1850 1823
f 1824 1851 1825
f 1825 1852 1827
f 1827 1852 1833
f 1800 1834 1835
f 1801 1835 1836
f 1803 1836 1837
f 1805 1837 1838
f 1804 1838 1839
f 1807 1839 1840
f 1810 1843 1841
f 1812 1841 1842
f 1809 1840 1843
f 1813 1842 1844
f 1815 1844 1845
f 1816 1845 1846
f 1820 1849 1848
f 1821 1846 1847
f 1818 1847 1849
f 1822 1848 1850
f 1824 1850 1851
f 1825 1851 1852
f 1834 2402 1835
f 1835 2403 1836
f 1836 2405 1837
f 1837 2406 1838
f 1838 2408 1839
f 1839 2409 1840
f 1842 2415 1844
f 1840 2410 1843
f 1843 2412 1841
f 1841 2414 1842
f 1845 1844 2416
f 1853 829 1854
f 829 1857 1854
f 1854 1856 1855
f 1854 1857 1856
f 1855 1856 1959
f 829 897 1857
f 897 898 1857
f 898 899 1858
f 899 900 1859
f 900 901 1859
f 901 902 1860
f 902 903 1860
f 903 904 1861
f 904 905 1862
f 905 906 1862
f 906 907 1863
f 907 908 1863
f 908 909 1864
f 909 910 1864
f 910 911 1865
f 911 912 1866
f 912 913 1866
f 913 914 1867
f 914 915 1868
f 915 916 1868
f 916 917 1869
f 917 918 1869
f 918 919 1870
f 919 920 1871
f 920 921 1871
f 921 922 1872
f 922 923 1872
f 923 924 1873
f 924 925 1874
f 925 926 1874
f 926 927 1875
f 927 928 1875
f 928 929 1876
f 929 930 1876
f 930 931 1877
f 932 933 1878
f 931 932 1878
f 933 934 1879
f 934 935 1880
f 935 936 1880
f 936 937 1881
f 937 938 1881
f 938 939 1882
f 939 940 1882
f 940 941 1883
f 941 942 1884
f 942 943 1885
f 942 1885 1884
f 898 1858 1857
f 899 1859 1858
f 901 1860 1859
f 903 1861 1860
f 904 1862 1861
f 906 1863 1862
f 908 1864 1863
f 910 1865 1864
f 911 1866 1865
f 913 1867 1866
f 914 1868 1867
f 916 1869 1868
f 918 1870 1869
f 919 1871 1870
f 921 1872 1871
f 923 1873 1872
f 924 1874 1873
f 926 1875 1874
f 928 1876 1875
f 930 1877 1876
f 931 1878 1877
f 933 1879 1878
f 934 1880 1879
f 936 1881 1880
f 938 1882 1881
f 940 1883 1882
f 941 1884 1883
f 1884 1885 1887
f 950 1886 1885
f 1885 1886 1926
f 1887 1885 1926
f 1886 1927 1926
f 1857 1858 1889
f 1858 1859 1890
f 1859 1860 1891
f 1860 1861 1893
f 1861 1862 1894
f 1862 1863 1895
f 1863 1864 1897
f 1864 1865 1898
f 1865 1866 1899
f 1866 1867 1901
f 1867 1868 1902
f 1856 1857 1888
f 1857 1889 1888
f 1858 1890 1889
f 1859 1891 1890
f 1860 1892 1891
f 1860 1893 1892
f 1861 1894 1893
f 1862 1895 1894
f 1863 1896 1895
f 1863 1897 1896
f 1864 1898 1897
f 1865 1899 1898
f 1866 1900 1899
f 1866 1901 1900
f 1867 1902 1901
f 1868 1869 1903
f 1869 1870 1905
f 1870 1871 1906
f 1871 1872 1907
f 1872 1873 1909
f 1873 1874 1910
f 1874 1875 1911
f 1875 1876 1913
f 1876 1877 1914
f 1877 1878 1915
f 1878 1879 1917
f 1879 1880 1918
f 1880 1881 1919
f 1881 1882 1921
f 1882 1883 1922
f 1883 1884 1923
f 1868 1903 1902
f 1869 1904 1903
f 1869 1905 1904
f 1870 1906 1905
f 1871 1907 1906
f 1872 1908 1907
f 1872 1909 1908
f 1873 1910 1909
f 1874 1911 1910
f 1875 1912 1911
f 1875 1913 1912
f 1876 1914 1913
f 1877 1915 1914
f 1878 1917 1916
f 1878 1916 1915
f 1879 1918 1917
f 1880 1919 1918
f 1881 1920 1919
f 1881 1921 1920
f 1882 1922 1921
f 1883 1923 1922
f 1884 1924 1923
f 1884 1887 1924
f 1887 1926 1925
f 1856 1888 1959
f 1888 1889 1959
f 1889 1890 1959
f 1890 1891 1960
f 1891 1892 1960
f 1892 1893 1960
f 1893 1894 1960
f 1894 1895 1964
f 1895 1896 1964
f 1896 1897 1964
f 1897 1898 1964
f 1898 1899 1965
f 1899 1900 1965
f 1900 1901 1965
f 1901 1902 1965
f 1902 1903 1974
f 1903 1904 1974
f 1904 1905 1974
f 1905 1906 1974
f 1906 1907 1979
f 1907 1908 1979
f 1908 1909 1979
f 1909 1910 1979
f 1910 1911 1980
f 1911 1912 1980
f 1912 1913 1980
f 1913 1914 1980
f 1914 1915 2003
f 1916 1917 2003
f 1915 1916 2003
f 1917 1918 2003
f 1918 1919 2008
f 1919 1920 2008
f 1920 1921 2008
f 1921 1922 2008
f 1922 1923 2009
f 1923 1924 2009
f 1924 1887 2009
f 1887 1925 2009
f 1925 1928 2009
f 1926 1928 1925
f 950 1927 1886
f 950 1311 1927
f 1926 1927 2328
f 1926 2328 1928
f 1584 1959 1585
f 1585 1961 1586
f 1586 1963 1587
f 1587 1970 1588
f 1584 1855 1959
f 1588 1929 1607
f 1588 1973 1929
f 1585 1959 1961
f 1586 1961 1963
f 1587 1963 1970
f 1588 1970 1973
f 1591 1943 1593
f 1591 1604 1942
f 1592 1593 1944
f 1603 1605 1954
f 1605 1606 1951
f 1604 1603 1953
f 1607 1956 1606
f 1595 1949 1948
f 1594 1948 1947
f 1594 1947 1950
f 1596 1950 1930
f 1589 1930 1931
f 1589 1931 1933
f 1597 1933 1932
f 1598 1932 1934
f 1598 1934 1935
f 1599 1935 1936
f 1600 1936 1937
f 1600 1937 1938
f 1602 1939 1940
f 1601 1938 1939
f 1593 1943 1945
f 1592 1944 1941
f 1590 1941 1946
f 1590 1946 1949
f 1593 1945 1944
f 1591 1942 1943
f 1604 1952 1942
f 1604 1953 1952
f 1603 1954 1953
f 1605 1955 1954
f 1605 1951 1955
f 1606 1956 1951
f 1607 1957 1956
f 1602 1940 1958
f 1607 1929 2150
f 1607 2150 1957
f 1932 2171 1934
f 1934 2171 1935
f 1935 2171 1936
f 1936 2173 1937
f 1937 2173 1938
f 1938 2174 1939
f 1939 2174 1940
f 1943 2161 1945
f 1941 1944 2161
f 1944 1945 2161
f 1946 2159 1949
f 1946 1941 2159
f 1948 2156 1947
f 1947 2156 1950
f 1931 2157 1933
f 1931 1930 2157
f 1930 1950 2156
f 1948 1949 2159
f 1943 1942 2161
f 1953 2158 1952
f 1942 1952 2158
f 1951 1956 2185
f 1953 1954 2185
f 1955 2185 1954
f 1955 1951 2185
f 1932 1933 2171
f 1956 1957 2191
f 1940 2174 1958
f 1826 1958 2398
f 1958 2470 2398
f 1890 1960 1959
f 1894 1964 1960
f 1898 1965 1964
f 1902 1974 1965
f 1959 1962 1961
f 1959 1960 1962
f 1960 1966 1962
f 1961 1962 1967
f 1961 1967 1963
f 1960 1964 1966
f 1964 1969 1966
f 1962 1968 1967
f 1962 1966 1968
f 1964 1965 1969
f 1966 1969 1976
f 1967 1968 1972
f 1966 1976 1968
f 1968 1976 1989
f 1965 1975 1969
f 1963 1971 1970
f 1963 1967 1971
f 1967 1972 1971
f 1971 1972 1988
f 1968 1989 1972
f 1970 1971 1987
f 1970 1987 1973
f 1971 1988 1987
f 1906 1979 1974
f 1910 1980 1979
f 1914 2003 1980
f 1918 2008 2003
f 1922 2009 2008
f 1965 1974 1975
f 1969 1975 1977
f 1969 1977 1976
f 1976 1978 1989
f 1977 1978 1976
f 1974 1981 1975
f 1974 1979 1981
f 1975 1981 1982
f 1975 1982 1977
f 1977 1982 1984
f 1977 1984 1978
f 1979 1983 1981
f 1979 1980 1983
f 1981 1985 1982
f 1981 1983 1985
f 1982 1985 1986
f 1982 1986 1984
f 1984 1986 2002
f 1972 1989 1990
f 1972 1990 1988
f 1973 1987 1992
f 1987 1988 1993
f 1987 1993 1992
f 1988 1990 1995
f 1989 1994 1990
f 1989 1978 1994
f 1973 1992 1991
f 1991 1992 1998
f 1988 1995 1993
f 1990 1994 1996
f 1990 1996 1995
f 1995 2016 1993
f 1993 2016 1999
f 1995 2017 2016
f 1995 1996 2017
f 1991 1998 1997
f 1992 1993 1999
f 1992 1999 1998
f 1997 1998 2020
f 1978 2000 1994
f 1978 1984 2000
f 1984 2002 2000
f 1994 2000 2001
f 1994 2001 1996
f 2000 2002 2022
f 2000 2022 2001
f 1980 2004 1983
f 1983 2005 1985
f 1980 2003 2004
f 1983 2004 2005
f 1985 2006 1986
f 1985 2005 2006
f 2003 2010 2004
f 2004 2011 2005
f 2003 2008 2010
f 2004 2010 2011
f 1986 2007 2002
f 1986 2006 2007
f 2005 2013 2006
f 2005 2011 2013
f 2006 2035 2007
f 2006 2013 2035
f 2008 2012 2010
f 2010 2014 2011
f 2008 2009 2012
f 2010 2012 2014
f 2011 2015 2013
f 2013 2036 2035
f 2011 2014 2015
f 2013 2015 2036
f 2016 2025 2021
f 2017 2025 2016
f 1998 1999 2019
f 1998 2019 2020
f 1999 2016 2021
f 1999 2021 2019
f 1997 2020 2018
f 2019 2028 2020
f 2018 2020 2029
f 1996 2001 2023
f 1996 2023 2017
f 2001 2022 2024
f 2001 2024 2023
f 2017 2023 2031
f 2017 2031 2025
f 2023 2024 2032
f 2019 2021 2030
f 2019 2030 2028
f 2020 2028 2029
f 2018 2029 2027
f 2021 2025 2026
f 2021 2026 2030
f 2028 2030 2051
f 2028 2049 2029
f 2027 2029 2050
f 2025 2031 2033
f 2023 2032 2031
f 2031 2032 2034
f 2025 2033 2026
f 2031 2034 2033
f 2002 2037 2022
f 2002 2007 2037
f 2022 2037 2038
f 2007 2039 2037
f 2007 2035 2039
f 2022 2038 2024
f 2024 2038 2043
f 2037 2041 2038
f 2037 2039 2041
f 2035 2040 2039
f 2035 2036 2040
f 2039 2042 2041
f 2039 2040 2042
f 2024 2043 2032
f 2038 2045 2043
f 2038 2041 2045
f 2032 2044 2034
f 2032 2043 2044
f 2043 2045 2047
f 2043 2047 2044
f 2041 2046 2045
f 2041 2042 2046
f 2045 2048 2047
f 2045 2046 2048
f 1929 1973 2150
f 1973 1991 2150
f 1991 1997 2151
f 1997 2018 2152
f 2018 2027 2153
f 2027 2139 2154
f 1991 2151 2150
f 1997 2152 2151
f 2018 2153 2152
f 2027 2154 2153
f 2139 2155 2154
f 2009 2430 2012
f 2012 2432 2014
f 2014 2434 2015
f 2015 2436 2036
f 2036 2438 2040
f 2040 2440 2042
f 2042 2442 2046
f 2046 2444 2048
f 2028 2051 2049
f 2029 2049 2050
f 2027 2050 2139
f 2030 2026 2052
f 2030 2052 2051
f 2026 2033 2053
f 2026 2053 2052
f 2033 2034 2054
f 2033 2054 2053
f 2049 2051 2058
f 2050 2049 2059
f 2050 2140 2139
f 2051 2052 2060
f 2052 2053 2061
f 2053 2054 2062
f 2034 2044 2055
f 2034 2055 2054
f 2044 2047 2056
f 2044 2056 2055
f 2047 2057 2056
f 2047 2048 2057
f 2054 2055 2063
f 2055 2056 2075
f 2056 2057 2076
f 2051 2060 2058
f 2049 2058 2059
f 2050 2059 2140
f 2052 2061 2060
f 2053 2062 2061
f 2054 2063 2062
f 2055 2075 2063
f 2056 2076 2075
f 2057 2077 2076
f 2058 2060 2064
f 2059 2058 2065
f 2059 2141 2140
f 2060 2061 2066
f 2061 2062 2067
f 2062 2063 2071
f 2060 2066 2064
f 2058 2064 2065
f 2059 2065 2141
f 2061 2067 2066
f 2064 2066 2068
f 2065 2064 2069
f 2065 2142 2141
f 2065 2069 2142
f 2064 2068 2069
f 2066 2067 2070
f 2066 2070 2068
f 2067 2074 2070
f 2062 2071 2067
f 2063 2072 2071
f 2067 2071 2074
f 2071 2073 2074
f 2071 2072 2073
f 2072 2079 2073
f 2063 2075 2072
f 2075 2076 2078
f 2076 2077 2081
f 2072 2075 2078
f 2076 2081 2078
f 2072 2078 2079
f 2078 2080 2079
f 2078 2081 2080
f 2077 2082 2081
f 2080 2081 2083
f 2081 2082 2083
f 2082 2084 2083
f 2069 2068 2087
f 2142 2069 2143
f 2069 2087 2143
f 2068 2070 2086
f 2070 2074 2085
f 2070 2085 2086
f 2068 2086 2087
f 2086 2088 2087
f 2087 2144 2143
f 2085 2092 2086
f 2086 2092 2088
f 2087 2088 2144
f 2073 2079 2089
f 2079 2100 2089
f 2089 2100 2094
f 2074 2090 2085
f 2074 2073 2090
f 2073 2089 2090
f 2085 2090 2091
f 2085 2091 2092
f 2090 2093 2091
f 2088 2145 2144
f 2088 2092 2095
f 2091 2097 2092
f 2090 2089 2093
f 2089 2094 2093
f 2091 2093 2098
f 2093 2094 2096
f 2088 2095 2145
f 2092 2097 2095
f 2093 2096 2098
f 2091 2098 2097
f 2145 2095 2146
f 2095 2097 2099
f 2097 2098 2111
f 2096 2112 2098
f 2098 2112 2111
f 2097 2111 2099
f 2095 2099 2146
f 2079 2080 2100
f 2080 2101 2100
f 2080 2083 2101
f 2094 2100 2102
f 2100 2101 2102
f 2101 2103 2102
f 2101 2104 2103
f 2094 2102 2108
f 2102 2103 2109
f 2083 2104 2101
f 2083 2084 2104
f 2084 2105 2104
f 2103 2104 2106
f 2104 2105 2106
f 2103 2106 2110
f 2105 2107 2106
f 2106 2107 2121
f 2094 2108 2096
f 2102 2109 2108
f 2096 2108 2113
f 2108 2109 2114
f 2108 2114 2113
f 2096 2113 2112
f 2103 2110 2109
f 2109 2115 2114
f 2109 2110 2115
f 2099 2111 2118
f 2099 2147 2146
f 2111 2112 2117
f 2112 2113 2116
f 2112 2116 2117
f 2099 2118 2147
f 2111 2117 2118
f 2114 2115 2120
f 2113 2114 2119
f 2113 2119 2116
f 2114 2120 2119
f 2118 2148 2147
f 2116 2126 2117
f 2118 2117 2125
f 2116 2119 2129
f 2118 2125 2148
f 2106 2121 2110
f 2107 2122 2121
f 2110 2121 2123
f 2110 2123 2115
f 2121 2131 2123
f 2121 2122 2131
f 2122 2132 2131
f 2115 2123 2124
f 2123 2131 2127
f 2123 2127 2124
f 2115 2124 2120
f 2119 2120 2128
f 2120 2124 2130
f 2116 2129 2126
f 2117 2126 2125
f 2119 2128 2129
f 2120 2130 2128
f 2124 2127 2136
f 2124 2136 2130
f 2125 2149 2148
f 2126 2149 2125
f 2129 2128 2149
f 2126 2129 2149
f 2127 2131 2133
f 2131 2132 2133
f 2132 2134 2133
f 2127 2133 2137
f 2133 2134 2135
f 2127 2137 2136
f 2133 2135 2137
f 2130 2136 2149
f 2128 2130 2149
f 2137 2149 2136
f 2137 2135 2149
f 2135 2134 2138
f 2135 2138 2149
f 2139 2140 2211
f 2139 2211 2155
f 2140 2141 2213
f 2141 2142 2215
f 2142 2143 2217
f 2143 2144 2219
f 2144 2145 2221
f 2145 2146 2223
f 2146 2147 2225
f 2147 2148 2227
f 2148 2149 2229
f 2140 2212 2211
f 2140 2213 2212
f 2141 2214 2213
f 2141 2215 2214
f 2142 2216 2215
f 2142 2217 2216
f 2143 2218 2217
f 2143 2219 2218
f 2144 2220 2219
f 2144 2221 2220
f 2145 2222 2221
f 2145 2223 2222
f 2146 2224 2223
f 2146 2225 2224
f 2147 2226 2225
f 2147 2227 2226
f 2148 2228 2227
f 2148 2229 2228
f 2149 2230 2229
f 2048 2447 2057
f 2057 2449 2077
f 2077 2451 2082
f 2082 2453 2084
f 2084 2455 2105
f 2105 2457 2107
f 2107 2459 2122
f 2122 2461 2132
f 2132 2463 2134
f 2134 2465 2138
f 2138 2467 2149
f 2149 2322 2230
f 2150 2151 2191
f 2151 2152 2191
f 2152 2153 2191
f 2153 2154 2191
f 2154 2155 2191
f 1957 2150 2191
f 1948 2159 2156
f 1930 2156 2157
f 1942 2158 2161
f 1953 2185 2158
f 1941 2161 2159
f 1933 2157 2171
f 1936 2171 2173
f 1938 2173 2174
f 1956 2191 2185
f 2156 2165 2157
f 2157 2165 2166
f 2158 2183 2161
f 2161 2183 2162
f 2162 2183 2184
f 2159 2161 2162
f 2159 2162 2160
f 2162 2184 2164
f 2160 2162 2164
f 2160 2164 2163
f 2163 2164 2195
f 2163 2195 2196
f 2156 2159 2160
f 2156 2160 2165
f 2160 2163 2165
f 2163 2168 2165
f 2165 2168 2166
f 2166 2168 2167
f 2163 2196 2168
f 2168 2196 2169
f 2167 2168 2169
f 2167 2169 2170
f 2169 2201 2170
f 2157 2166 2171
f 2166 2172 2171
f 2171 2172 2173
f 2172 2175 2173
f 2172 2177 2175
f 2173 2175 2174
f 2175 2179 2176
f 2174 2175 2176
f 2166 2167 2172
f 2167 2177 2172
f 2167 2170 2177
f 2175 2177 2179
f 2177 2178 2179
f 2170 2178 2177
f 2170 2202 2178
f 2178 2181 2179
f 2178 2205 2181
f 2179 2181 2180
f 2176 2179 2180
f 2181 2207 2182
f 2180 2181 2182
f 2182 2207 2208
f 2158 2185 2186
f 2158 2186 2183
f 2187 2184 2183
f 2185 2191 2186
f 2186 2191 2187
f 2186 2187 2183
f 2187 2188 2184
f 2188 2189 2184
f 2188 2192 2189
f 2192 2190 2189
f 2187 2191 2188
f 2188 2191 2192
f 2191 2193 2192
f 2192 2193 2190
f 2193 2194 2190
f 2164 2184 2189
f 2164 2189 2195
f 2189 2190 2195
f 2190 2197 2195
f 2195 2197 2196
f 2197 2199 2198
f 2197 2198 2196
f 2190 2194 2197
f 2197 2194 2199
f 2198 2199 2200
f 2169 2196 2198
f 2169 2198 2201
f 2198 2200 2201
f 2170 2201 2202
f 2201 2203 2202
f 2200 2203 2201
f 2202 2203 2204
f 2178 2202 2205
f 2202 2204 2205
f 2181 2205 2207
f 2205 2206 2207
f 2206 2209 2207
f 2204 2206 2205
f 2207 2209 2208
f 2208 2209 2210
f 2174 2176 2471
f 2176 2180 2473
f 2180 2182 2475
f 2182 2208 2477
f 2208 2210 2479
f 2155 2211 2191
f 2211 2212 2231
f 2212 2213 2231
f 2213 2214 2238
f 2214 2215 2238
f 2215 2216 2241
f 2216 2217 2241
f 2217 2218 2276
f 2218 2219 2276
f 2219 2220 2279
f 2220 2221 2279
f 2221 2222 2289
f 2222 2223 2289
f 2223 2224 2292
f 2224 2225 2292
f 2225 2226 2306
f 2226 2227 2306
f 2227 2228 2312
f 2228 2229 2312
f 2229 2230 2315
f 2191 2211 2231
f 2191 2232 2193
f 2193 2233 2194
f 2194 2234 2199
f 2199 2235 2200
f 2200 2236 2203
f 2203 2237 2204
f 2204 2252 2206
f 2206 2254 2209
f 2209 2257 2210
f 2191 2231 2232
f 2193 2232 2233
f 2194 2233 2234
f 2199 2234 2235
f 2200 2235 2236
f 2203 2236 2237
f 2204 2237 2252
f 2206 2252 2254
f 2209 2254 2257
f 2213 2238 2231
f 2215 2241 2238
f 2217 2276 2241
f 2219 2279 2276
f 2221 2289 2279
f 2223 2292 2289
f 2225 2306 2292
f 2227 2312 2306
f 2229 2315 2312
f 2231 2238 2232
f 2232 2239 2233
f 2233 2240 2234
f 2234 2245 2235
f 2235 2244 2236
f 2236 2247 2237
f 2232 2238 2239
f 2233 2239 2240
f 2238 2241 2239
f 2239 2241 2242
f 2239 2242 2240
f 2242 2243 2240
f 2234 2240 2245
f 2240 2243 2245
f 2235 2245 2244
f 2245 2246 2244
f 2245 2243 2246
f 2244 2246 2249
f 2243 2278 2246
f 2246 2281 2249
f 2236 2244 2247
f 2244 2249 2247
f 2247 2249 2250
f 2247 2250 2248
f 2237 2247 2248
f 2248 2250 2258
f 2249 2281 2283
f 2249 2283 2250
f 2250 2251 2258
f 2251 2261 2258
f 2250 2283 2251
f 2251 2285 2261
f 2237 2248 2252
f 2248 2253 2252
f 2252 2253 2254
f 2253 2255 2254
f 2254 2255 2257
f 2255 2256 2257
f 2256 2265 2257
f 2248 2258 2253
f 2253 2258 2259
f 2258 2261 2259
f 2259 2261 2260
f 2253 2259 2255
f 2256 2259 2260
f 2260 2263 2265
f 2260 2261 2262
f 2261 2285 2262
f 2260 2262 2263
f 2263 2295 2264
f 2262 2295 2263
f 2264 2295 2296
f 2255 2259 2256
f 2256 2260 2265
f 2263 2266 2265
f 2257 2265 2266
f 2264 2267 2266
f 2263 2264 2266
f 2267 2272 2268
f 2257 2266 2267
f 2257 2267 2268
f 2257 2268 2269
f 2257 2269 2270
f 2257 2270 2271
f 2268 2273 2269
f 2264 2272 2267
f 2268 2272 2273
f 2264 2296 2272
f 2272 2300 2273
f 2269 2274 2270
f 2269 2273 2274
f 2270 2274 2275
f 2270 2275 2271
f 2241 2276 2242
f 2242 2276 2277
f 2242 2277 2243
f 2243 2277 2278
f 2276 2279 2277
f 2277 2280 2278
f 2277 2279 2280
f 2280 2282 2278
f 2246 2278 2281
f 2281 2278 2282
f 2279 2289 2280
f 2280 2290 2282
f 2281 2282 2286
f 2281 2286 2283
f 2283 2286 2284
f 2251 2283 2284
f 2251 2284 2285
f 2285 2284 2287
f 2282 2291 2286
f 2284 2286 2288
f 2284 2288 2287
f 2286 2291 2288
f 2288 2309 2287
f 2280 2289 2290
f 2282 2290 2291
f 2290 2289 2292
f 2290 2293 2291
f 2290 2292 2293
f 2293 2305 2291
f 2288 2291 2305
f 2288 2305 2309
f 2262 2285 2294
f 2262 2294 2295
f 2285 2287 2294
f 2294 2298 2295
f 2295 2298 2296
f 2296 2298 2299
f 2287 2309 2297
f 2287 2297 2294
f 2294 2297 2298
f 2297 2310 2298
f 2298 2310 2299
f 2272 2296 2300
f 2273 2300 2301
f 2296 2299 2300
f 2273 2301 2274
f 2274 2301 2302
f 2274 2302 2275
f 2299 2303 2300
f 2300 2303 2301
f 2299 2318 2303
f 2301 2304 2302
f 2301 2303 2304
f 2303 2319 2304
f 2292 2306 2293
f 2293 2308 2305
f 2293 2306 2308
f 2308 2307 2305
f 2306 2312 2308
f 2308 2312 2313
f 2308 2313 2307
f 2297 2309 2311
f 2309 2305 2307
f 2309 2307 2311
f 2297 2311 2310
f 2311 2320 2310
f 2311 2307 2314
f 2307 2313 2314
f 2312 2315 2313
f 2313 2316 2314
f 2313 2315 2316
f 2316 2317 2314
f 2310 2320 2318
f 2318 2320 2321
f 2299 2310 2318
f 2318 2321 2319
f 2303 2318 2319
f 2311 2314 2320
f 2320 2314 2317
f 2320 2317 2321
f 2210 2257 2482
f 2230 2323 2315
f 2257 2271 2484
f 2271 2275 2486
f 2275 2302 2488
f 2302 2304 2490
f 2315 2493 2316
f 2316 2496 2317
f 2319 2321 2498
f 2304 2319 2499
f 2321 2317 2501
f 2009 1928 2429
f 2009 2429 2430
f 2012 2430 2431
f 2012 2431 2432
f 2014 2432 2433
f 2014 2433 2434
f 2015 2434 2435
f 2015 2435 2436
f 2036 2436 2437
f 2036 2437 2438
f 2040 2438 2439
f 2040 2439 2440
f 2042 2440 2441
f 2042 2441 2442
f 2046 2442 2443
f 2046 2443 2444
f 2048 2444 2445
f 1928 2446 2429
f 2048 2445 2447
f 2057 2447 2448
f 2057 2448 2449
f 2077 2449 2450
f 2077 2450 2451
f 2082 2451 2452
f 2082 2452 2453
f 2084 2453 2454
f 2084 2454 2455
f 2105 2455 2456
f 2105 2456 2457
f 2107 2457 2458
f 2107 2458 2459
f 2122 2459 2460
f 2122 2460 2461
f 2132 2461 2462
f 2132 2462 2463
f 2134 2463 2464
f 2134 2464 2465
f 2138 2465 2466
f 2138 2466 2467
f 2149 2467 2468
f 2149 2468 2322
f 2322 2468 2481
f 1958 2174 2470
f 2174 2471 2470
f 2176 2472 2471
f 2176 2473 2472
f 2180 2474 2473
f 2180 2475 2474
f 2182 2476 2475
f 2182 2477 2476
f 2208 2478 2477
f 2208 2479 2478
f 2210 2480 2479
f 2210 2482 2480
f 2230 2322 2481
f 2230 2481 2323
f 2257 2483 2482
f 2315 2323 2492
f 2257 2484 2483
f 2271 2485 2484
f 2271 2486 2485
f 2275 2487 2486
f 2275 2488 2487
f 2302 2489 2488
f 2302 2490 2489
f 2304 2491 2490
f 2304 2499 2491
f 2315 2492 2493
f 2316 2493 2494
f 2317 2496 2495
f 2316 2494 2496
f 2319 2497 2499
f 2319 2498 2497
f 2321 2501 2500
f 2321 2500 2498
f 2317 2495 2501
f 2323 2481 2492
f 1202 2324 1203
f 1203 2324 2330
f 2324 2325 2326
f 2324 2326 2330
f 2325 2503 2326
f 1927 1311 2327
f 1927 2327 2328
f 2328 2327 2358
f 1928 2328 2359
f 1928 2359 2446
f 2328 2358 2359
f 2327 1311 2329
f 1311 2342 2329
f 2327 2329 2358
f 2329 2342 2358
f 1203 2330 1331
f 1331 2330 1332
f 1332 2331 1333
f 1333 2332 1334
f 1334 2332 1335
f 1335 2333 1336
f 1336 2333 1337
f 1337 2334 1338
f 1338 2335 1339
f 1339 2335 1340
f 1340 2336 1341
f 1341 2336 1342
f 1342 2337 1343
f 1343 2337 1347
f 1344 1348 2338
f 1344 2338 1345
f 1345 2339 1346
f 1346 2356 1373
f 1347 2340 1348
f 1311 1350 2342
f 1349 1367 2341
f 1350 1351 2342
f 1351 1352 2343
f 1352 1353 2343
f 1356 1357 2344
f 1353 1354 2345
f 1354 1355 2346
f 1355 1356 2346
f 1357 1358 2344
f 1358 1359 2347
f 1359 1360 2348
f 1360 1361 2348
f 1361 1362 2349
f 1349 2341 1362
f 1364 2350 1371
f 1363 1374 2351
f 1363 2350 1364
f 1365 1370 2352
f 1366 1369 2353
f 1367 1368 2354
f 1366 2354 1368
f 1365 2353 1369
f 1370 1372 2355
f 1371 2355 1372
f 1373 2356 1376
f 1375 1376 2357
f 1374 1375 2357
f 1332 2330 2331
f 1333 2331 2332
f 1335 2332 2333
f 1337 2333 2334
f 1338 2334 2335
f 1340 2335 2336
f 1342 2336 2337
f 1345 2338 2339
f 1346 2339 2356
f 1347 2337 2340
f 1348 2340 2338
f 1351 2343 2342
f 1353 2345 2343
f 1354 2346 2345
f 1356 2344 2346
f 1358 2347 2344
f 1359 2348 2347
f 1361 2349 2348
f 1362 2341 2349
f 1363 2351 2350
f 1365 2352 2353
f 1366 2353 2354
f 1367 2354 2341
f 1370 2355 2352
f 1371 2350 2355
f 1374 2357 2351
f 1376 2356 2357
f 2358 2374 2359
f 2359 2374 2518
f 2330 2361 2331
f 2331 2362 2332
f 2332 2363 2333
f 2333 2365 2334
f 2334 2366 2335
f 2335 2367 2336
f 2336 2369 2337
f 2337 2370 2340
f 2338 2372 2339
f 2339 2394 2356
f 2338 2340 2373
f 2326 2360 2330
f 2330 2360 2361
f 2331 2361 2362
f 2332 2362 2363
f 2333 2363 2364
f 2333 2364 2365
f 2334 2365 2366
f 2335 2366 2367
f 2336 2367 2368
f 2336 2368 2369
f 2337 2369 2370
f 2338 2373 2371
f 2338 2371 2372
f 2339 2372 2394
f 2340 2370 2373
f 2358 2342 2376
f 2358 2376 2374
f 2342 2343 2377
f 2343 2345 2378
f 2345 2346 2379
f 2344 2381 2346
f 2344 2347 2382
f 2347 2348 2383
f 2348 2349 2385
f 2341 2375 2349
f 2350 2351 2386
f 2353 2387 2354
f 2341 2354 2388
f 2352 2390 2353
f 2352 2355 2391
f 2350 2392 2355
f 2351 2357 2395
f 2356 2397 2357
f 2341 2388 2375
f 2342 2377 2376
f 2343 2378 2377
f 2344 2382 2381
f 2345 2379 2378
f 2346 2380 2379
f 2346 2381 2380
f 2347 2383 2382
f 2348 2384 2383
f 2348 2385 2384
f 2349 2375 2385
f 2350 2386 2392
f 2351 2395 2386
f 2352 2391 2390
f 2353 2390 2387
f 2354 2389 2388
f 2354 2387 2389
f 2355 2393 2391
f 2355 2392 2393
f 2356 2394 2397
f 2357 2397 2396
f 2357 2396 2395
f 2326 2503 2360
f 2360 2503 2361
f 2361 2503 2362
f 2362 2504 2363
f 2363 2504 2364
f 2364 2504 2365
f 2365 2504 2366
f 2366 2508 2367
f 2367 2508 2368
f 2368 2508 2369
f 2369 2508 2370
f 2371 2373 2509
f 2371 2509 2372
f 2372 2509 2394
f 2370 2509 2373
f 2376 2518 2374
f 2375 2388 2531
f 2376 2377 2518
f 2377 2378 2518
f 2378 2379 2519
f 2379 2380 2519
f 2380 2381 2519
f 2381 2382 2519
f 2382 2383 2526
f 2383 2384 2526
f 2384 2385 2526
f 2375 2526 2385
f 2386 2395 2536
f 2390 2391 2532
f 2387 2390 2531
f 2388 2389 2531
f 2387 2531 2389
f 2391 2393 2532
f 2386 2532 2392
f 2392 2532 2393
f 2394 2536 2397
f 2396 2397 2536
f 2395 2396 2536
f 1826 2398 2399
f 2398 2470 2399
f 1828 1829 2503
f 1829 1830 2505
f 1830 1831 2507
f 1831 1832 2514
f 1832 1833 2517
f 1828 2503 2325
f 1833 1852 2400
f 1829 2505 2503
f 1830 2507 2505
f 1831 2514 2507
f 1832 2517 2514
f 1833 2548 2517
f 1833 2400 2548
f 1834 2399 2401
f 1845 2417 1846
f 1846 2420 1847
f 1847 2419 1849
f 1848 2425 1850
f 1850 2422 1851
f 1849 2424 1848
f 1852 1851 2427
f 1834 2401 2402
f 1835 2402 2403
f 1836 2403 2404
f 1836 2404 2405
f 1837 2405 2406
f 1838 2406 2407
f 1838 2407 2408
f 1839 2408 2409
f 1840 2409 2411
f 1840 2411 2410
f 1843 2410 2412
f 1841 2412 2413
f 1841 2413 2414
f 1842 2414 2415
f 1844 2415 2421
f 1844 2421 2416
f 1845 2416 2417
f 1846 2417 2418
f 1846 2418 2420
f 1847 2420 2419
f 1849 2419 2423
f 1849 2423 2424
f 1848 2424 2425
f 1850 2425 2426
f 1850 2426 2422
f 1851 2422 2427
f 1852 2427 2428
f 2399 2699 2401
f 1852 2694 2400
f 1852 2428 2694
f 2401 2699 2402
f 2402 2699 2403
f 2403 2700 2404
f 2404 2700 2405
f 2405 2703 2406
f 2406 2703 2407
f 2407 2703 2408
f 2408 2703 2409
f 2409 2711 2411
f 2411 2711 2410
f 2410 2712 2412
f 2412 2712 2413
f 2414 2413 2712
f 2414 2720 2415
f 2416 2723 2417
f 2417 2723 2418
f 2420 2418 2723
f 2415 2720 2421
f 2421 2720 2416
f 2420 2719 2419
f 2419 2719 2423
f 2424 2423 2719
f 2422 2738 2427
f 2424 2738 2425
f 2426 2425 2738
f 2426 2738 2422
f 2427 2744 2428
f 2429 2518 2430
f 2430 2520 2431
f 2431 2520 2432
f 2432 2523 2433
f 2433 2523 2434
f 2434 2524 2435
f 2435 2524 2436
f 2436 2560 2437
f 2437 2560 2438
f 2438 2562 2439
f 2439 2562 2440
f 2440 2564 2441
f 2441 2564 2442
f 2442 2568 2443
f 2443 2568 2444
f 2444 2570 2445
f 2429 2446 2518
f 2468 2469 2481
f 2445 2570 2447
f 2447 2593 2448
f 2448 2593 2449
f 2449 2602 2450
f 2450 2602 2451
f 2451 2605 2452
f 2452 2605 2453
f 2453 2607 2454
f 2454 2607 2455
f 2455 2644 2456
f 2456 2644 2457
f 2457 2646 2458
f 2458 2646 2459
f 2459 2650 2460
f 2460 2650 2461
f 2461 2652 2462
f 2462 2652 2463
f 2463 2653 2464
f 2464 2653 2465
f 2465 2654 2466
f 2466 2654 2467
f 2467 2687 2468
f 2468 2687 2469
f 2399 2470 2699
f 2470 2471 2699
f 2471 2472 2701
f 2472 2473 2701
f 2473 2474 2705
f 2474 2475 2705
f 2475 2476 2707
f 2476 2477 2707
f 2477 2478 2726
f 2478 2479 2726
f 2479 2480 2728
f 2480 2482 2728
f 2481 2502 2492
f 2481 2469 2760
f 2481 2760 2502
f 2482 2483 2774
f 2483 2484 2774
f 2484 2485 2780
f 2485 2486 2780
f 2486 2487 2787
f 2487 2488 2787
f 2488 2489 2819
f 2489 2490 2819
f 2490 2491 2822
f 2491 2499 2822
f 2492 2830 2493
f 2493 2831 2494
f 2495 2496 2832
f 2494 2831 2496
f 2499 2497 2836
f 2498 2836 2497
f 2500 2501 2838
f 2498 2500 2838
f 2501 2495 2832
f 2492 2502 2830
f 2446 2359 2518
f 2430 2518 2520
f 2432 2520 2523
f 2434 2523 2524
f 2436 2524 2560
f 2438 2560 2562
f 2440 2562 2564
f 2442 2564 2568
f 2444 2568 2570
f 2362 2503 2504
f 2366 2504 2508
f 2370 2508 2509
f 2394 2509 2536
f 2503 2505 2504
f 2505 2506 2504
f 2504 2506 2508
f 2505 2507 2506
f 2506 2507 2511
f 2506 2510 2508
f 2508 2510 2509
f 2506 2511 2510
f 2510 2511 2513
f 2509 2512 2536
f 2510 2512 2509
f 2510 2513 2512
f 2512 2513 2538
f 2513 2516 2538
f 2507 2514 2511
f 2514 2515 2511
f 2511 2515 2513
f 2514 2517 2515
f 2515 2516 2513
f 2515 2545 2516
f 2515 2517 2545
f 2378 2519 2518
f 2382 2526 2519
f 2375 2531 2526
f 2386 2536 2532
f 2390 2532 2531
f 2518 2521 2520
f 2520 2522 2523
f 2518 2519 2521
f 2520 2521 2522
f 2523 2525 2524
f 2524 2561 2560
f 2522 2525 2523
f 2524 2525 2561
f 2519 2526 2527
f 2519 2527 2521
f 2521 2528 2522
f 2521 2527 2528
f 2522 2528 2529
f 2526 2533 2527
f 2527 2541 2528
f 2526 2531 2533
f 2527 2533 2541
f 2528 2542 2529
f 2528 2541 2542
f 2522 2529 2525
f 2525 2529 2530
f 2525 2530 2561
f 2529 2542 2550
f 2529 2550 2530
f 2530 2550 2574
f 2532 2536 2537
f 2532 2537 2534
f 2534 2537 2539
f 2531 2532 2534
f 2531 2534 2533
f 2533 2534 2535
f 2533 2535 2541
f 2534 2539 2535
f 2535 2539 2540
f 2535 2540 2543
f 2512 2537 2536
f 2512 2538 2537
f 2537 2538 2539
f 2539 2538 2544
f 2539 2544 2540
f 2535 2543 2541
f 2541 2543 2542
f 2542 2543 2551
f 2516 2544 2538
f 2516 2546 2544
f 2516 2545 2546
f 2517 2548 2545
f 2545 2549 2546
f 2544 2547 2540
f 2540 2547 2553
f 2544 2546 2547
f 2546 2555 2547
f 2546 2549 2555
f 2545 2548 2549
f 2548 2557 2549
f 2540 2553 2543
f 2543 2553 2551
f 2551 2553 2556
f 2542 2551 2550
f 2550 2551 2552
f 2550 2552 2574
f 2551 2556 2552
f 2547 2554 2553
f 2553 2554 2556
f 2547 2555 2554
f 2554 2555 2559
f 2554 2577 2556
f 2554 2559 2577
f 2549 2558 2555
f 2549 2557 2558
f 2555 2558 2559
f 2557 2579 2558
f 2560 2563 2562
f 2560 2561 2563
f 2562 2565 2564
f 2562 2563 2565
f 2530 2566 2561
f 2561 2566 2563
f 2530 2574 2566
f 2566 2574 2575
f 2563 2567 2565
f 2563 2566 2567
f 2566 2575 2567
f 2567 2575 2583
f 2564 2569 2568
f 2564 2565 2569
f 2568 2571 2570
f 2568 2569 2571
f 2565 2572 2569
f 2565 2567 2572
f 2567 2583 2572
f 2569 2572 2573
f 2569 2573 2571
f 2572 2585 2573
f 2572 2583 2585
f 2552 2576 2574
f 2574 2576 2575
f 2552 2556 2578
f 2552 2578 2576
f 2575 2576 2584
f 2576 2578 2587
f 2576 2587 2584
f 2556 2577 2578
f 2578 2577 2580
f 2578 2580 2587
f 2559 2581 2577
f 2558 2582 2559
f 2559 2582 2581
f 2558 2579 2582
f 2577 2581 2580
f 2581 2582 2592
f 2579 2589 2582
f 2575 2584 2583
f 2583 2584 2586
f 2584 2587 2588
f 2583 2586 2585
f 2584 2588 2586
f 2580 2590 2587
f 2580 2581 2591
f 2580 2591 2590
f 2581 2592 2591
f 2582 2589 2592
f 2587 2590 2588
f 2590 2591 2600
f 2591 2592 2601
f 2589 2683 2592
f 2400 2694 2548
f 2548 2694 2557
f 2557 2695 2579
f 2579 2696 2589
f 2589 2697 2683
f 2557 2694 2695
f 2579 2695 2696
f 2589 2696 2697
f 2683 2697 2698
f 2447 2570 2593
f 2449 2593 2602
f 2451 2602 2605
f 2453 2605 2607
f 2455 2607 2644
f 2457 2644 2646
f 2459 2646 2650
f 2461 2650 2652
f 2463 2652 2653
f 2465 2653 2654
f 2467 2654 2687
f 2469 2687 2760
f 2570 2594 2593
f 2570 2571 2594
f 2571 2573 2595
f 2571 2595 2594
f 2573 2585 2596
f 2573 2596 2595
f 2593 2594 2602
f 2594 2595 2603
f 2595 2596 2604
f 2585 2586 2597
f 2585 2597 2596
f 2586 2588 2598
f 2586 2598 2597
f 2590 2599 2588
f 2588 2599 2598
f 2590 2600 2599
f 2591 2601 2600
f 2592 2683 2601
f 2596 2597 2611
f 2597 2598 2612
f 2598 2599 2613
f 2599 2600 2614
f 2600 2601 2615
f 2601 2683 2617
f 2594 2603 2602
f 2595 2604 2603
f 2596 2611 2604
f 2597 2612 2611
f 2598 2613 2612
f 2599 2614 2613
f 2600 2615 2614
f 2601 2617 2615
f 2683 2684 2617
f 2602 2603 2606
f 2603 2604 2609
f 2604 2611 2620
f 2602 2606 2605
f 2605 2608 2607
f 2605 2606 2608
f 2603 2609 2606
f 2606 2609 2610
f 2604 2620 2609
f 2609 2620 2622
f 2606 2610 2608
f 2609 2622 2610
f 2610 2622 2662
f 2611 2612 2621
f 2612 2613 2624
f 2613 2614 2625
f 2614 2615 2616
f 2614 2616 2625
f 2615 2617 2618
f 2615 2618 2616
f 2616 2618 2619
f 2617 2684 2618
f 2618 2684 2619
f 2619 2684 2628
f 2611 2621 2620
f 2620 2621 2623
f 2612 2624 2621
f 2621 2624 2635
f 2621 2635 2623
f 2620 2623 2622
f 2622 2623 2663
f 2622 2663 2662
f 2623 2635 2637
f 2623 2637 2663
f 2637 2669 2663
f 2613 2625 2624
f 2624 2625 2626
f 2624 2626 2635
f 2626 2636 2635
f 2616 2627 2625
f 2625 2627 2626
f 2626 2627 2631
f 2626 2631 2636
f 2616 2619 2627
f 2619 2628 2627
f 2627 2628 2631
f 2628 2629 2631
f 2684 2629 2628
f 2684 2630 2629
f 2684 2632 2630
f 2684 2685 2634
f 2684 2634 2633
f 2684 2633 2632
f 2631 2639 2636
f 2629 2639 2631
f 2630 2640 2639
f 2629 2630 2639
f 2630 2632 2640
f 2632 2633 2641
f 2633 2634 2642
f 2635 2636 2637
f 2637 2638 2669
f 2636 2638 2637
f 2638 2671 2669
f 2636 2639 2638
f 2638 2639 2640
f 2632 2641 2640
f 2634 2685 2643
f 2633 2642 2641
f 2634 2643 2642
f 2685 2686 2643
f 2638 2640 2671
f 2640 2641 2671
f 2641 2672 2671
f 2641 2642 2672
f 2607 2645 2644
f 2607 2608 2645
f 2644 2647 2646
f 2644 2645 2647
f 2646 2647 2651
f 2608 2648 2645
f 2608 2610 2648
f 2645 2648 2649
f 2610 2662 2648
f 2648 2662 2664
f 2645 2649 2647
f 2647 2649 2658
f 2648 2664 2649
f 2649 2664 2666
f 2649 2666 2658
f 2646 2651 2650
f 2650 2655 2652
f 2650 2651 2655
f 2652 2656 2653
f 2653 2657 2654
f 2654 2688 2687
f 2652 2655 2656
f 2653 2656 2657
f 2654 2657 2688
f 2647 2658 2651
f 2651 2658 2659
f 2651 2659 2655
f 2658 2678 2659
f 2658 2666 2678
f 2659 2679 2660
f 2659 2678 2679
f 2655 2660 2656
f 2655 2659 2660
f 2656 2660 2661
f 2656 2661 2657
f 2657 2689 2688
f 2657 2661 2689
f 2660 2682 2661
f 2661 2693 2689
f 2660 2679 2682
f 2661 2682 2693
f 2662 2663 2665
f 2662 2665 2664
f 2663 2669 2665
f 2665 2669 2670
f 2665 2670 2667
f 2665 2667 2664
f 2664 2667 2666
f 2666 2667 2668
f 2667 2670 2675
f 2667 2675 2668
f 2668 2675 2676
f 2668 2676 2680
f 2676 2677 2680
f 2677 2691 2681
f 2669 2671 2670
f 2670 2671 2672
f 2670 2672 2675
f 2672 2673 2675
f 2673 2674 2676
f 2642 2673 2672
f 2642 2643 2673
f 2643 2686 2674
f 2643 2674 2673
f 2686 2690 2674
f 2673 2676 2675
f 2674 2677 2676
f 2690 2691 2677
f 2674 2690 2677
f 2666 2668 2678
f 2668 2680 2678
f 2678 2680 2679
f 2679 2680 2681
f 2679 2681 2682
f 2681 2692 2682
f 2692 2693 2682
f 2677 2681 2680
f 2691 2692 2681
f 2683 2754 2684
f 2683 2698 2754
f 2684 2754 2755
f 2684 2756 2685
f 2685 2758 2686
f 2687 2688 2761
f 2688 2689 2763
f 2689 2693 2765
f 2686 2767 2690
f 2690 2768 2691
f 2692 2770 2693
f 2691 2771 2692
f 2684 2755 2756
f 2685 2756 2757
f 2685 2757 2758
f 2686 2759 2767
f 2686 2758 2759
f 2687 2761 2760
f 2688 2762 2761
f 2688 2763 2762
f 2689 2764 2763
f 2693 2773 2765
f 2689 2765 2764
f 2690 2766 2768
f 2690 2767 2766
f 2691 2768 2769
f 2691 2769 2771
f 2692 2771 2772
f 2692 2772 2770
f 2693 2770 2773
f 2471 2701 2699
f 2473 2705 2701
f 2475 2707 2705
f 2477 2726 2707
f 2479 2728 2726
f 2694 2744 2695
f 2695 2744 2696
f 2696 2744 2697
f 2697 2744 2698
f 2698 2744 2754
f 2428 2744 2694
f 2403 2699 2700
f 2405 2700 2703
f 2409 2703 2711
f 2410 2711 2712
f 2414 2712 2720
f 2420 2723 2719
f 2424 2719 2738
f 2416 2720 2723
f 2427 2738 2744
f 2699 2701 2700
f 2701 2705 2702
f 2700 2701 2702
f 2700 2702 2703
f 2702 2704 2703
f 2702 2706 2704
f 2703 2704 2711
f 2704 2713 2711
f 2705 2707 2706
f 2702 2705 2706
f 2707 2726 2708
f 2706 2707 2708
f 2704 2706 2709
f 2706 2708 2709
f 2704 2709 2713
f 2709 2714 2713
f 2709 2710 2714
f 2708 2710 2709
f 2708 2727 2710
f 2710 2716 2714
f 2710 2730 2716
f 2711 2713 2712
f 2712 2713 2715
f 2713 2714 2715
f 2714 2717 2715
f 2712 2715 2720
f 2715 2721 2720
f 2715 2717 2721
f 2714 2716 2717
f 2716 2718 2717
f 2716 2732 2718
f 2717 2722 2721
f 2717 2718 2722
f 2718 2748 2722
f 2723 2724 2719
f 2724 2736 2719
f 2720 2721 2723
f 2721 2722 2724
f 2721 2724 2723
f 2722 2748 2725
f 2722 2725 2724
f 2724 2725 2736
f 2726 2728 2727
f 2708 2726 2727
f 2727 2728 2729
f 2710 2727 2730
f 2727 2729 2730
f 2716 2730 2732
f 2730 2731 2732
f 2729 2731 2730
f 2731 2734 2732
f 2718 2732 2733
f 2732 2734 2733
f 2733 2750 2748
f 2718 2733 2748
f 2733 2735 2750
f 2733 2734 2735
f 2735 2752 2750
f 2725 2737 2736
f 2738 2736 2739
f 2719 2736 2738
f 2739 2736 2737
f 2738 2739 2744
f 2739 2740 2744
f 2740 2737 2742
f 2739 2737 2740
f 2741 2742 2743
f 2740 2742 2741
f 2740 2741 2744
f 2741 2745 2744
f 2744 2745 2746
f 2745 2743 2747
f 2741 2743 2745
f 2745 2747 2746
f 2749 2748 2750
f 2725 2748 2749
f 2751 2750 2752
f 2749 2750 2751
f 2725 2749 2737
f 2749 2742 2737
f 2749 2751 2742
f 2751 2743 2742
f 2751 2752 2753
f 2751 2753 2743
f 2743 2753 2747
f 2482 2774 2728
f 2484 2780 2774
f 2486 2787 2780
f 2488 2819 2787
f 2490 2822 2819
f 2493 2830 2831
f 2496 2831 2832
f 2498 2838 2836
f 2499 2836 2822
f 2501 2832 2838
f 2502 2760 2830
f 2754 2800 2755
f 2755 2800 2756
f 2756 2810 2757
f 2757 2810 2758
f 2759 2813 2767
f 2758 2813 2759
f 2760 2761 2830
f 2761 2762 2833
f 2762 2763 2833
f 2763 2764 2841
f 2765 2773 2863
f 2764 2765 2841
f 2766 2854 2768
f 2766 2767 2854
f 2768 2857 2769
f 2769 2857 2771
f 2771 2861 2772
f 2770 2772 2861
f 2770 2863 2773
f 2744 2800 2754
f 2728 2775 2729
f 2729 2778 2731
f 2731 2798 2734
f 2734 2799 2735
f 2735 2803 2752
f 2744 2746 2800
f 2746 2747 2801
f 2753 2752 2804
f 2753 2802 2747
f 2728 2774 2775
f 2729 2775 2778
f 2731 2778 2798
f 2734 2798 2799
f 2735 2799 2803
f 2746 2801 2800
f 2747 2802 2801
f 2752 2803 2804
f 2753 2804 2802
f 2756 2800 2810
f 2758 2810 2813
f 2761 2833 2830
f 2763 2841 2833
f 2765 2863 2841
f 2767 2813 2854
f 2768 2854 2857
f 2770 2861 2863
f 2771 2857 2861
f 2774 2776 2775
f 2774 2777 2776
f 2774 2784 2777
f 2775 2776 2778
f 2776 2777 2779
f 2776 2779 2778
f 2778 2779 2798
f 2779 2805 2798
f 2774 2780 2781
f 2774 2785 2786
f 2774 2782 2785
f 2774 2781 2783
f 2774 2783 2782
f 2781 2790 2783
f 2774 2786 2784
f 2777 2784 2791
f 2784 2786 2792
f 2782 2783 2789
f 2782 2795 2785
f 2785 2794 2786
f 2785 2795 2794
f 2780 2787 2788
f 2780 2788 2781
f 2781 2788 2790
f 2783 2790 2789
f 2782 2789 2795
f 2789 2790 2824
f 2777 2791 2779
f 2784 2792 2791
f 2786 2794 2792
f 2792 2794 2796
f 2779 2791 2805
f 2791 2793 2805
f 2791 2792 2793
f 2792 2796 2793
f 2794 2795 2797
f 2789 2825 2795
f 2789 2824 2825
f 2795 2825 2797
f 2794 2797 2796
f 2797 2825 2849
f 2796 2797 2808
f 2797 2849 2808
f 2798 2805 2799
f 2799 2806 2803
f 2800 2801 2812
f 2801 2802 2811
f 2804 2803 2816
f 2804 2817 2802
f 2793 2806 2805
f 2799 2805 2806
f 2793 2796 2807
f 2793 2807 2806
f 2803 2806 2816
f 2806 2807 2816
f 2807 2809 2816
f 2796 2808 2807
f 2808 2849 2850
f 2809 2850 2818
f 2807 2808 2809
f 2808 2850 2809
f 2800 2812 2810
f 2801 2811 2812
f 2812 2811 2815
f 2812 2815 2814
f 2810 2812 2814
f 2810 2814 2813
f 2804 2816 2817
f 2809 2817 2816
f 2817 2818 2811
f 2802 2817 2811
f 2809 2818 2817
f 2818 2850 2859
f 2818 2859 2815
f 2811 2818 2815
f 2787 2820 2788
f 2787 2819 2820
f 2788 2821 2790
f 2788 2820 2821
f 2790 2821 2824
f 2820 2827 2821
f 2819 2823 2820
f 2819 2822 2823
f 2822 2837 2823
f 2820 2823 2827
f 2823 2844 2827
f 2824 2826 2825
f 2821 2828 2824
f 2824 2828 2826
f 2825 2826 2849
f 2821 2827 2828
f 2827 2829 2828
f 2827 2844 2829
f 2829 2852 2851
f 2826 2828 2851
f 2828 2829 2851
f 2830 2833 2831
f 2831 2834 2832
f 2831 2833 2834
f 2834 2835 2832
f 2836 2838 2839
f 2822 2836 2837
f 2836 2839 2837
f 2837 2839 2845
f 2823 2837 2844
f 2838 2832 2835
f 2838 2835 2839
f 2839 2835 2842
f 2835 2843 2842
f 2834 2841 2843
f 2833 2841 2834
f 2834 2843 2835
f 2841 2863 2843
f 2843 2864 2842
f 2843 2863 2864
f 2840 2842 2864
f 2837 2845 2844
f 2845 2846 2844
f 2829 2844 2846
f 2829 2846 2852
f 2845 2840 2846
f 2845 2842 2840
f 2839 2842 2845
f 2857 2858 2862
f 2847 2860 2858
f 2849 2848 2850
f 2826 2848 2849
f 2826 2851 2848
f 2848 2859 2850
f 2848 2853 2859
f 2848 2851 2853
f 2852 2853 2851
f 2852 2847 2853
f 2853 2847 2856
f 2852 2860 2847
f 2814 2856 2855
f 2847 2855 2856
f 2814 2855 2813
f 2813 2855 2854
f 2814 2815 2856
f 2854 2858 2857
f 2847 2858 2855
f 2854 2855 2858
f 2815 2859 2856
f 2853 2856 2859
f 2840 2862 2860
f 2840 2864 2862
f 2862 2864 2861
f 2861 2864 2863
f 2858 2860 2862
f 2857 2862 2861
f 2846 2860 2852
f 2846 2840 2860
f 47 1016 46
f 39 1016 47
f 39 40 1016
f 40 42 1016
f 26 25 1016
f 24 1016 25
f 24 46 1016
f 56 54 1163
f 55 56 1163
f 55 1163 57
f 54 26 1153
f 65 57 1163
f 65 1163 66
f 66 1163 68
f 67 68 1163
f 67 1163 70
f 70 1163 71
f 72 71 1163
f 72 1163 73
f 73 1163 74
f 42 158 1016
f 158 314 1016
f 314 316 1016
f 316 317 1016
f 317 325 1016
f 325 328 1016
f 328 329 1016
f 329 330 1016
f 327 1016 330
f 327 340 1016
f 340 341 1016
f 341 342 1016
f 346 1016 342
f 346 347 1016
f 347 348 1016
f 348 361 1016
f 361 374 1016
f 374 375 1016
f 376 1016 375
f 376 377 1016
f 377 378 1016
f 378 379 1016
f 379 381 1016
f 381 382 1016
f 383 1016 382
f 383 384 1016
f 384 385 1016
f 609 74 1158
f 610 609 824
f 610 824 618
f 618 824 632
f 632 824 633
f 637 633 824
f 637 824 657
f 657 824 658
f 660 658 824
f 660 824 664
f 664 824 667
f 667 824 723
f 723 824 724
f 724 824 730
f 730 824 733
f 733 824 734
f 734 824 737
f 737 824 738
f 738 824 749
f 750 749 824
f 750 824 752
f 752 824 754
f 754 824 755
f 755 824 758
f 758 824 760
f 761 760 824
f 761 824 763
f 609 1006 824
f 1016 1017 26
f 1017 1044 26
f 1044 1060 26
f 1060 1061 26
f 1061 1063 26
f 1063 1081 26
f 1081 1083 26
f 1089 26 1083
f 1088 26 1089
f 1088 1131 26
f 1131 1134 26
f 1134 1146 26
f 1146 1148 26
f 1150 26 1148
f 1150 1151 26
f 1151 1154 26
f 1153 26 1154
f 54 1153 1168
f 54 1167 1163
f 54 1168 1167
f 74 1159 1158
f 74 1161 1159
f 74 1165 1161
f 74 1164 1165
f 74 1163 1164
f 609 1158 1006